<?xml version="1.0" encoding="UTF-8"?>
<gpx xmlns:gpxdata="http://www.cluetrust.com/XML/GPXDATA/1/0" xmlns:xsi="http://www.w3.org/2001/XMLSchema-instance" xmlns="http://www.topografix.com/GPX/1/1" version="1.1" creator="http://ridewithgps.com/" xsi:schemaLocation="http://www.topografix.com/GPX/1/1 http://www.topografix.com/GPX/1/1/gpx.xsd http://www.cluetrust.com/XML/GPXDATA/1/0 http://www.cluetrust.com/Schemas/gpxdata10.xsd">
  <metadata>
    <name>2026 Five-0 100k (60 mile) Route</name>
    <link href="https://ridewithgps.com/routes/55388909">
      <text>2026 Five-0 100k (60 mile) Route</text>
    </link>
    <time>2026-05-29T18:53:21Z</time>
  </metadata>
  <trk>
    <name>2026 Five-0 100k (60 mile) Route</name>
    <trkseg>
      <trkpt lat="35.71804" lon="-78.50308">
        <ele>60.0</ele>
      </trkpt>
      <trkpt lat="35.71802" lon="-78.50311">
        <ele>59.8</ele>
      </trkpt>
      <trkpt lat="35.71801" lon="-78.50311">
        <ele>59.7</ele>
      </trkpt>
      <trkpt lat="35.71797" lon="-78.50314">
        <ele>59.3</ele>
      </trkpt>
      <trkpt lat="35.71795" lon="-78.50315">
        <ele>59.0</ele>
      </trkpt>
      <trkpt lat="35.71791" lon="-78.50317">
        <ele>58.3</ele>
      </trkpt>
      <trkpt lat="35.71786" lon="-78.50319">
        <ele>57.4</ele>
      </trkpt>
      <trkpt lat="35.71785" lon="-78.50319">
        <ele>57.3</ele>
      </trkpt>
      <trkpt lat="35.71782" lon="-78.50321">
        <ele>56.8</ele>
      </trkpt>
      <trkpt lat="35.71778" lon="-78.50321">
        <ele>56.4</ele>
      </trkpt>
      <trkpt lat="35.71774" lon="-78.50322">
        <ele>56.4</ele>
      </trkpt>
      <trkpt lat="35.71769" lon="-78.50321">
        <ele>56.6</ele>
      </trkpt>
      <trkpt lat="35.71768" lon="-78.50321">
        <ele>56.6</ele>
      </trkpt>
      <trkpt lat="35.71751" lon="-78.50317">
        <ele>58.6</ele>
      </trkpt>
      <trkpt lat="35.71727" lon="-78.50311">
        <ele>61.0</ele>
      </trkpt>
      <trkpt lat="35.71697" lon="-78.50303">
        <ele>64.0</ele>
      </trkpt>
      <trkpt lat="35.71693" lon="-78.50302">
        <ele>64.2</ele>
      </trkpt>
      <trkpt lat="35.71667" lon="-78.50296">
        <ele>66.2</ele>
      </trkpt>
      <trkpt lat="35.71657" lon="-78.50295">
        <ele>66.7</ele>
      </trkpt>
      <trkpt lat="35.71651" lon="-78.50295">
        <ele>67.1</ele>
      </trkpt>
      <trkpt lat="35.71645" lon="-78.50296">
        <ele>67.5</ele>
      </trkpt>
      <trkpt lat="35.71642" lon="-78.50296">
        <ele>67.7</ele>
      </trkpt>
      <trkpt lat="35.71635" lon="-78.50298">
        <ele>68.0</ele>
      </trkpt>
      <trkpt lat="35.71626" lon="-78.50301">
        <ele>68.4</ele>
      </trkpt>
      <trkpt lat="35.71622" lon="-78.50303">
        <ele>68.5</ele>
      </trkpt>
      <trkpt lat="35.71618" lon="-78.50304">
        <ele>68.8</ele>
      </trkpt>
      <trkpt lat="35.71616" lon="-78.50305">
        <ele>68.9</ele>
      </trkpt>
      <trkpt lat="35.7161" lon="-78.50307">
        <ele>69.4</ele>
      </trkpt>
      <trkpt lat="35.71609" lon="-78.50307">
        <ele>69.6</ele>
      </trkpt>
      <trkpt lat="35.71589" lon="-78.50315">
        <ele>71.0</ele>
      </trkpt>
      <trkpt lat="35.71584" lon="-78.50316">
        <ele>71.2</ele>
      </trkpt>
      <trkpt lat="35.71579" lon="-78.50317">
        <ele>71.1</ele>
      </trkpt>
      <trkpt lat="35.71577" lon="-78.50318">
        <ele>71.0</ele>
      </trkpt>
      <trkpt lat="35.71575" lon="-78.50318">
        <ele>71.0</ele>
      </trkpt>
      <trkpt lat="35.71574" lon="-78.50318">
        <ele>70.9</ele>
      </trkpt>
      <trkpt lat="35.71539" lon="-78.50321">
        <ele>67.9</ele>
      </trkpt>
      <trkpt lat="35.71539" lon="-78.50321">
        <ele>67.9</ele>
      </trkpt>
      <trkpt lat="35.71539" lon="-78.50312">
        <ele>68.0</ele>
      </trkpt>
      <trkpt lat="35.71538" lon="-78.50269">
        <ele>68.3</ele>
      </trkpt>
      <trkpt lat="35.71538" lon="-78.50269">
        <ele>68.3</ele>
      </trkpt>
      <trkpt lat="35.71538" lon="-78.50258">
        <ele>68.4</ele>
      </trkpt>
      <trkpt lat="35.71537" lon="-78.50211">
        <ele>69.1</ele>
      </trkpt>
      <trkpt lat="35.71537" lon="-78.50196">
        <ele>69.6</ele>
      </trkpt>
      <trkpt lat="35.71536" lon="-78.50165">
        <ele>70.2</ele>
      </trkpt>
      <trkpt lat="35.71534" lon="-78.5011">
        <ele>72.3</ele>
      </trkpt>
      <trkpt lat="35.71534" lon="-78.50108">
        <ele>72.3</ele>
      </trkpt>
      <trkpt lat="35.71534" lon="-78.501">
        <ele>72.5</ele>
      </trkpt>
      <trkpt lat="35.71533" lon="-78.50091">
        <ele>72.7</ele>
      </trkpt>
      <trkpt lat="35.71533" lon="-78.50078">
        <ele>72.9</ele>
      </trkpt>
      <trkpt lat="35.71533" lon="-78.50077">
        <ele>72.9</ele>
      </trkpt>
      <trkpt lat="35.71532" lon="-78.50064">
        <ele>72.8</ele>
      </trkpt>
      <trkpt lat="35.71531" lon="-78.50049">
        <ele>72.5</ele>
      </trkpt>
      <trkpt lat="35.7153" lon="-78.50031">
        <ele>72.7</ele>
      </trkpt>
      <trkpt lat="35.7153" lon="-78.50019">
        <ele>72.7</ele>
      </trkpt>
      <trkpt lat="35.7153" lon="-78.50016">
        <ele>72.8</ele>
      </trkpt>
      <trkpt lat="35.71527" lon="-78.49975">
        <ele>71.5</ele>
      </trkpt>
      <trkpt lat="35.71526" lon="-78.49943">
        <ele>70.6</ele>
      </trkpt>
      <trkpt lat="35.71525" lon="-78.49933">
        <ele>70.6</ele>
      </trkpt>
      <trkpt lat="35.71525" lon="-78.49931">
        <ele>70.6</ele>
      </trkpt>
      <trkpt lat="35.71525" lon="-78.4992">
        <ele>70.8</ele>
      </trkpt>
      <trkpt lat="35.71523" lon="-78.49894">
        <ele>71.8</ele>
      </trkpt>
      <trkpt lat="35.7152" lon="-78.49857">
        <ele>71.6</ele>
      </trkpt>
      <trkpt lat="35.71519" lon="-78.49843">
        <ele>71.5</ele>
      </trkpt>
      <trkpt lat="35.71519" lon="-78.49843">
        <ele>71.5</ele>
      </trkpt>
      <trkpt lat="35.71511" lon="-78.49845">
        <ele>72.3</ele>
      </trkpt>
      <trkpt lat="35.715" lon="-78.49848">
        <ele>72.8</ele>
      </trkpt>
      <trkpt lat="35.71492" lon="-78.49849">
        <ele>72.8</ele>
      </trkpt>
      <trkpt lat="35.71489" lon="-78.4985">
        <ele>72.9</ele>
      </trkpt>
      <trkpt lat="35.71485" lon="-78.4985">
        <ele>73.0</ele>
      </trkpt>
      <trkpt lat="35.71484" lon="-78.4985">
        <ele>73.0</ele>
      </trkpt>
      <trkpt lat="35.71471" lon="-78.4985">
        <ele>73.2</ele>
      </trkpt>
      <trkpt lat="35.71464" lon="-78.49849">
        <ele>73.2</ele>
      </trkpt>
      <trkpt lat="35.71458" lon="-78.49848">
        <ele>73.3</ele>
      </trkpt>
      <trkpt lat="35.71441" lon="-78.49846">
        <ele>73.9</ele>
      </trkpt>
      <trkpt lat="35.71421" lon="-78.49843">
        <ele>75.1</ele>
      </trkpt>
      <trkpt lat="35.71417" lon="-78.49843">
        <ele>75.4</ele>
      </trkpt>
      <trkpt lat="35.71417" lon="-78.49843">
        <ele>75.4</ele>
      </trkpt>
      <trkpt lat="35.71414" lon="-78.49842">
        <ele>75.5</ele>
      </trkpt>
      <trkpt lat="35.71412" lon="-78.49842">
        <ele>75.6</ele>
      </trkpt>
      <trkpt lat="35.71408" lon="-78.49842">
        <ele>75.8</ele>
      </trkpt>
      <trkpt lat="35.71404" lon="-78.49842">
        <ele>75.9</ele>
      </trkpt>
      <trkpt lat="35.71398" lon="-78.49842">
        <ele>76.0</ele>
      </trkpt>
      <trkpt lat="35.71386" lon="-78.49842">
        <ele>76.6</ele>
      </trkpt>
      <trkpt lat="35.71376" lon="-78.49843">
        <ele>76.8</ele>
      </trkpt>
      <trkpt lat="35.71369" lon="-78.49843">
        <ele>77.0</ele>
      </trkpt>
      <trkpt lat="35.71363" lon="-78.49844">
        <ele>77.2</ele>
      </trkpt>
      <trkpt lat="35.71358" lon="-78.49844">
        <ele>77.1</ele>
      </trkpt>
      <trkpt lat="35.71335" lon="-78.49847">
        <ele>77.3</ele>
      </trkpt>
      <trkpt lat="35.7131" lon="-78.4985">
        <ele>77.4</ele>
      </trkpt>
      <trkpt lat="35.71261" lon="-78.49856">
        <ele>77.9</ele>
      </trkpt>
      <trkpt lat="35.71233" lon="-78.49859">
        <ele>78.5</ele>
      </trkpt>
      <trkpt lat="35.71226" lon="-78.4986">
        <ele>78.5</ele>
      </trkpt>
      <trkpt lat="35.71215" lon="-78.49861">
        <ele>78.7</ele>
      </trkpt>
      <trkpt lat="35.71198" lon="-78.49863">
        <ele>78.8</ele>
      </trkpt>
      <trkpt lat="35.71156" lon="-78.49867">
        <ele>79.3</ele>
      </trkpt>
      <trkpt lat="35.71114" lon="-78.49872">
        <ele>79.6</ele>
      </trkpt>
      <trkpt lat="35.71095" lon="-78.49874">
        <ele>79.9</ele>
      </trkpt>
      <trkpt lat="35.71095" lon="-78.49874">
        <ele>79.9</ele>
      </trkpt>
      <trkpt lat="35.71063" lon="-78.49876">
        <ele>80.3</ele>
      </trkpt>
      <trkpt lat="35.71036" lon="-78.4988">
        <ele>80.8</ele>
      </trkpt>
      <trkpt lat="35.71018" lon="-78.49882">
        <ele>80.8</ele>
      </trkpt>
      <trkpt lat="35.71017" lon="-78.49882">
        <ele>80.8</ele>
      </trkpt>
      <trkpt lat="35.70946" lon="-78.49891">
        <ele>80.2</ele>
      </trkpt>
      <trkpt lat="35.70924" lon="-78.49896">
        <ele>80.2</ele>
      </trkpt>
      <trkpt lat="35.70902" lon="-78.49905">
        <ele>79.9</ele>
      </trkpt>
      <trkpt lat="35.70868" lon="-78.49927">
        <ele>79.4</ele>
      </trkpt>
      <trkpt lat="35.70848" lon="-78.49944">
        <ele>79.2</ele>
      </trkpt>
      <trkpt lat="35.70834" lon="-78.49956">
        <ele>79.0</ele>
      </trkpt>
      <trkpt lat="35.70833" lon="-78.49957">
        <ele>79.0</ele>
      </trkpt>
      <trkpt lat="35.70806" lon="-78.49981">
        <ele>79.0</ele>
      </trkpt>
      <trkpt lat="35.70804" lon="-78.49983">
        <ele>78.9</ele>
      </trkpt>
      <trkpt lat="35.7079" lon="-78.49995">
        <ele>78.9</ele>
      </trkpt>
      <trkpt lat="35.70789" lon="-78.49995">
        <ele>78.9</ele>
      </trkpt>
      <trkpt lat="35.70775" lon="-78.50008">
        <ele>79.1</ele>
      </trkpt>
      <trkpt lat="35.70746" lon="-78.50033">
        <ele>79.6</ele>
      </trkpt>
      <trkpt lat="35.70745" lon="-78.50034">
        <ele>79.6</ele>
      </trkpt>
      <trkpt lat="35.70731" lon="-78.50046">
        <ele>79.9</ele>
      </trkpt>
      <trkpt lat="35.7073" lon="-78.50046">
        <ele>80.0</ele>
      </trkpt>
      <trkpt lat="35.70694" lon="-78.50078">
        <ele>81.3</ele>
      </trkpt>
      <trkpt lat="35.70657" lon="-78.5011">
        <ele>82.9</ele>
      </trkpt>
      <trkpt lat="35.70643" lon="-78.50122">
        <ele>83.5</ele>
      </trkpt>
      <trkpt lat="35.70642" lon="-78.50122">
        <ele>83.5</ele>
      </trkpt>
      <trkpt lat="35.70627" lon="-78.50135">
        <ele>83.9</ele>
      </trkpt>
      <trkpt lat="35.70595" lon="-78.50163">
        <ele>84.7</ele>
      </trkpt>
      <trkpt lat="35.70595" lon="-78.50163">
        <ele>84.7</ele>
      </trkpt>
      <trkpt lat="35.70583" lon="-78.50173">
        <ele>84.8</ele>
      </trkpt>
      <trkpt lat="35.70575" lon="-78.5018">
        <ele>84.9</ele>
      </trkpt>
      <trkpt lat="35.70569" lon="-78.50185">
        <ele>85.0</ele>
      </trkpt>
      <trkpt lat="35.70568" lon="-78.50185">
        <ele>85.0</ele>
      </trkpt>
      <trkpt lat="35.70538" lon="-78.50209">
        <ele>85.3</ele>
      </trkpt>
      <trkpt lat="35.70508" lon="-78.50232">
        <ele>85.4</ele>
      </trkpt>
      <trkpt lat="35.70507" lon="-78.50233">
        <ele>85.4</ele>
      </trkpt>
      <trkpt lat="35.70506" lon="-78.50234">
        <ele>85.3</ele>
      </trkpt>
      <trkpt lat="35.70431" lon="-78.50288">
        <ele>85.1</ele>
      </trkpt>
      <trkpt lat="35.70399" lon="-78.50312">
        <ele>85.0</ele>
      </trkpt>
      <trkpt lat="35.7036" lon="-78.50341">
        <ele>85.1</ele>
      </trkpt>
      <trkpt lat="35.70314" lon="-78.50376">
        <ele>85.1</ele>
      </trkpt>
      <trkpt lat="35.70292" lon="-78.5039">
        <ele>85.2</ele>
      </trkpt>
      <trkpt lat="35.70273" lon="-78.50397">
        <ele>85.4</ele>
      </trkpt>
      <trkpt lat="35.7027" lon="-78.50398">
        <ele>85.4</ele>
      </trkpt>
      <trkpt lat="35.7026" lon="-78.50398">
        <ele>85.3</ele>
      </trkpt>
      <trkpt lat="35.70252" lon="-78.50396">
        <ele>85.1</ele>
      </trkpt>
      <trkpt lat="35.70252" lon="-78.50396">
        <ele>85.1</ele>
      </trkpt>
      <trkpt lat="35.70241" lon="-78.50417">
        <ele>85.0</ele>
      </trkpt>
      <trkpt lat="35.70229" lon="-78.50439">
        <ele>84.5</ele>
      </trkpt>
      <trkpt lat="35.70214" lon="-78.50465">
        <ele>83.9</ele>
      </trkpt>
      <trkpt lat="35.70214" lon="-78.50465">
        <ele>83.9</ele>
      </trkpt>
      <trkpt lat="35.70205" lon="-78.50479">
        <ele>83.8</ele>
      </trkpt>
      <trkpt lat="35.70201" lon="-78.50486">
        <ele>83.7</ele>
      </trkpt>
      <trkpt lat="35.70182" lon="-78.50517">
        <ele>84.5</ele>
      </trkpt>
      <trkpt lat="35.70085" lon="-78.50681">
        <ele>88.0</ele>
      </trkpt>
      <trkpt lat="35.70057" lon="-78.50728">
        <ele>89.0</ele>
      </trkpt>
      <trkpt lat="35.70044" lon="-78.50754">
        <ele>89.7</ele>
      </trkpt>
      <trkpt lat="35.70037" lon="-78.50768">
        <ele>89.9</ele>
      </trkpt>
      <trkpt lat="35.70029" lon="-78.50783">
        <ele>90.2</ele>
      </trkpt>
      <trkpt lat="35.70011" lon="-78.50829">
        <ele>89.8</ele>
      </trkpt>
      <trkpt lat="35.69998" lon="-78.50866">
        <ele>89.8</ele>
      </trkpt>
      <trkpt lat="35.69997" lon="-78.50867">
        <ele>89.8</ele>
      </trkpt>
      <trkpt lat="35.69995" lon="-78.50873">
        <ele>89.8</ele>
      </trkpt>
      <trkpt lat="35.69987" lon="-78.50895">
        <ele>89.9</ele>
      </trkpt>
      <trkpt lat="35.69974" lon="-78.50927">
        <ele>90.2</ele>
      </trkpt>
      <trkpt lat="35.69948" lon="-78.50992">
        <ele>92.4</ele>
      </trkpt>
      <trkpt lat="35.69942" lon="-78.51005">
        <ele>92.7</ele>
      </trkpt>
      <trkpt lat="35.69942" lon="-78.51006">
        <ele>92.7</ele>
      </trkpt>
      <trkpt lat="35.69939" lon="-78.51012">
        <ele>92.7</ele>
      </trkpt>
      <trkpt lat="35.69931" lon="-78.51031">
        <ele>92.9</ele>
      </trkpt>
      <trkpt lat="35.69922" lon="-78.51054">
        <ele>92.6</ele>
      </trkpt>
      <trkpt lat="35.69913" lon="-78.51085">
        <ele>92.0</ele>
      </trkpt>
      <trkpt lat="35.69908" lon="-78.51102">
        <ele>91.9</ele>
      </trkpt>
      <trkpt lat="35.69908" lon="-78.51103">
        <ele>92.0</ele>
      </trkpt>
      <trkpt lat="35.69902" lon="-78.51135">
        <ele>92.0</ele>
      </trkpt>
      <trkpt lat="35.699" lon="-78.51174">
        <ele>92.1</ele>
      </trkpt>
      <trkpt lat="35.699" lon="-78.51202">
        <ele>91.9</ele>
      </trkpt>
      <trkpt lat="35.69901" lon="-78.51227">
        <ele>92.0</ele>
      </trkpt>
      <trkpt lat="35.69901" lon="-78.51252">
        <ele>92.2</ele>
      </trkpt>
      <trkpt lat="35.69901" lon="-78.51269">
        <ele>92.6</ele>
      </trkpt>
      <trkpt lat="35.69901" lon="-78.5129">
        <ele>92.9</ele>
      </trkpt>
      <trkpt lat="35.69901" lon="-78.51334">
        <ele>94.0</ele>
      </trkpt>
      <trkpt lat="35.69901" lon="-78.51357">
        <ele>94.6</ele>
      </trkpt>
      <trkpt lat="35.69901" lon="-78.51362">
        <ele>94.9</ele>
      </trkpt>
      <trkpt lat="35.69901" lon="-78.51455">
        <ele>96.1</ele>
      </trkpt>
      <trkpt lat="35.699" lon="-78.51467">
        <ele>96.2</ele>
      </trkpt>
      <trkpt lat="35.699" lon="-78.51468">
        <ele>96.3</ele>
      </trkpt>
      <trkpt lat="35.699" lon="-78.515">
        <ele>97.0</ele>
      </trkpt>
      <trkpt lat="35.69899" lon="-78.51533">
        <ele>98.2</ele>
      </trkpt>
      <trkpt lat="35.69897" lon="-78.51591">
        <ele>101.9</ele>
      </trkpt>
      <trkpt lat="35.69897" lon="-78.51621">
        <ele>103.7</ele>
      </trkpt>
      <trkpt lat="35.69897" lon="-78.51628">
        <ele>103.7</ele>
      </trkpt>
      <trkpt lat="35.69897" lon="-78.51687">
        <ele>105.0</ele>
      </trkpt>
      <trkpt lat="35.69897" lon="-78.51688">
        <ele>105.0</ele>
      </trkpt>
      <trkpt lat="35.69897" lon="-78.51693">
        <ele>105.0</ele>
      </trkpt>
      <trkpt lat="35.69896" lon="-78.51694">
        <ele>105.0</ele>
      </trkpt>
      <trkpt lat="35.69889" lon="-78.5182">
        <ele>106.4</ele>
      </trkpt>
      <trkpt lat="35.69887" lon="-78.51855">
        <ele>106.8</ele>
      </trkpt>
      <trkpt lat="35.69885" lon="-78.51886">
        <ele>106.8</ele>
      </trkpt>
      <trkpt lat="35.69882" lon="-78.51946">
        <ele>107.9</ele>
      </trkpt>
      <trkpt lat="35.6988" lon="-78.5196">
        <ele>108.3</ele>
      </trkpt>
      <trkpt lat="35.69881" lon="-78.51986">
        <ele>108.8</ele>
      </trkpt>
      <trkpt lat="35.69878" lon="-78.52027">
        <ele>109.6</ele>
      </trkpt>
      <trkpt lat="35.69877" lon="-78.5204">
        <ele>109.4</ele>
      </trkpt>
      <trkpt lat="35.69877" lon="-78.52071">
        <ele>109.6</ele>
      </trkpt>
      <trkpt lat="35.69876" lon="-78.52085">
        <ele>110.0</ele>
      </trkpt>
      <trkpt lat="35.69877" lon="-78.52093">
        <ele>110.1</ele>
      </trkpt>
      <trkpt lat="35.69877" lon="-78.52115">
        <ele>110.6</ele>
      </trkpt>
      <trkpt lat="35.69877" lon="-78.52137">
        <ele>110.8</ele>
      </trkpt>
      <trkpt lat="35.69878" lon="-78.52159">
        <ele>111.6</ele>
      </trkpt>
      <trkpt lat="35.69878" lon="-78.52175">
        <ele>112.2</ele>
      </trkpt>
      <trkpt lat="35.6988" lon="-78.52204">
        <ele>113.0</ele>
      </trkpt>
      <trkpt lat="35.69883" lon="-78.52253">
        <ele>114.7</ele>
      </trkpt>
      <trkpt lat="35.69886" lon="-78.52292">
        <ele>115.5</ele>
      </trkpt>
      <trkpt lat="35.69888" lon="-78.52313">
        <ele>115.6</ele>
      </trkpt>
      <trkpt lat="35.69888" lon="-78.52314">
        <ele>115.6</ele>
      </trkpt>
      <trkpt lat="35.69889" lon="-78.52335">
        <ele>116.3</ele>
      </trkpt>
      <trkpt lat="35.69889" lon="-78.52336">
        <ele>116.4</ele>
      </trkpt>
      <trkpt lat="35.6989" lon="-78.52336">
        <ele>116.3</ele>
      </trkpt>
      <trkpt lat="35.69891" lon="-78.52357">
        <ele>116.4</ele>
      </trkpt>
      <trkpt lat="35.69891" lon="-78.52358">
        <ele>116.4</ele>
      </trkpt>
      <trkpt lat="35.69894" lon="-78.52403">
        <ele>116.5</ele>
      </trkpt>
      <trkpt lat="35.69899" lon="-78.52467">
        <ele>117.5</ele>
      </trkpt>
      <trkpt lat="35.699" lon="-78.52489">
        <ele>118.0</ele>
      </trkpt>
      <trkpt lat="35.69901" lon="-78.52503">
        <ele>118.2</ele>
      </trkpt>
      <trkpt lat="35.69902" lon="-78.52511">
        <ele>118.4</ele>
      </trkpt>
      <trkpt lat="35.69905" lon="-78.52557">
        <ele>118.9</ele>
      </trkpt>
      <trkpt lat="35.69906" lon="-78.52579">
        <ele>119.0</ele>
      </trkpt>
      <trkpt lat="35.69907" lon="-78.526">
        <ele>119.0</ele>
      </trkpt>
      <trkpt lat="35.69909" lon="-78.52631">
        <ele>119.2</ele>
      </trkpt>
      <trkpt lat="35.69909" lon="-78.52644">
        <ele>119.5</ele>
      </trkpt>
      <trkpt lat="35.6991" lon="-78.52666">
        <ele>119.9</ele>
      </trkpt>
      <trkpt lat="35.6991" lon="-78.52667">
        <ele>120.0</ele>
      </trkpt>
      <trkpt lat="35.6991" lon="-78.52668">
        <ele>120.0</ele>
      </trkpt>
      <trkpt lat="35.69911" lon="-78.52688">
        <ele>121.0</ele>
      </trkpt>
      <trkpt lat="35.69911" lon="-78.52689">
        <ele>121.1</ele>
      </trkpt>
      <trkpt lat="35.69911" lon="-78.52696">
        <ele>121.3</ele>
      </trkpt>
      <trkpt lat="35.69911" lon="-78.52746">
        <ele>120.7</ele>
      </trkpt>
      <trkpt lat="35.69911" lon="-78.52746">
        <ele>120.7</ele>
      </trkpt>
      <trkpt lat="35.69897" lon="-78.52739">
        <ele>120.4</ele>
      </trkpt>
      <trkpt lat="35.69892" lon="-78.52736">
        <ele>120.2</ele>
      </trkpt>
      <trkpt lat="35.69888" lon="-78.52734">
        <ele>120.0</ele>
      </trkpt>
      <trkpt lat="35.69882" lon="-78.52731">
        <ele>119.9</ele>
      </trkpt>
      <trkpt lat="35.69871" lon="-78.52727">
        <ele>119.8</ele>
      </trkpt>
      <trkpt lat="35.69865" lon="-78.52724">
        <ele>119.8</ele>
      </trkpt>
      <trkpt lat="35.69865" lon="-78.52724">
        <ele>119.8</ele>
      </trkpt>
      <trkpt lat="35.69862" lon="-78.52724">
        <ele>119.7</ele>
      </trkpt>
      <trkpt lat="35.69853" lon="-78.52721">
        <ele>119.6</ele>
      </trkpt>
      <trkpt lat="35.69846" lon="-78.5272">
        <ele>119.5</ele>
      </trkpt>
      <trkpt lat="35.69844" lon="-78.52719">
        <ele>119.5</ele>
      </trkpt>
      <trkpt lat="35.69836" lon="-78.52718">
        <ele>119.6</ele>
      </trkpt>
      <trkpt lat="35.69828" lon="-78.52717">
        <ele>119.7</ele>
      </trkpt>
      <trkpt lat="35.69827" lon="-78.52717">
        <ele>119.7</ele>
      </trkpt>
      <trkpt lat="35.69814" lon="-78.52715">
        <ele>119.7</ele>
      </trkpt>
      <trkpt lat="35.6981" lon="-78.52715">
        <ele>119.7</ele>
      </trkpt>
      <trkpt lat="35.69801" lon="-78.52715">
        <ele>119.6</ele>
      </trkpt>
      <trkpt lat="35.69792" lon="-78.52714">
        <ele>119.6</ele>
      </trkpt>
      <trkpt lat="35.69774" lon="-78.52713">
        <ele>119.3</ele>
      </trkpt>
      <trkpt lat="35.69756" lon="-78.52712">
        <ele>119.2</ele>
      </trkpt>
      <trkpt lat="35.69745" lon="-78.52712">
        <ele>119.0</ele>
      </trkpt>
      <trkpt lat="35.69738" lon="-78.52711">
        <ele>118.9</ele>
      </trkpt>
      <trkpt lat="35.6972" lon="-78.5271">
        <ele>118.7</ele>
      </trkpt>
      <trkpt lat="35.69704" lon="-78.52709">
        <ele>118.3</ele>
      </trkpt>
      <trkpt lat="35.69666" lon="-78.52707">
        <ele>117.1</ele>
      </trkpt>
      <trkpt lat="35.69648" lon="-78.52706">
        <ele>116.9</ele>
      </trkpt>
      <trkpt lat="35.69641" lon="-78.52706">
        <ele>116.6</ele>
      </trkpt>
      <trkpt lat="35.6963" lon="-78.52705">
        <ele>116.4</ele>
      </trkpt>
      <trkpt lat="35.69612" lon="-78.52704">
        <ele>115.8</ele>
      </trkpt>
      <trkpt lat="35.69594" lon="-78.52703">
        <ele>115.3</ele>
      </trkpt>
      <trkpt lat="35.69592" lon="-78.52703">
        <ele>115.3</ele>
      </trkpt>
      <trkpt lat="35.69576" lon="-78.52702">
        <ele>115.0</ele>
      </trkpt>
      <trkpt lat="35.69559" lon="-78.52701">
        <ele>114.7</ele>
      </trkpt>
      <trkpt lat="35.69541" lon="-78.527">
        <ele>114.4</ele>
      </trkpt>
      <trkpt lat="35.69535" lon="-78.527">
        <ele>114.2</ele>
      </trkpt>
      <trkpt lat="35.69522" lon="-78.52699">
        <ele>113.8</ele>
      </trkpt>
      <trkpt lat="35.69505" lon="-78.52698">
        <ele>113.5</ele>
      </trkpt>
      <trkpt lat="35.69497" lon="-78.52698">
        <ele>113.3</ele>
      </trkpt>
      <trkpt lat="35.69487" lon="-78.52698">
        <ele>113.2</ele>
      </trkpt>
      <trkpt lat="35.69469" lon="-78.52697">
        <ele>112.9</ele>
      </trkpt>
      <trkpt lat="35.69439" lon="-78.52697">
        <ele>113.1</ele>
      </trkpt>
      <trkpt lat="35.69433" lon="-78.52697">
        <ele>113.0</ele>
      </trkpt>
      <trkpt lat="35.69432" lon="-78.52697">
        <ele>113.0</ele>
      </trkpt>
      <trkpt lat="35.69414" lon="-78.52697">
        <ele>112.9</ele>
      </trkpt>
      <trkpt lat="35.69336" lon="-78.527">
        <ele>113.2</ele>
      </trkpt>
      <trkpt lat="35.69324" lon="-78.52701">
        <ele>113.5</ele>
      </trkpt>
      <trkpt lat="35.69318" lon="-78.52701">
        <ele>113.7</ele>
      </trkpt>
      <trkpt lat="35.69306" lon="-78.52701">
        <ele>114.1</ele>
      </trkpt>
      <trkpt lat="35.693" lon="-78.52701">
        <ele>114.1</ele>
      </trkpt>
      <trkpt lat="35.69264" lon="-78.52703">
        <ele>113.5</ele>
      </trkpt>
      <trkpt lat="35.69228" lon="-78.52704">
        <ele>113.3</ele>
      </trkpt>
      <trkpt lat="35.69223" lon="-78.52704">
        <ele>113.3</ele>
      </trkpt>
      <trkpt lat="35.69216" lon="-78.52704">
        <ele>113.3</ele>
      </trkpt>
      <trkpt lat="35.69192" lon="-78.52705">
        <ele>113.1</ele>
      </trkpt>
      <trkpt lat="35.6917" lon="-78.52705">
        <ele>113.2</ele>
      </trkpt>
      <trkpt lat="35.69162" lon="-78.52706">
        <ele>113.0</ele>
      </trkpt>
      <trkpt lat="35.69156" lon="-78.52706">
        <ele>112.9</ele>
      </trkpt>
      <trkpt lat="35.69087" lon="-78.52708">
        <ele>111.3</ele>
      </trkpt>
      <trkpt lat="35.69085" lon="-78.52708">
        <ele>111.2</ele>
      </trkpt>
      <trkpt lat="35.69067" lon="-78.52708">
        <ele>110.4</ele>
      </trkpt>
      <trkpt lat="35.69049" lon="-78.52708">
        <ele>109.9</ele>
      </trkpt>
      <trkpt lat="35.69037" lon="-78.52708">
        <ele>109.5</ele>
      </trkpt>
      <trkpt lat="35.69013" lon="-78.52707">
        <ele>109.3</ele>
      </trkpt>
      <trkpt lat="35.69004" lon="-78.52707">
        <ele>109.3</ele>
      </trkpt>
      <trkpt lat="35.69" lon="-78.52707">
        <ele>109.4</ele>
      </trkpt>
      <trkpt lat="35.68995" lon="-78.52707">
        <ele>109.5</ele>
      </trkpt>
      <trkpt lat="35.6898" lon="-78.52707">
        <ele>109.8</ele>
      </trkpt>
      <trkpt lat="35.68978" lon="-78.52707">
        <ele>109.9</ele>
      </trkpt>
      <trkpt lat="35.68911" lon="-78.52703">
        <ele>110.7</ele>
      </trkpt>
      <trkpt lat="35.68907" lon="-78.52703">
        <ele>110.7</ele>
      </trkpt>
      <trkpt lat="35.68906" lon="-78.52703">
        <ele>110.7</ele>
      </trkpt>
      <trkpt lat="35.68905" lon="-78.52703">
        <ele>110.7</ele>
      </trkpt>
      <trkpt lat="35.68893" lon="-78.52702">
        <ele>110.9</ele>
      </trkpt>
      <trkpt lat="35.68889" lon="-78.52702">
        <ele>111.0</ele>
      </trkpt>
      <trkpt lat="35.68888" lon="-78.52702">
        <ele>111.0</ele>
      </trkpt>
      <trkpt lat="35.68887" lon="-78.52702">
        <ele>111.0</ele>
      </trkpt>
      <trkpt lat="35.6887" lon="-78.52701">
        <ele>111.3</ele>
      </trkpt>
      <trkpt lat="35.68861" lon="-78.527">
        <ele>111.4</ele>
      </trkpt>
      <trkpt lat="35.68827" lon="-78.52698">
        <ele>111.9</ele>
      </trkpt>
      <trkpt lat="35.68782" lon="-78.52696">
        <ele>112.6</ele>
      </trkpt>
      <trkpt lat="35.68762" lon="-78.52695">
        <ele>113.0</ele>
      </trkpt>
      <trkpt lat="35.68746" lon="-78.52694">
        <ele>113.3</ele>
      </trkpt>
      <trkpt lat="35.68743" lon="-78.52694">
        <ele>113.3</ele>
      </trkpt>
      <trkpt lat="35.68741" lon="-78.52694">
        <ele>113.4</ele>
      </trkpt>
      <trkpt lat="35.68725" lon="-78.52693">
        <ele>113.6</ele>
      </trkpt>
      <trkpt lat="35.68719" lon="-78.52693">
        <ele>113.6</ele>
      </trkpt>
      <trkpt lat="35.68698" lon="-78.52691">
        <ele>113.8</ele>
      </trkpt>
      <trkpt lat="35.68695" lon="-78.52691">
        <ele>113.9</ele>
      </trkpt>
      <trkpt lat="35.6869" lon="-78.52691">
        <ele>113.9</ele>
      </trkpt>
      <trkpt lat="35.68689" lon="-78.52691">
        <ele>113.9</ele>
      </trkpt>
      <trkpt lat="35.68676" lon="-78.52691">
        <ele>114.0</ele>
      </trkpt>
      <trkpt lat="35.68674" lon="-78.52691">
        <ele>114.0</ele>
      </trkpt>
      <trkpt lat="35.68661" lon="-78.5269">
        <ele>114.2</ele>
      </trkpt>
      <trkpt lat="35.68635" lon="-78.5269">
        <ele>114.3</ele>
      </trkpt>
      <trkpt lat="35.68617" lon="-78.5269">
        <ele>114.5</ele>
      </trkpt>
      <trkpt lat="35.68609" lon="-78.5269">
        <ele>114.4</ele>
      </trkpt>
      <trkpt lat="35.68609" lon="-78.5269">
        <ele>114.4</ele>
      </trkpt>
      <trkpt lat="35.68606" lon="-78.52696">
        <ele>114.2</ele>
      </trkpt>
      <trkpt lat="35.68604" lon="-78.52701">
        <ele>114.2</ele>
      </trkpt>
      <trkpt lat="35.68602" lon="-78.52705">
        <ele>114.3</ele>
      </trkpt>
      <trkpt lat="35.68601" lon="-78.5271">
        <ele>114.3</ele>
      </trkpt>
      <trkpt lat="35.68601" lon="-78.52714">
        <ele>114.3</ele>
      </trkpt>
      <trkpt lat="35.68603" lon="-78.52726">
        <ele>113.9</ele>
      </trkpt>
      <trkpt lat="35.68605" lon="-78.52729">
        <ele>113.7</ele>
      </trkpt>
      <trkpt lat="35.68606" lon="-78.52729">
        <ele>113.7</ele>
      </trkpt>
      <trkpt lat="35.68608" lon="-78.52732">
        <ele>113.5</ele>
      </trkpt>
      <trkpt lat="35.68613" lon="-78.5274">
        <ele>112.7</ele>
      </trkpt>
      <trkpt lat="35.68618" lon="-78.52747">
        <ele>111.6</ele>
      </trkpt>
      <trkpt lat="35.68622" lon="-78.52754">
        <ele>111.2</ele>
      </trkpt>
      <trkpt lat="35.68623" lon="-78.52755">
        <ele>111.2</ele>
      </trkpt>
      <trkpt lat="35.68624" lon="-78.52759">
        <ele>111.3</ele>
      </trkpt>
      <trkpt lat="35.68628" lon="-78.52766">
        <ele>110.7</ele>
      </trkpt>
      <trkpt lat="35.68634" lon="-78.52778">
        <ele>110.4</ele>
      </trkpt>
      <trkpt lat="35.68642" lon="-78.52799">
        <ele>109.9</ele>
      </trkpt>
      <trkpt lat="35.68642" lon="-78.52799">
        <ele>109.9</ele>
      </trkpt>
      <trkpt lat="35.68648" lon="-78.52813">
        <ele>109.4</ele>
      </trkpt>
      <trkpt lat="35.68653" lon="-78.52826">
        <ele>109.2</ele>
      </trkpt>
      <trkpt lat="35.6866" lon="-78.52842">
        <ele>108.7</ele>
      </trkpt>
      <trkpt lat="35.68674" lon="-78.52877">
        <ele>107.5</ele>
      </trkpt>
      <trkpt lat="35.6869" lon="-78.52916">
        <ele>106.6</ele>
      </trkpt>
      <trkpt lat="35.68692" lon="-78.52923">
        <ele>106.4</ele>
      </trkpt>
      <trkpt lat="35.68748" lon="-78.53061">
        <ele>101.6</ele>
      </trkpt>
      <trkpt lat="35.68764" lon="-78.53101">
        <ele>101.2</ele>
      </trkpt>
      <trkpt lat="35.68772" lon="-78.53121">
        <ele>100.9</ele>
      </trkpt>
      <trkpt lat="35.6878" lon="-78.53139">
        <ele>100.6</ele>
      </trkpt>
      <trkpt lat="35.6878" lon="-78.53141">
        <ele>100.6</ele>
      </trkpt>
      <trkpt lat="35.68796" lon="-78.5318">
        <ele>99.9</ele>
      </trkpt>
      <trkpt lat="35.68797" lon="-78.53182">
        <ele>99.9</ele>
      </trkpt>
      <trkpt lat="35.68804" lon="-78.532">
        <ele>99.5</ele>
      </trkpt>
      <trkpt lat="35.68805" lon="-78.53202">
        <ele>99.5</ele>
      </trkpt>
      <trkpt lat="35.68813" lon="-78.53222">
        <ele>98.8</ele>
      </trkpt>
      <trkpt lat="35.68836" lon="-78.5328">
        <ele>96.4</ele>
      </trkpt>
      <trkpt lat="35.68837" lon="-78.53281">
        <ele>96.4</ele>
      </trkpt>
      <trkpt lat="35.6886" lon="-78.53339">
        <ele>95.0</ele>
      </trkpt>
      <trkpt lat="35.68868" lon="-78.53359">
        <ele>94.5</ele>
      </trkpt>
      <trkpt lat="35.68884" lon="-78.53399">
        <ele>93.0</ele>
      </trkpt>
      <trkpt lat="35.6889" lon="-78.53415">
        <ele>92.6</ele>
      </trkpt>
      <trkpt lat="35.68892" lon="-78.53419">
        <ele>92.6</ele>
      </trkpt>
      <trkpt lat="35.68892" lon="-78.5342">
        <ele>92.6</ele>
      </trkpt>
      <trkpt lat="35.68898" lon="-78.53435">
        <ele>92.4</ele>
      </trkpt>
      <trkpt lat="35.689" lon="-78.53439">
        <ele>92.2</ele>
      </trkpt>
      <trkpt lat="35.689" lon="-78.5344">
        <ele>92.1</ele>
      </trkpt>
      <trkpt lat="35.68904" lon="-78.5345">
        <ele>91.7</ele>
      </trkpt>
      <trkpt lat="35.68907" lon="-78.53459">
        <ele>91.3</ele>
      </trkpt>
      <trkpt lat="35.68915" lon="-78.53478">
        <ele>90.5</ele>
      </trkpt>
      <trkpt lat="35.68916" lon="-78.53478">
        <ele>90.4</ele>
      </trkpt>
      <trkpt lat="35.68917" lon="-78.53481">
        <ele>90.2</ele>
      </trkpt>
      <trkpt lat="35.68919" lon="-78.53485">
        <ele>90.2</ele>
      </trkpt>
      <trkpt lat="35.68921" lon="-78.53493">
        <ele>90.4</ele>
      </trkpt>
      <trkpt lat="35.6894" lon="-78.53538">
        <ele>91.2</ele>
      </trkpt>
      <trkpt lat="35.68942" lon="-78.53545">
        <ele>91.2</ele>
      </trkpt>
      <trkpt lat="35.68945" lon="-78.53551">
        <ele>91.2</ele>
      </trkpt>
      <trkpt lat="35.6895" lon="-78.53565">
        <ele>91.0</ele>
      </trkpt>
      <trkpt lat="35.68956" lon="-78.53578">
        <ele>90.7</ele>
      </trkpt>
      <trkpt lat="35.68969" lon="-78.53612">
        <ele>88.8</ele>
      </trkpt>
      <trkpt lat="35.68974" lon="-78.53624">
        <ele>88.3</ele>
      </trkpt>
      <trkpt lat="35.68979" lon="-78.53638">
        <ele>87.7</ele>
      </trkpt>
      <trkpt lat="35.68982" lon="-78.53644">
        <ele>87.2</ele>
      </trkpt>
      <trkpt lat="35.6899" lon="-78.53664">
        <ele>87.6</ele>
      </trkpt>
      <trkpt lat="35.68995" lon="-78.53677">
        <ele>88.4</ele>
      </trkpt>
      <trkpt lat="35.69006" lon="-78.53704">
        <ele>89.0</ele>
      </trkpt>
      <trkpt lat="35.69054" lon="-78.53823">
        <ele>95.1</ele>
      </trkpt>
      <trkpt lat="35.69059" lon="-78.53836">
        <ele>95.2</ele>
      </trkpt>
      <trkpt lat="35.6907" lon="-78.53862">
        <ele>95.3</ele>
      </trkpt>
      <trkpt lat="35.69086" lon="-78.53902">
        <ele>94.7</ele>
      </trkpt>
      <trkpt lat="35.69115" lon="-78.53977">
        <ele>95.3</ele>
      </trkpt>
      <trkpt lat="35.69119" lon="-78.53986">
        <ele>95.6</ele>
      </trkpt>
      <trkpt lat="35.69122" lon="-78.53995">
        <ele>95.8</ele>
      </trkpt>
      <trkpt lat="35.69125" lon="-78.54004">
        <ele>96.1</ele>
      </trkpt>
      <trkpt lat="35.69128" lon="-78.54016">
        <ele>96.4</ele>
      </trkpt>
      <trkpt lat="35.69131" lon="-78.54029">
        <ele>96.7</ele>
      </trkpt>
      <trkpt lat="35.69133" lon="-78.54039">
        <ele>97.0</ele>
      </trkpt>
      <trkpt lat="35.69135" lon="-78.5405">
        <ele>97.0</ele>
      </trkpt>
      <trkpt lat="35.69137" lon="-78.5406">
        <ele>96.8</ele>
      </trkpt>
      <trkpt lat="35.69137" lon="-78.54063">
        <ele>96.7</ele>
      </trkpt>
      <trkpt lat="35.69138" lon="-78.54068">
        <ele>96.8</ele>
      </trkpt>
      <trkpt lat="35.69138" lon="-78.54069">
        <ele>96.8</ele>
      </trkpt>
      <trkpt lat="35.69139" lon="-78.5408">
        <ele>96.9</ele>
      </trkpt>
      <trkpt lat="35.6914" lon="-78.5409">
        <ele>96.9</ele>
      </trkpt>
      <trkpt lat="35.6914" lon="-78.54105">
        <ele>97.0</ele>
      </trkpt>
      <trkpt lat="35.6914" lon="-78.54118">
        <ele>96.9</ele>
      </trkpt>
      <trkpt lat="35.6914" lon="-78.54134">
        <ele>97.1</ele>
      </trkpt>
      <trkpt lat="35.69134" lon="-78.54178">
        <ele>98.7</ele>
      </trkpt>
      <trkpt lat="35.69134" lon="-78.54182">
        <ele>98.7</ele>
      </trkpt>
      <trkpt lat="35.69132" lon="-78.542">
        <ele>98.8</ele>
      </trkpt>
      <trkpt lat="35.69131" lon="-78.54212">
        <ele>99.1</ele>
      </trkpt>
      <trkpt lat="35.69129" lon="-78.54222">
        <ele>99.3</ele>
      </trkpt>
      <trkpt lat="35.69128" lon="-78.54233">
        <ele>99.3</ele>
      </trkpt>
      <trkpt lat="35.69127" lon="-78.54244">
        <ele>99.3</ele>
      </trkpt>
      <trkpt lat="35.69121" lon="-78.54299">
        <ele>97.2</ele>
      </trkpt>
      <trkpt lat="35.6912" lon="-78.54321">
        <ele>97.0</ele>
      </trkpt>
      <trkpt lat="35.6912" lon="-78.54331">
        <ele>96.9</ele>
      </trkpt>
      <trkpt lat="35.6912" lon="-78.54349">
        <ele>96.2</ele>
      </trkpt>
      <trkpt lat="35.69122" lon="-78.54365">
        <ele>95.5</ele>
      </trkpt>
      <trkpt lat="35.69124" lon="-78.54375">
        <ele>95.3</ele>
      </trkpt>
      <trkpt lat="35.69131" lon="-78.54408">
        <ele>93.5</ele>
      </trkpt>
      <trkpt lat="35.69142" lon="-78.5445">
        <ele>93.6</ele>
      </trkpt>
      <trkpt lat="35.69161" lon="-78.54519">
        <ele>97.3</ele>
      </trkpt>
      <trkpt lat="35.69175" lon="-78.54572">
        <ele>100.1</ele>
      </trkpt>
      <trkpt lat="35.69188" lon="-78.54624">
        <ele>102.7</ele>
      </trkpt>
      <trkpt lat="35.69189" lon="-78.54624">
        <ele>102.9</ele>
      </trkpt>
      <trkpt lat="35.6919" lon="-78.54631">
        <ele>103.1</ele>
      </trkpt>
      <trkpt lat="35.69193" lon="-78.54641">
        <ele>103.5</ele>
      </trkpt>
      <trkpt lat="35.69203" lon="-78.54684">
        <ele>104.7</ele>
      </trkpt>
      <trkpt lat="35.69208" lon="-78.54709">
        <ele>105.1</ele>
      </trkpt>
      <trkpt lat="35.69208" lon="-78.5471">
        <ele>105.1</ele>
      </trkpt>
      <trkpt lat="35.6921" lon="-78.54717">
        <ele>105.1</ele>
      </trkpt>
      <trkpt lat="35.6921" lon="-78.54719">
        <ele>105.0</ele>
      </trkpt>
      <trkpt lat="35.69214" lon="-78.54742">
        <ele>105.0</ele>
      </trkpt>
      <trkpt lat="35.6922" lon="-78.54775">
        <ele>104.8</ele>
      </trkpt>
      <trkpt lat="35.69226" lon="-78.54812">
        <ele>104.8</ele>
      </trkpt>
      <trkpt lat="35.69233" lon="-78.54883">
        <ele>105.9</ele>
      </trkpt>
      <trkpt lat="35.69233" lon="-78.54884">
        <ele>105.9</ele>
      </trkpt>
      <trkpt lat="35.69234" lon="-78.54895">
        <ele>105.8</ele>
      </trkpt>
      <trkpt lat="35.69236" lon="-78.54914">
        <ele>105.5</ele>
      </trkpt>
      <trkpt lat="35.6924" lon="-78.54949">
        <ele>105.1</ele>
      </trkpt>
      <trkpt lat="35.69246" lon="-78.55008">
        <ele>104.0</ele>
      </trkpt>
      <trkpt lat="35.69246" lon="-78.55008">
        <ele>104.0</ele>
      </trkpt>
      <trkpt lat="35.69279" lon="-78.55005">
        <ele>104.2</ele>
      </trkpt>
      <trkpt lat="35.69283" lon="-78.55005">
        <ele>104.3</ele>
      </trkpt>
      <trkpt lat="35.69309" lon="-78.55004">
        <ele>104.6</ele>
      </trkpt>
      <trkpt lat="35.69309" lon="-78.55004">
        <ele>104.6</ele>
      </trkpt>
      <trkpt lat="35.69367" lon="-78.55">
        <ele>105.8</ele>
      </trkpt>
      <trkpt lat="35.69403" lon="-78.54998">
        <ele>106.6</ele>
      </trkpt>
      <trkpt lat="35.69432" lon="-78.54997">
        <ele>107.3</ele>
      </trkpt>
      <trkpt lat="35.69458" lon="-78.54996">
        <ele>108.3</ele>
      </trkpt>
      <trkpt lat="35.69499" lon="-78.54994">
        <ele>109.4</ele>
      </trkpt>
      <trkpt lat="35.69517" lon="-78.54993">
        <ele>109.7</ele>
      </trkpt>
      <trkpt lat="35.69518" lon="-78.54993">
        <ele>109.7</ele>
      </trkpt>
      <trkpt lat="35.69569" lon="-78.5499">
        <ele>110.5</ele>
      </trkpt>
      <trkpt lat="35.69579" lon="-78.54989">
        <ele>110.8</ele>
      </trkpt>
      <trkpt lat="35.69586" lon="-78.54987">
        <ele>111.1</ele>
      </trkpt>
      <trkpt lat="35.69592" lon="-78.54985">
        <ele>111.2</ele>
      </trkpt>
      <trkpt lat="35.69597" lon="-78.54983">
        <ele>111.4</ele>
      </trkpt>
      <trkpt lat="35.69602" lon="-78.54981">
        <ele>111.6</ele>
      </trkpt>
      <trkpt lat="35.69606" lon="-78.54978">
        <ele>111.4</ele>
      </trkpt>
      <trkpt lat="35.69609" lon="-78.54976">
        <ele>111.5</ele>
      </trkpt>
      <trkpt lat="35.69613" lon="-78.54973">
        <ele>111.4</ele>
      </trkpt>
      <trkpt lat="35.69616" lon="-78.54969">
        <ele>111.3</ele>
      </trkpt>
      <trkpt lat="35.69618" lon="-78.54967">
        <ele>111.2</ele>
      </trkpt>
      <trkpt lat="35.69618" lon="-78.54966">
        <ele>111.2</ele>
      </trkpt>
      <trkpt lat="35.6962" lon="-78.54964">
        <ele>111.2</ele>
      </trkpt>
      <trkpt lat="35.69626" lon="-78.54955">
        <ele>111.1</ele>
      </trkpt>
      <trkpt lat="35.69632" lon="-78.54943">
        <ele>111.1</ele>
      </trkpt>
      <trkpt lat="35.69636" lon="-78.54935">
        <ele>111.0</ele>
      </trkpt>
      <trkpt lat="35.6964" lon="-78.54924">
        <ele>110.9</ele>
      </trkpt>
      <trkpt lat="35.69643" lon="-78.54917">
        <ele>110.7</ele>
      </trkpt>
      <trkpt lat="35.6965" lon="-78.54898">
        <ele>110.3</ele>
      </trkpt>
      <trkpt lat="35.69652" lon="-78.54886">
        <ele>110.0</ele>
      </trkpt>
      <trkpt lat="35.69665" lon="-78.54846">
        <ele>110.9</ele>
      </trkpt>
      <trkpt lat="35.69665" lon="-78.54845">
        <ele>110.9</ele>
      </trkpt>
      <trkpt lat="35.69693" lon="-78.54757">
        <ele>112.4</ele>
      </trkpt>
      <trkpt lat="35.69704" lon="-78.54721">
        <ele>112.5</ele>
      </trkpt>
      <trkpt lat="35.69714" lon="-78.54689">
        <ele>112.6</ele>
      </trkpt>
      <trkpt lat="35.69724" lon="-78.5466">
        <ele>112.5</ele>
      </trkpt>
      <trkpt lat="35.6973" lon="-78.54634">
        <ele>112.7</ele>
      </trkpt>
      <trkpt lat="35.69733" lon="-78.54623">
        <ele>112.9</ele>
      </trkpt>
      <trkpt lat="35.69734" lon="-78.54621">
        <ele>112.9</ele>
      </trkpt>
      <trkpt lat="35.69736" lon="-78.54606">
        <ele>113.0</ele>
      </trkpt>
      <trkpt lat="35.69738" lon="-78.54593">
        <ele>113.1</ele>
      </trkpt>
      <trkpt lat="35.6974" lon="-78.5458">
        <ele>113.2</ele>
      </trkpt>
      <trkpt lat="35.69741" lon="-78.54563">
        <ele>113.5</ele>
      </trkpt>
      <trkpt lat="35.69741" lon="-78.5454">
        <ele>113.8</ele>
      </trkpt>
      <trkpt lat="35.69741" lon="-78.54534">
        <ele>113.9</ele>
      </trkpt>
      <trkpt lat="35.69741" lon="-78.54514">
        <ele>114.3</ele>
      </trkpt>
      <trkpt lat="35.6974" lon="-78.54494">
        <ele>114.6</ele>
      </trkpt>
      <trkpt lat="35.6974" lon="-78.54491">
        <ele>114.6</ele>
      </trkpt>
      <trkpt lat="35.6974" lon="-78.5449">
        <ele>114.6</ele>
      </trkpt>
      <trkpt lat="35.6974" lon="-78.54484">
        <ele>114.6</ele>
      </trkpt>
      <trkpt lat="35.6974" lon="-78.54471">
        <ele>114.7</ele>
      </trkpt>
      <trkpt lat="35.6974" lon="-78.54467">
        <ele>114.7</ele>
      </trkpt>
      <trkpt lat="35.69739" lon="-78.54444">
        <ele>114.1</ele>
      </trkpt>
      <trkpt lat="35.6974" lon="-78.54423">
        <ele>113.3</ele>
      </trkpt>
      <trkpt lat="35.6974" lon="-78.54422">
        <ele>113.2</ele>
      </trkpt>
      <trkpt lat="35.6974" lon="-78.54405">
        <ele>112.6</ele>
      </trkpt>
      <trkpt lat="35.69741" lon="-78.54396">
        <ele>112.3</ele>
      </trkpt>
      <trkpt lat="35.69742" lon="-78.54382">
        <ele>112.0</ele>
      </trkpt>
      <trkpt lat="35.69743" lon="-78.5438">
        <ele>112.0</ele>
      </trkpt>
      <trkpt lat="35.69743" lon="-78.54379">
        <ele>112.0</ele>
      </trkpt>
      <trkpt lat="35.69745" lon="-78.54366">
        <ele>112.2</ele>
      </trkpt>
      <trkpt lat="35.69746" lon="-78.5436">
        <ele>112.3</ele>
      </trkpt>
      <trkpt lat="35.69748" lon="-78.5435">
        <ele>112.5</ele>
      </trkpt>
      <trkpt lat="35.6975" lon="-78.54342">
        <ele>112.7</ele>
      </trkpt>
      <trkpt lat="35.6975" lon="-78.54341">
        <ele>112.6</ele>
      </trkpt>
      <trkpt lat="35.69751" lon="-78.54336">
        <ele>112.5</ele>
      </trkpt>
      <trkpt lat="35.69752" lon="-78.54333">
        <ele>112.5</ele>
      </trkpt>
      <trkpt lat="35.69755" lon="-78.54324">
        <ele>112.5</ele>
      </trkpt>
      <trkpt lat="35.69757" lon="-78.54318">
        <ele>112.3</ele>
      </trkpt>
      <trkpt lat="35.69762" lon="-78.54308">
        <ele>112.1</ele>
      </trkpt>
      <trkpt lat="35.69766" lon="-78.54297">
        <ele>111.7</ele>
      </trkpt>
      <trkpt lat="35.6977" lon="-78.54291">
        <ele>111.7</ele>
      </trkpt>
      <trkpt lat="35.69774" lon="-78.54284">
        <ele>111.8</ele>
      </trkpt>
      <trkpt lat="35.69774" lon="-78.54283">
        <ele>111.8</ele>
      </trkpt>
      <trkpt lat="35.69777" lon="-78.54278">
        <ele>111.9</ele>
      </trkpt>
      <trkpt lat="35.6978" lon="-78.54274">
        <ele>111.9</ele>
      </trkpt>
      <trkpt lat="35.69791" lon="-78.54259">
        <ele>112.2</ele>
      </trkpt>
      <trkpt lat="35.69791" lon="-78.54258">
        <ele>112.2</ele>
      </trkpt>
      <trkpt lat="35.69795" lon="-78.54253">
        <ele>112.4</ele>
      </trkpt>
      <trkpt lat="35.69798" lon="-78.5425">
        <ele>112.5</ele>
      </trkpt>
      <trkpt lat="35.69807" lon="-78.54237">
        <ele>112.8</ele>
      </trkpt>
      <trkpt lat="35.6984" lon="-78.54194">
        <ele>114.4</ele>
      </trkpt>
      <trkpt lat="35.69844" lon="-78.54187">
        <ele>114.6</ele>
      </trkpt>
      <trkpt lat="35.69846" lon="-78.54185">
        <ele>114.7</ele>
      </trkpt>
      <trkpt lat="35.69863" lon="-78.54163">
        <ele>115.9</ele>
      </trkpt>
      <trkpt lat="35.69866" lon="-78.54158">
        <ele>116.1</ele>
      </trkpt>
      <trkpt lat="35.69871" lon="-78.54151">
        <ele>116.3</ele>
      </trkpt>
      <trkpt lat="35.6988" lon="-78.54139">
        <ele>116.8</ele>
      </trkpt>
      <trkpt lat="35.69941" lon="-78.54058">
        <ele>121.1</ele>
      </trkpt>
      <trkpt lat="35.69948" lon="-78.54049">
        <ele>121.5</ele>
      </trkpt>
      <trkpt lat="35.69954" lon="-78.54042">
        <ele>121.9</ele>
      </trkpt>
      <trkpt lat="35.69966" lon="-78.54026">
        <ele>122.2</ele>
      </trkpt>
      <trkpt lat="35.69967" lon="-78.54024">
        <ele>122.3</ele>
      </trkpt>
      <trkpt lat="35.69968" lon="-78.54024">
        <ele>122.3</ele>
      </trkpt>
      <trkpt lat="35.69969" lon="-78.54021">
        <ele>122.3</ele>
      </trkpt>
      <trkpt lat="35.69973" lon="-78.54017">
        <ele>122.3</ele>
      </trkpt>
      <trkpt lat="35.69973" lon="-78.54016">
        <ele>122.3</ele>
      </trkpt>
      <trkpt lat="35.69976" lon="-78.54013">
        <ele>122.3</ele>
      </trkpt>
      <trkpt lat="35.69978" lon="-78.5401">
        <ele>122.4</ele>
      </trkpt>
      <trkpt lat="35.69986" lon="-78.54001">
        <ele>122.2</ele>
      </trkpt>
      <trkpt lat="35.69991" lon="-78.53994">
        <ele>122.0</ele>
      </trkpt>
      <trkpt lat="35.69992" lon="-78.53992">
        <ele>122.0</ele>
      </trkpt>
      <trkpt lat="35.69998" lon="-78.53985">
        <ele>121.7</ele>
      </trkpt>
      <trkpt lat="35.70001" lon="-78.53981">
        <ele>121.5</ele>
      </trkpt>
      <trkpt lat="35.70003" lon="-78.53978">
        <ele>121.5</ele>
      </trkpt>
      <trkpt lat="35.70032" lon="-78.53941">
        <ele>120.2</ele>
      </trkpt>
      <trkpt lat="35.70037" lon="-78.53934">
        <ele>119.9</ele>
      </trkpt>
      <trkpt lat="35.70042" lon="-78.53928">
        <ele>119.7</ele>
      </trkpt>
      <trkpt lat="35.70047" lon="-78.53921">
        <ele>119.6</ele>
      </trkpt>
      <trkpt lat="35.70048" lon="-78.53921">
        <ele>119.5</ele>
      </trkpt>
      <trkpt lat="35.7005" lon="-78.53917">
        <ele>119.4</ele>
      </trkpt>
      <trkpt lat="35.70053" lon="-78.53914">
        <ele>119.3</ele>
      </trkpt>
      <trkpt lat="35.70054" lon="-78.53912">
        <ele>119.3</ele>
      </trkpt>
      <trkpt lat="35.70062" lon="-78.53901">
        <ele>119.3</ele>
      </trkpt>
      <trkpt lat="35.70066" lon="-78.53896">
        <ele>119.5</ele>
      </trkpt>
      <trkpt lat="35.70071" lon="-78.53888">
        <ele>119.6</ele>
      </trkpt>
      <trkpt lat="35.70072" lon="-78.53888">
        <ele>119.6</ele>
      </trkpt>
      <trkpt lat="35.70076" lon="-78.53881">
        <ele>119.7</ele>
      </trkpt>
      <trkpt lat="35.70076" lon="-78.5388">
        <ele>119.7</ele>
      </trkpt>
      <trkpt lat="35.70078" lon="-78.53878">
        <ele>119.7</ele>
      </trkpt>
      <trkpt lat="35.70081" lon="-78.53873">
        <ele>119.8</ele>
      </trkpt>
      <trkpt lat="35.70084" lon="-78.53867">
        <ele>120.0</ele>
      </trkpt>
      <trkpt lat="35.70085" lon="-78.53866">
        <ele>120.0</ele>
      </trkpt>
      <trkpt lat="35.70097" lon="-78.53842">
        <ele>120.5</ele>
      </trkpt>
      <trkpt lat="35.70101" lon="-78.53833">
        <ele>120.7</ele>
      </trkpt>
      <trkpt lat="35.70102" lon="-78.53832">
        <ele>120.8</ele>
      </trkpt>
      <trkpt lat="35.70106" lon="-78.53824">
        <ele>121.1</ele>
      </trkpt>
      <trkpt lat="35.70107" lon="-78.53822">
        <ele>121.2</ele>
      </trkpt>
      <trkpt lat="35.70122" lon="-78.5379">
        <ele>122.2</ele>
      </trkpt>
      <trkpt lat="35.70131" lon="-78.53774">
        <ele>122.8</ele>
      </trkpt>
      <trkpt lat="35.70144" lon="-78.53747">
        <ele>123.3</ele>
      </trkpt>
      <trkpt lat="35.70146" lon="-78.53742">
        <ele>123.4</ele>
      </trkpt>
      <trkpt lat="35.70152" lon="-78.53729">
        <ele>123.6</ele>
      </trkpt>
      <trkpt lat="35.70159" lon="-78.53715">
        <ele>123.7</ele>
      </trkpt>
      <trkpt lat="35.70159" lon="-78.53714">
        <ele>123.8</ele>
      </trkpt>
      <trkpt lat="35.70167" lon="-78.53698">
        <ele>123.8</ele>
      </trkpt>
      <trkpt lat="35.7017" lon="-78.53691">
        <ele>123.8</ele>
      </trkpt>
      <trkpt lat="35.70173" lon="-78.53685">
        <ele>123.9</ele>
      </trkpt>
      <trkpt lat="35.70195" lon="-78.53641">
        <ele>124.0</ele>
      </trkpt>
      <trkpt lat="35.70199" lon="-78.53635">
        <ele>124.0</ele>
      </trkpt>
      <trkpt lat="35.70247" lon="-78.53541">
        <ele>123.7</ele>
      </trkpt>
      <trkpt lat="35.70256" lon="-78.53522">
        <ele>123.6</ele>
      </trkpt>
      <trkpt lat="35.70259" lon="-78.53517">
        <ele>123.5</ele>
      </trkpt>
      <trkpt lat="35.70266" lon="-78.53504">
        <ele>123.5</ele>
      </trkpt>
      <trkpt lat="35.70297" lon="-78.53442">
        <ele>122.5</ele>
      </trkpt>
      <trkpt lat="35.70331" lon="-78.53377">
        <ele>121.6</ele>
      </trkpt>
      <trkpt lat="35.70343" lon="-78.5336">
        <ele>121.4</ele>
      </trkpt>
      <trkpt lat="35.70357" lon="-78.53345">
        <ele>121.2</ele>
      </trkpt>
      <trkpt lat="35.70407" lon="-78.53295">
        <ele>120.8</ele>
      </trkpt>
      <trkpt lat="35.70412" lon="-78.53289">
        <ele>120.7</ele>
      </trkpt>
      <trkpt lat="35.70416" lon="-78.53285">
        <ele>120.6</ele>
      </trkpt>
      <trkpt lat="35.70419" lon="-78.53282">
        <ele>120.6</ele>
      </trkpt>
      <trkpt lat="35.70431" lon="-78.53269">
        <ele>120.3</ele>
      </trkpt>
      <trkpt lat="35.70433" lon="-78.53267">
        <ele>120.3</ele>
      </trkpt>
      <trkpt lat="35.70439" lon="-78.53261">
        <ele>120.1</ele>
      </trkpt>
      <trkpt lat="35.70452" lon="-78.53246">
        <ele>119.4</ele>
      </trkpt>
      <trkpt lat="35.70453" lon="-78.53245">
        <ele>119.4</ele>
      </trkpt>
      <trkpt lat="35.7046" lon="-78.53237">
        <ele>118.9</ele>
      </trkpt>
      <trkpt lat="35.70532" lon="-78.53156">
        <ele>115.6</ele>
      </trkpt>
      <trkpt lat="35.70541" lon="-78.53145">
        <ele>115.1</ele>
      </trkpt>
      <trkpt lat="35.70572" lon="-78.53111">
        <ele>113.9</ele>
      </trkpt>
      <trkpt lat="35.70572" lon="-78.5311">
        <ele>113.9</ele>
      </trkpt>
      <trkpt lat="35.70579" lon="-78.53103">
        <ele>113.7</ele>
      </trkpt>
      <trkpt lat="35.70585" lon="-78.53097">
        <ele>113.5</ele>
      </trkpt>
      <trkpt lat="35.70585" lon="-78.53096">
        <ele>113.5</ele>
      </trkpt>
      <trkpt lat="35.70592" lon="-78.53088">
        <ele>113.3</ele>
      </trkpt>
      <trkpt lat="35.70622" lon="-78.53055">
        <ele>112.7</ele>
      </trkpt>
      <trkpt lat="35.70652" lon="-78.53021">
        <ele>111.9</ele>
      </trkpt>
      <trkpt lat="35.70665" lon="-78.53007">
        <ele>111.4</ele>
      </trkpt>
      <trkpt lat="35.70665" lon="-78.53006">
        <ele>111.4</ele>
      </trkpt>
      <trkpt lat="35.70668" lon="-78.53003">
        <ele>111.4</ele>
      </trkpt>
      <trkpt lat="35.70682" lon="-78.52987">
        <ele>111.2</ele>
      </trkpt>
      <trkpt lat="35.70689" lon="-78.52979">
        <ele>111.1</ele>
      </trkpt>
      <trkpt lat="35.70696" lon="-78.52972">
        <ele>111.0</ele>
      </trkpt>
      <trkpt lat="35.70721" lon="-78.52945">
        <ele>110.2</ele>
      </trkpt>
      <trkpt lat="35.70747" lon="-78.5292">
        <ele>109.5</ele>
      </trkpt>
      <trkpt lat="35.70761" lon="-78.52908">
        <ele>109.1</ele>
      </trkpt>
      <trkpt lat="35.70784" lon="-78.52888">
        <ele>108.6</ele>
      </trkpt>
      <trkpt lat="35.70805" lon="-78.52869">
        <ele>108.2</ele>
      </trkpt>
      <trkpt lat="35.70807" lon="-78.52867">
        <ele>108.2</ele>
      </trkpt>
      <trkpt lat="35.70835" lon="-78.52843">
        <ele>107.8</ele>
      </trkpt>
      <trkpt lat="35.70842" lon="-78.52838">
        <ele>107.6</ele>
      </trkpt>
      <trkpt lat="35.70843" lon="-78.52837">
        <ele>107.6</ele>
      </trkpt>
      <trkpt lat="35.70848" lon="-78.5283">
        <ele>107.4</ele>
      </trkpt>
      <trkpt lat="35.70849" lon="-78.5283">
        <ele>107.3</ele>
      </trkpt>
      <trkpt lat="35.70854" lon="-78.52825">
        <ele>107.1</ele>
      </trkpt>
      <trkpt lat="35.70861" lon="-78.52817">
        <ele>106.5</ele>
      </trkpt>
      <trkpt lat="35.70863" lon="-78.52815">
        <ele>106.4</ele>
      </trkpt>
      <trkpt lat="35.70867" lon="-78.52811">
        <ele>106.0</ele>
      </trkpt>
      <trkpt lat="35.7087" lon="-78.52807">
        <ele>105.7</ele>
      </trkpt>
      <trkpt lat="35.70876" lon="-78.52801">
        <ele>105.3</ele>
      </trkpt>
      <trkpt lat="35.7089" lon="-78.52785">
        <ele>104.3</ele>
      </trkpt>
      <trkpt lat="35.7092" lon="-78.5275">
        <ele>101.9</ele>
      </trkpt>
      <trkpt lat="35.70923" lon="-78.52747">
        <ele>101.8</ele>
      </trkpt>
      <trkpt lat="35.70927" lon="-78.52742">
        <ele>101.5</ele>
      </trkpt>
      <trkpt lat="35.70928" lon="-78.52741">
        <ele>101.4</ele>
      </trkpt>
      <trkpt lat="35.70929" lon="-78.5274">
        <ele>101.4</ele>
      </trkpt>
      <trkpt lat="35.7094" lon="-78.52727">
        <ele>100.9</ele>
      </trkpt>
      <trkpt lat="35.70946" lon="-78.5272">
        <ele>100.6</ele>
      </trkpt>
      <trkpt lat="35.70949" lon="-78.52717">
        <ele>100.6</ele>
      </trkpt>
      <trkpt lat="35.70954" lon="-78.52711">
        <ele>100.5</ele>
      </trkpt>
      <trkpt lat="35.70954" lon="-78.5271">
        <ele>100.5</ele>
      </trkpt>
      <trkpt lat="35.70955" lon="-78.5271">
        <ele>100.5</ele>
      </trkpt>
      <trkpt lat="35.7096" lon="-78.52704">
        <ele>100.5</ele>
      </trkpt>
      <trkpt lat="35.70962" lon="-78.52702">
        <ele>100.4</ele>
      </trkpt>
      <trkpt lat="35.70967" lon="-78.52696">
        <ele>100.5</ele>
      </trkpt>
      <trkpt lat="35.70973" lon="-78.52689">
        <ele>100.6</ele>
      </trkpt>
      <trkpt lat="35.70975" lon="-78.52687">
        <ele>100.6</ele>
      </trkpt>
      <trkpt lat="35.70981" lon="-78.5268">
        <ele>100.7</ele>
      </trkpt>
      <trkpt lat="35.70986" lon="-78.52674">
        <ele>100.8</ele>
      </trkpt>
      <trkpt lat="35.70988" lon="-78.52672">
        <ele>100.9</ele>
      </trkpt>
      <trkpt lat="35.70993" lon="-78.52666">
        <ele>101.0</ele>
      </trkpt>
      <trkpt lat="35.70996" lon="-78.52663">
        <ele>101.1</ele>
      </trkpt>
      <trkpt lat="35.71025" lon="-78.52629">
        <ele>101.9</ele>
      </trkpt>
      <trkpt lat="35.71028" lon="-78.52626">
        <ele>101.9</ele>
      </trkpt>
      <trkpt lat="35.71033" lon="-78.5262">
        <ele>102.0</ele>
      </trkpt>
      <trkpt lat="35.71034" lon="-78.52619">
        <ele>102.0</ele>
      </trkpt>
      <trkpt lat="35.71038" lon="-78.52614">
        <ele>102.0</ele>
      </trkpt>
      <trkpt lat="35.71041" lon="-78.52611">
        <ele>102.0</ele>
      </trkpt>
      <trkpt lat="35.71045" lon="-78.52605">
        <ele>102.0</ele>
      </trkpt>
      <trkpt lat="35.71048" lon="-78.52602">
        <ele>101.9</ele>
      </trkpt>
      <trkpt lat="35.71051" lon="-78.52598">
        <ele>101.8</ele>
      </trkpt>
      <trkpt lat="35.71054" lon="-78.52596">
        <ele>101.7</ele>
      </trkpt>
      <trkpt lat="35.71058" lon="-78.52591">
        <ele>101.6</ele>
      </trkpt>
      <trkpt lat="35.71059" lon="-78.52589">
        <ele>101.5</ele>
      </trkpt>
      <trkpt lat="35.7106" lon="-78.52588">
        <ele>101.5</ele>
      </trkpt>
      <trkpt lat="35.71064" lon="-78.52583">
        <ele>101.2</ele>
      </trkpt>
      <trkpt lat="35.71067" lon="-78.5258">
        <ele>101.0</ele>
      </trkpt>
      <trkpt lat="35.71071" lon="-78.52575">
        <ele>100.7</ele>
      </trkpt>
      <trkpt lat="35.71077" lon="-78.52568">
        <ele>100.2</ele>
      </trkpt>
      <trkpt lat="35.71082" lon="-78.52563">
        <ele>99.9</ele>
      </trkpt>
      <trkpt lat="35.71086" lon="-78.52558">
        <ele>99.6</ele>
      </trkpt>
      <trkpt lat="35.71096" lon="-78.52545">
        <ele>98.7</ele>
      </trkpt>
      <trkpt lat="35.71105" lon="-78.52535">
        <ele>97.9</ele>
      </trkpt>
      <trkpt lat="35.71129" lon="-78.52506">
        <ele>95.8</ele>
      </trkpt>
      <trkpt lat="35.71131" lon="-78.52503">
        <ele>95.7</ele>
      </trkpt>
      <trkpt lat="35.71132" lon="-78.52501">
        <ele>95.6</ele>
      </trkpt>
      <trkpt lat="35.71141" lon="-78.5249">
        <ele>95.1</ele>
      </trkpt>
      <trkpt lat="35.71144" lon="-78.52487">
        <ele>94.9</ele>
      </trkpt>
      <trkpt lat="35.7115" lon="-78.5248">
        <ele>94.6</ele>
      </trkpt>
      <trkpt lat="35.71156" lon="-78.52472">
        <ele>94.2</ele>
      </trkpt>
      <trkpt lat="35.71158" lon="-78.5247">
        <ele>94.2</ele>
      </trkpt>
      <trkpt lat="35.71161" lon="-78.52466">
        <ele>94.2</ele>
      </trkpt>
      <trkpt lat="35.71162" lon="-78.52465">
        <ele>94.1</ele>
      </trkpt>
      <trkpt lat="35.71162" lon="-78.52464">
        <ele>94.2</ele>
      </trkpt>
      <trkpt lat="35.71165" lon="-78.52462">
        <ele>93.9</ele>
      </trkpt>
      <trkpt lat="35.71167" lon="-78.52459">
        <ele>93.9</ele>
      </trkpt>
      <trkpt lat="35.71175" lon="-78.5245">
        <ele>93.7</ele>
      </trkpt>
      <trkpt lat="35.71176" lon="-78.52449">
        <ele>93.7</ele>
      </trkpt>
      <trkpt lat="35.71185" lon="-78.52439">
        <ele>93.7</ele>
      </trkpt>
      <trkpt lat="35.71195" lon="-78.52431">
        <ele>93.5</ele>
      </trkpt>
      <trkpt lat="35.71206" lon="-78.52421">
        <ele>93.5</ele>
      </trkpt>
      <trkpt lat="35.7121" lon="-78.52418">
        <ele>93.4</ele>
      </trkpt>
      <trkpt lat="35.71235" lon="-78.524">
        <ele>92.9</ele>
      </trkpt>
      <trkpt lat="35.71256" lon="-78.52385">
        <ele>92.4</ele>
      </trkpt>
      <trkpt lat="35.71265" lon="-78.52379">
        <ele>92.4</ele>
      </trkpt>
      <trkpt lat="35.71272" lon="-78.52374">
        <ele>92.2</ele>
      </trkpt>
      <trkpt lat="35.71288" lon="-78.52363">
        <ele>91.8</ele>
      </trkpt>
      <trkpt lat="35.71289" lon="-78.52362">
        <ele>91.8</ele>
      </trkpt>
      <trkpt lat="35.71294" lon="-78.52358">
        <ele>91.8</ele>
      </trkpt>
      <trkpt lat="35.71303" lon="-78.52352">
        <ele>91.4</ele>
      </trkpt>
      <trkpt lat="35.71306" lon="-78.5235">
        <ele>91.3</ele>
      </trkpt>
      <trkpt lat="35.71313" lon="-78.52346">
        <ele>91.0</ele>
      </trkpt>
      <trkpt lat="35.71313" lon="-78.52345">
        <ele>91.0</ele>
      </trkpt>
      <trkpt lat="35.71317" lon="-78.52343">
        <ele>90.9</ele>
      </trkpt>
      <trkpt lat="35.71328" lon="-78.52335">
        <ele>90.3</ele>
      </trkpt>
      <trkpt lat="35.7136" lon="-78.52313">
        <ele>88.9</ele>
      </trkpt>
      <trkpt lat="35.71369" lon="-78.52307">
        <ele>88.4</ele>
      </trkpt>
      <trkpt lat="35.71406" lon="-78.52281">
        <ele>86.1</ele>
      </trkpt>
      <trkpt lat="35.71407" lon="-78.52281">
        <ele>86.0</ele>
      </trkpt>
      <trkpt lat="35.71411" lon="-78.52278">
        <ele>85.8</ele>
      </trkpt>
      <trkpt lat="35.71423" lon="-78.52269">
        <ele>85.2</ele>
      </trkpt>
      <trkpt lat="35.71431" lon="-78.52263">
        <ele>84.9</ele>
      </trkpt>
      <trkpt lat="35.71438" lon="-78.52259">
        <ele>84.7</ele>
      </trkpt>
      <trkpt lat="35.71454" lon="-78.52248">
        <ele>84.1</ele>
      </trkpt>
      <trkpt lat="35.71454" lon="-78.52247">
        <ele>84.1</ele>
      </trkpt>
      <trkpt lat="35.71458" lon="-78.52245">
        <ele>84.0</ele>
      </trkpt>
      <trkpt lat="35.71461" lon="-78.52243">
        <ele>84.0</ele>
      </trkpt>
      <trkpt lat="35.71463" lon="-78.52242">
        <ele>84.0</ele>
      </trkpt>
      <trkpt lat="35.71478" lon="-78.52231">
        <ele>83.5</ele>
      </trkpt>
      <trkpt lat="35.71485" lon="-78.52226">
        <ele>83.4</ele>
      </trkpt>
      <trkpt lat="35.71501" lon="-78.52215">
        <ele>83.2</ele>
      </trkpt>
      <trkpt lat="35.71512" lon="-78.52207">
        <ele>83.2</ele>
      </trkpt>
      <trkpt lat="35.71516" lon="-78.52205">
        <ele>83.1</ele>
      </trkpt>
      <trkpt lat="35.71517" lon="-78.52204">
        <ele>83.1</ele>
      </trkpt>
      <trkpt lat="35.71526" lon="-78.52198">
        <ele>83.0</ele>
      </trkpt>
      <trkpt lat="35.71541" lon="-78.52187">
        <ele>82.9</ele>
      </trkpt>
      <trkpt lat="35.71613" lon="-78.52137">
        <ele>82.6</ele>
      </trkpt>
      <trkpt lat="35.71646" lon="-78.52114">
        <ele>82.3</ele>
      </trkpt>
      <trkpt lat="35.71651" lon="-78.52111">
        <ele>82.4</ele>
      </trkpt>
      <trkpt lat="35.71697" lon="-78.52078">
        <ele>82.2</ele>
      </trkpt>
      <trkpt lat="35.71707" lon="-78.52071">
        <ele>82.1</ele>
      </trkpt>
      <trkpt lat="35.71713" lon="-78.52067">
        <ele>82.1</ele>
      </trkpt>
      <trkpt lat="35.71723" lon="-78.5206">
        <ele>82.1</ele>
      </trkpt>
      <trkpt lat="35.71775" lon="-78.52023">
        <ele>82.3</ele>
      </trkpt>
      <trkpt lat="35.71812" lon="-78.51997">
        <ele>82.2</ele>
      </trkpt>
      <trkpt lat="35.71838" lon="-78.51979">
        <ele>81.8</ele>
      </trkpt>
      <trkpt lat="35.71861" lon="-78.51963">
        <ele>81.5</ele>
      </trkpt>
      <trkpt lat="35.71881" lon="-78.51949">
        <ele>81.1</ele>
      </trkpt>
      <trkpt lat="35.71916" lon="-78.51923">
        <ele>81.3</ele>
      </trkpt>
      <trkpt lat="35.71936" lon="-78.51911">
        <ele>81.6</ele>
      </trkpt>
      <trkpt lat="35.71941" lon="-78.51908">
        <ele>81.6</ele>
      </trkpt>
      <trkpt lat="35.71948" lon="-78.51903">
        <ele>81.7</ele>
      </trkpt>
      <trkpt lat="35.7196" lon="-78.51895">
        <ele>81.7</ele>
      </trkpt>
      <trkpt lat="35.71963" lon="-78.51893">
        <ele>81.7</ele>
      </trkpt>
      <trkpt lat="35.71973" lon="-78.51887">
        <ele>81.6</ele>
      </trkpt>
      <trkpt lat="35.71983" lon="-78.51882">
        <ele>81.5</ele>
      </trkpt>
      <trkpt lat="35.71987" lon="-78.5188">
        <ele>81.4</ele>
      </trkpt>
      <trkpt lat="35.71992" lon="-78.51878">
        <ele>81.2</ele>
      </trkpt>
      <trkpt lat="35.71996" lon="-78.51876">
        <ele>81.2</ele>
      </trkpt>
      <trkpt lat="35.72001" lon="-78.51873">
        <ele>81.2</ele>
      </trkpt>
      <trkpt lat="35.72005" lon="-78.51871">
        <ele>81.1</ele>
      </trkpt>
      <trkpt lat="35.72008" lon="-78.5187">
        <ele>81.1</ele>
      </trkpt>
      <trkpt lat="35.72021" lon="-78.51865">
        <ele>80.8</ele>
      </trkpt>
      <trkpt lat="35.72038" lon="-78.51859">
        <ele>80.4</ele>
      </trkpt>
      <trkpt lat="35.72052" lon="-78.51855">
        <ele>80.1</ele>
      </trkpt>
      <trkpt lat="35.7207" lon="-78.5185">
        <ele>79.7</ele>
      </trkpt>
      <trkpt lat="35.72085" lon="-78.51847">
        <ele>79.4</ele>
      </trkpt>
      <trkpt lat="35.72114" lon="-78.51842">
        <ele>78.8</ele>
      </trkpt>
      <trkpt lat="35.72116" lon="-78.51841">
        <ele>78.8</ele>
      </trkpt>
      <trkpt lat="35.72128" lon="-78.51839">
        <ele>78.6</ele>
      </trkpt>
      <trkpt lat="35.72133" lon="-78.51838">
        <ele>78.5</ele>
      </trkpt>
      <trkpt lat="35.72188" lon="-78.51828">
        <ele>77.8</ele>
      </trkpt>
      <trkpt lat="35.72217" lon="-78.51824">
        <ele>77.3</ele>
      </trkpt>
      <trkpt lat="35.72265" lon="-78.51815">
        <ele>76.7</ele>
      </trkpt>
      <trkpt lat="35.72288" lon="-78.5181">
        <ele>76.3</ele>
      </trkpt>
      <trkpt lat="35.72289" lon="-78.5181">
        <ele>76.2</ele>
      </trkpt>
      <trkpt lat="35.72299" lon="-78.51806">
        <ele>75.9</ele>
      </trkpt>
      <trkpt lat="35.72302" lon="-78.51805">
        <ele>75.9</ele>
      </trkpt>
      <trkpt lat="35.72305" lon="-78.51804">
        <ele>75.9</ele>
      </trkpt>
      <trkpt lat="35.72306" lon="-78.51804">
        <ele>75.9</ele>
      </trkpt>
      <trkpt lat="35.72319" lon="-78.51797">
        <ele>75.4</ele>
      </trkpt>
      <trkpt lat="35.72322" lon="-78.51796">
        <ele>75.3</ele>
      </trkpt>
      <trkpt lat="35.7233" lon="-78.51792">
        <ele>75.2</ele>
      </trkpt>
      <trkpt lat="35.72335" lon="-78.51788">
        <ele>74.9</ele>
      </trkpt>
      <trkpt lat="35.72339" lon="-78.51786">
        <ele>74.9</ele>
      </trkpt>
      <trkpt lat="35.72345" lon="-78.51782">
        <ele>74.7</ele>
      </trkpt>
      <trkpt lat="35.72357" lon="-78.51773">
        <ele>74.5</ele>
      </trkpt>
      <trkpt lat="35.72366" lon="-78.51765">
        <ele>74.2</ele>
      </trkpt>
      <trkpt lat="35.72373" lon="-78.51757">
        <ele>73.8</ele>
      </trkpt>
      <trkpt lat="35.72387" lon="-78.51741">
        <ele>72.9</ele>
      </trkpt>
      <trkpt lat="35.72392" lon="-78.51735">
        <ele>72.6</ele>
      </trkpt>
      <trkpt lat="35.72403" lon="-78.51719">
        <ele>71.7</ele>
      </trkpt>
      <trkpt lat="35.72441" lon="-78.5167">
        <ele>70.3</ele>
      </trkpt>
      <trkpt lat="35.72443" lon="-78.51666">
        <ele>70.2</ele>
      </trkpt>
      <trkpt lat="35.72453" lon="-78.51654">
        <ele>69.7</ele>
      </trkpt>
      <trkpt lat="35.72456" lon="-78.5165">
        <ele>69.6</ele>
      </trkpt>
      <trkpt lat="35.72465" lon="-78.51639">
        <ele>68.9</ele>
      </trkpt>
      <trkpt lat="35.72477" lon="-78.51623">
        <ele>68.3</ele>
      </trkpt>
      <trkpt lat="35.72478" lon="-78.51621">
        <ele>68.1</ele>
      </trkpt>
      <trkpt lat="35.7248" lon="-78.51618">
        <ele>67.9</ele>
      </trkpt>
      <trkpt lat="35.7249" lon="-78.51605">
        <ele>66.9</ele>
      </trkpt>
      <trkpt lat="35.72493" lon="-78.51602">
        <ele>66.7</ele>
      </trkpt>
      <trkpt lat="35.72501" lon="-78.5159">
        <ele>65.7</ele>
      </trkpt>
      <trkpt lat="35.72503" lon="-78.51589">
        <ele>65.7</ele>
      </trkpt>
      <trkpt lat="35.72505" lon="-78.51586">
        <ele>65.5</ele>
      </trkpt>
      <trkpt lat="35.7252" lon="-78.51567">
        <ele>63.7</ele>
      </trkpt>
      <trkpt lat="35.72527" lon="-78.51559">
        <ele>63.1</ele>
      </trkpt>
      <trkpt lat="35.7253" lon="-78.51555">
        <ele>62.6</ele>
      </trkpt>
      <trkpt lat="35.7253" lon="-78.51554">
        <ele>62.5</ele>
      </trkpt>
      <trkpt lat="35.72542" lon="-78.51538">
        <ele>61.1</ele>
      </trkpt>
      <trkpt lat="35.72545" lon="-78.51534">
        <ele>60.8</ele>
      </trkpt>
      <trkpt lat="35.72551" lon="-78.51527">
        <ele>60.3</ele>
      </trkpt>
      <trkpt lat="35.72555" lon="-78.51521">
        <ele>59.8</ele>
      </trkpt>
      <trkpt lat="35.72565" lon="-78.51508">
        <ele>58.7</ele>
      </trkpt>
      <trkpt lat="35.72577" lon="-78.51492">
        <ele>57.6</ele>
      </trkpt>
      <trkpt lat="35.7259" lon="-78.51476">
        <ele>56.3</ele>
      </trkpt>
      <trkpt lat="35.72602" lon="-78.5146">
        <ele>55.3</ele>
      </trkpt>
      <trkpt lat="35.72606" lon="-78.51455">
        <ele>54.9</ele>
      </trkpt>
      <trkpt lat="35.72627" lon="-78.51427">
        <ele>54.1</ele>
      </trkpt>
      <trkpt lat="35.7265" lon="-78.51396">
        <ele>53.7</ele>
      </trkpt>
      <trkpt lat="35.72662" lon="-78.5138">
        <ele>53.6</ele>
      </trkpt>
      <trkpt lat="35.72674" lon="-78.51364">
        <ele>53.4</ele>
      </trkpt>
      <trkpt lat="35.72687" lon="-78.51348">
        <ele>53.2</ele>
      </trkpt>
      <trkpt lat="35.72692" lon="-78.5134">
        <ele>53.2</ele>
      </trkpt>
      <trkpt lat="35.72703" lon="-78.51326">
        <ele>53.0</ele>
      </trkpt>
      <trkpt lat="35.72705" lon="-78.51324">
        <ele>53.0</ele>
      </trkpt>
      <trkpt lat="35.72726" lon="-78.51299">
        <ele>52.7</ele>
      </trkpt>
      <trkpt lat="35.7273" lon="-78.51293">
        <ele>52.7</ele>
      </trkpt>
      <trkpt lat="35.72755" lon="-78.51261">
        <ele>52.4</ele>
      </trkpt>
      <trkpt lat="35.72755" lon="-78.5126">
        <ele>52.5</ele>
      </trkpt>
      <trkpt lat="35.72767" lon="-78.51244">
        <ele>52.5</ele>
      </trkpt>
      <trkpt lat="35.72776" lon="-78.51233">
        <ele>52.6</ele>
      </trkpt>
      <trkpt lat="35.7278" lon="-78.51228">
        <ele>52.5</ele>
      </trkpt>
      <trkpt lat="35.72804" lon="-78.51196">
        <ele>52.4</ele>
      </trkpt>
      <trkpt lat="35.72808" lon="-78.51191">
        <ele>52.4</ele>
      </trkpt>
      <trkpt lat="35.72826" lon="-78.51167">
        <ele>52.7</ele>
      </trkpt>
      <trkpt lat="35.72844" lon="-78.51145">
        <ele>52.6</ele>
      </trkpt>
      <trkpt lat="35.72851" lon="-78.51134">
        <ele>52.5</ele>
      </trkpt>
      <trkpt lat="35.72855" lon="-78.51128">
        <ele>52.6</ele>
      </trkpt>
      <trkpt lat="35.72862" lon="-78.51116">
        <ele>53.0</ele>
      </trkpt>
      <trkpt lat="35.72864" lon="-78.51113">
        <ele>52.8</ele>
      </trkpt>
      <trkpt lat="35.72866" lon="-78.51109">
        <ele>52.7</ele>
      </trkpt>
      <trkpt lat="35.72869" lon="-78.51103">
        <ele>52.8</ele>
      </trkpt>
      <trkpt lat="35.72873" lon="-78.51094">
        <ele>53.0</ele>
      </trkpt>
      <trkpt lat="35.72875" lon="-78.5109">
        <ele>52.9</ele>
      </trkpt>
      <trkpt lat="35.72881" lon="-78.51074">
        <ele>53.3</ele>
      </trkpt>
      <trkpt lat="35.72883" lon="-78.51069">
        <ele>53.4</ele>
      </trkpt>
      <trkpt lat="35.72886" lon="-78.51062">
        <ele>53.5</ele>
      </trkpt>
      <trkpt lat="35.72891" lon="-78.51039">
        <ele>54.2</ele>
      </trkpt>
      <trkpt lat="35.72894" lon="-78.51021">
        <ele>54.5</ele>
      </trkpt>
      <trkpt lat="35.72896" lon="-78.51012">
        <ele>54.7</ele>
      </trkpt>
      <trkpt lat="35.72897" lon="-78.50997">
        <ele>55.2</ele>
      </trkpt>
      <trkpt lat="35.729" lon="-78.50975">
        <ele>55.6</ele>
      </trkpt>
      <trkpt lat="35.72901" lon="-78.50955">
        <ele>56.0</ele>
      </trkpt>
      <trkpt lat="35.72905" lon="-78.50917">
        <ele>57.0</ele>
      </trkpt>
      <trkpt lat="35.72908" lon="-78.50887">
        <ele>58.1</ele>
      </trkpt>
      <trkpt lat="35.72908" lon="-78.50879">
        <ele>58.4</ele>
      </trkpt>
      <trkpt lat="35.7291" lon="-78.50865">
        <ele>58.6</ele>
      </trkpt>
      <trkpt lat="35.7291" lon="-78.50863">
        <ele>58.6</ele>
      </trkpt>
      <trkpt lat="35.72911" lon="-78.50858">
        <ele>58.7</ele>
      </trkpt>
      <trkpt lat="35.72911" lon="-78.50851">
        <ele>58.7</ele>
      </trkpt>
      <trkpt lat="35.72912" lon="-78.50838">
        <ele>58.7</ele>
      </trkpt>
      <trkpt lat="35.72914" lon="-78.50821">
        <ele>58.7</ele>
      </trkpt>
      <trkpt lat="35.72915" lon="-78.50807">
        <ele>58.7</ele>
      </trkpt>
      <trkpt lat="35.72916" lon="-78.50799">
        <ele>58.7</ele>
      </trkpt>
      <trkpt lat="35.72916" lon="-78.50797">
        <ele>58.7</ele>
      </trkpt>
      <trkpt lat="35.72918" lon="-78.50774">
        <ele>59.1</ele>
      </trkpt>
      <trkpt lat="35.72921" lon="-78.50753">
        <ele>59.3</ele>
      </trkpt>
      <trkpt lat="35.72922" lon="-78.50747">
        <ele>59.3</ele>
      </trkpt>
      <trkpt lat="35.72924" lon="-78.50732">
        <ele>59.2</ele>
      </trkpt>
      <trkpt lat="35.72926" lon="-78.5072">
        <ele>59.2</ele>
      </trkpt>
      <trkpt lat="35.7293" lon="-78.50701">
        <ele>59.2</ele>
      </trkpt>
      <trkpt lat="35.72936" lon="-78.50675">
        <ele>59.3</ele>
      </trkpt>
      <trkpt lat="35.72938" lon="-78.50669">
        <ele>59.4</ele>
      </trkpt>
      <trkpt lat="35.72938" lon="-78.50667">
        <ele>59.4</ele>
      </trkpt>
      <trkpt lat="35.72939" lon="-78.50662">
        <ele>59.5</ele>
      </trkpt>
      <trkpt lat="35.72944" lon="-78.50646">
        <ele>59.8</ele>
      </trkpt>
      <trkpt lat="35.72944" lon="-78.50643">
        <ele>59.9</ele>
      </trkpt>
      <trkpt lat="35.72949" lon="-78.50627">
        <ele>60.3</ele>
      </trkpt>
      <trkpt lat="35.72949" lon="-78.50625">
        <ele>60.4</ele>
      </trkpt>
      <trkpt lat="35.72956" lon="-78.50607">
        <ele>60.7</ele>
      </trkpt>
      <trkpt lat="35.72963" lon="-78.50589">
        <ele>60.9</ele>
      </trkpt>
      <trkpt lat="35.7297" lon="-78.50574">
        <ele>60.7</ele>
      </trkpt>
      <trkpt lat="35.72971" lon="-78.50569">
        <ele>60.8</ele>
      </trkpt>
      <trkpt lat="35.72985" lon="-78.5054">
        <ele>61.2</ele>
      </trkpt>
      <trkpt lat="35.72987" lon="-78.50535">
        <ele>61.3</ele>
      </trkpt>
      <trkpt lat="35.7299" lon="-78.50531">
        <ele>61.4</ele>
      </trkpt>
      <trkpt lat="35.72991" lon="-78.50527">
        <ele>61.5</ele>
      </trkpt>
      <trkpt lat="35.73001" lon="-78.50509">
        <ele>62.2</ele>
      </trkpt>
      <trkpt lat="35.73008" lon="-78.50493">
        <ele>62.5</ele>
      </trkpt>
      <trkpt lat="35.7301" lon="-78.5049">
        <ele>62.6</ele>
      </trkpt>
      <trkpt lat="35.73016" lon="-78.50478">
        <ele>63.0</ele>
      </trkpt>
      <trkpt lat="35.73019" lon="-78.50472">
        <ele>63.0</ele>
      </trkpt>
      <trkpt lat="35.73025" lon="-78.5046">
        <ele>62.6</ele>
      </trkpt>
      <trkpt lat="35.73025" lon="-78.50459">
        <ele>62.6</ele>
      </trkpt>
      <trkpt lat="35.73026" lon="-78.50458">
        <ele>62.6</ele>
      </trkpt>
      <trkpt lat="35.73048" lon="-78.50419">
        <ele>62.0</ele>
      </trkpt>
      <trkpt lat="35.7306" lon="-78.50396">
        <ele>61.9</ele>
      </trkpt>
      <trkpt lat="35.73066" lon="-78.50383">
        <ele>61.9</ele>
      </trkpt>
      <trkpt lat="35.73074" lon="-78.50366">
        <ele>62.1</ele>
      </trkpt>
      <trkpt lat="35.73077" lon="-78.50358">
        <ele>62.0</ele>
      </trkpt>
      <trkpt lat="35.73081" lon="-78.50348">
        <ele>61.9</ele>
      </trkpt>
      <trkpt lat="35.73105" lon="-78.50277">
        <ele>61.9</ele>
      </trkpt>
      <trkpt lat="35.73111" lon="-78.50258">
        <ele>61.9</ele>
      </trkpt>
      <trkpt lat="35.73112" lon="-78.50256">
        <ele>61.9</ele>
      </trkpt>
      <trkpt lat="35.73113" lon="-78.50252">
        <ele>62.0</ele>
      </trkpt>
      <trkpt lat="35.73116" lon="-78.50244">
        <ele>62.1</ele>
      </trkpt>
      <trkpt lat="35.73118" lon="-78.50237">
        <ele>62.1</ele>
      </trkpt>
      <trkpt lat="35.73119" lon="-78.50236">
        <ele>62.1</ele>
      </trkpt>
      <trkpt lat="35.73123" lon="-78.50224">
        <ele>62.2</ele>
      </trkpt>
      <trkpt lat="35.73125" lon="-78.50218">
        <ele>62.3</ele>
      </trkpt>
      <trkpt lat="35.73126" lon="-78.50216">
        <ele>62.4</ele>
      </trkpt>
      <trkpt lat="35.7313" lon="-78.50203">
        <ele>62.4</ele>
      </trkpt>
      <trkpt lat="35.73133" lon="-78.50195">
        <ele>62.4</ele>
      </trkpt>
      <trkpt lat="35.73144" lon="-78.50162">
        <ele>62.4</ele>
      </trkpt>
      <trkpt lat="35.73147" lon="-78.50154">
        <ele>62.3</ele>
      </trkpt>
      <trkpt lat="35.73149" lon="-78.50148">
        <ele>62.2</ele>
      </trkpt>
      <trkpt lat="35.73155" lon="-78.50134">
        <ele>62.3</ele>
      </trkpt>
      <trkpt lat="35.73155" lon="-78.50133">
        <ele>62.3</ele>
      </trkpt>
      <trkpt lat="35.73162" lon="-78.50116">
        <ele>62.4</ele>
      </trkpt>
      <trkpt lat="35.73168" lon="-78.50104">
        <ele>62.6</ele>
      </trkpt>
      <trkpt lat="35.73172" lon="-78.50096">
        <ele>62.7</ele>
      </trkpt>
      <trkpt lat="35.73172" lon="-78.50095">
        <ele>62.7</ele>
      </trkpt>
      <trkpt lat="35.73176" lon="-78.50089">
        <ele>62.8</ele>
      </trkpt>
      <trkpt lat="35.7318" lon="-78.50081">
        <ele>63.0</ele>
      </trkpt>
      <trkpt lat="35.73182" lon="-78.50079">
        <ele>63.0</ele>
      </trkpt>
      <trkpt lat="35.73182" lon="-78.50077">
        <ele>63.1</ele>
      </trkpt>
      <trkpt lat="35.73185" lon="-78.50074">
        <ele>63.0</ele>
      </trkpt>
      <trkpt lat="35.73189" lon="-78.50067">
        <ele>63.2</ele>
      </trkpt>
      <trkpt lat="35.73193" lon="-78.50061">
        <ele>63.3</ele>
      </trkpt>
      <trkpt lat="35.73193" lon="-78.5006">
        <ele>63.4</ele>
      </trkpt>
      <trkpt lat="35.73197" lon="-78.50055">
        <ele>63.5</ele>
      </trkpt>
      <trkpt lat="35.73216" lon="-78.50026">
        <ele>64.2</ele>
      </trkpt>
      <trkpt lat="35.73222" lon="-78.50017">
        <ele>64.4</ele>
      </trkpt>
      <trkpt lat="35.73227" lon="-78.5001">
        <ele>64.6</ele>
      </trkpt>
      <trkpt lat="35.7323" lon="-78.50006">
        <ele>64.7</ele>
      </trkpt>
      <trkpt lat="35.73236" lon="-78.49997">
        <ele>65.1</ele>
      </trkpt>
      <trkpt lat="35.7324" lon="-78.49992">
        <ele>65.2</ele>
      </trkpt>
      <trkpt lat="35.73244" lon="-78.49986">
        <ele>65.4</ele>
      </trkpt>
      <trkpt lat="35.73247" lon="-78.49982">
        <ele>65.5</ele>
      </trkpt>
      <trkpt lat="35.73251" lon="-78.49977">
        <ele>65.6</ele>
      </trkpt>
      <trkpt lat="35.73252" lon="-78.49976">
        <ele>65.6</ele>
      </trkpt>
      <trkpt lat="35.73257" lon="-78.49969">
        <ele>65.9</ele>
      </trkpt>
      <trkpt lat="35.73259" lon="-78.49967">
        <ele>65.9</ele>
      </trkpt>
      <trkpt lat="35.7326" lon="-78.49966">
        <ele>66.0</ele>
      </trkpt>
      <trkpt lat="35.73264" lon="-78.49962">
        <ele>66.1</ele>
      </trkpt>
      <trkpt lat="35.73264" lon="-78.49961">
        <ele>66.2</ele>
      </trkpt>
      <trkpt lat="35.73265" lon="-78.49961">
        <ele>66.2</ele>
      </trkpt>
      <trkpt lat="35.7327" lon="-78.49954">
        <ele>66.4</ele>
      </trkpt>
      <trkpt lat="35.73277" lon="-78.49948">
        <ele>66.8</ele>
      </trkpt>
      <trkpt lat="35.73279" lon="-78.49947">
        <ele>66.8</ele>
      </trkpt>
      <trkpt lat="35.73298" lon="-78.4993">
        <ele>67.5</ele>
      </trkpt>
      <trkpt lat="35.73308" lon="-78.49921">
        <ele>68.0</ele>
      </trkpt>
      <trkpt lat="35.73314" lon="-78.49916">
        <ele>68.2</ele>
      </trkpt>
      <trkpt lat="35.73349" lon="-78.49888">
        <ele>69.6</ele>
      </trkpt>
      <trkpt lat="35.73353" lon="-78.49884">
        <ele>69.7</ele>
      </trkpt>
      <trkpt lat="35.73383" lon="-78.4986">
        <ele>70.8</ele>
      </trkpt>
      <trkpt lat="35.73413" lon="-78.49836">
        <ele>72.1</ele>
      </trkpt>
      <trkpt lat="35.73422" lon="-78.49828">
        <ele>72.4</ele>
      </trkpt>
      <trkpt lat="35.73427" lon="-78.49824">
        <ele>72.5</ele>
      </trkpt>
      <trkpt lat="35.73428" lon="-78.49823">
        <ele>72.5</ele>
      </trkpt>
      <trkpt lat="35.73458" lon="-78.49798">
        <ele>73.4</ele>
      </trkpt>
      <trkpt lat="35.73464" lon="-78.49792">
        <ele>73.5</ele>
      </trkpt>
      <trkpt lat="35.73473" lon="-78.49782">
        <ele>73.8</ele>
      </trkpt>
      <trkpt lat="35.7348" lon="-78.49775">
        <ele>73.8</ele>
      </trkpt>
      <trkpt lat="35.73492" lon="-78.49759">
        <ele>74.2</ele>
      </trkpt>
      <trkpt lat="35.73544" lon="-78.49692">
        <ele>75.6</ele>
      </trkpt>
      <trkpt lat="35.73567" lon="-78.49663">
        <ele>76.4</ele>
      </trkpt>
      <trkpt lat="35.73585" lon="-78.49638">
        <ele>77.0</ele>
      </trkpt>
      <trkpt lat="35.73623" lon="-78.49591">
        <ele>78.3</ele>
      </trkpt>
      <trkpt lat="35.73647" lon="-78.49559">
        <ele>79.0</ele>
      </trkpt>
      <trkpt lat="35.73658" lon="-78.49545">
        <ele>79.3</ele>
      </trkpt>
      <trkpt lat="35.73664" lon="-78.49539">
        <ele>79.6</ele>
      </trkpt>
      <trkpt lat="35.73667" lon="-78.49535">
        <ele>79.6</ele>
      </trkpt>
      <trkpt lat="35.73693" lon="-78.49505">
        <ele>80.1</ele>
      </trkpt>
      <trkpt lat="35.73694" lon="-78.49504">
        <ele>80.1</ele>
      </trkpt>
      <trkpt lat="35.73706" lon="-78.49491">
        <ele>80.0</ele>
      </trkpt>
      <trkpt lat="35.73706" lon="-78.4949">
        <ele>80.0</ele>
      </trkpt>
      <trkpt lat="35.73741" lon="-78.4945">
        <ele>79.3</ele>
      </trkpt>
      <trkpt lat="35.73758" lon="-78.49431">
        <ele>79.4</ele>
      </trkpt>
      <trkpt lat="35.73771" lon="-78.49417">
        <ele>79.7</ele>
      </trkpt>
      <trkpt lat="35.73784" lon="-78.49402">
        <ele>80.3</ele>
      </trkpt>
      <trkpt lat="35.73785" lon="-78.49401">
        <ele>80.4</ele>
      </trkpt>
      <trkpt lat="35.73821" lon="-78.49363">
        <ele>81.8</ele>
      </trkpt>
      <trkpt lat="35.73841" lon="-78.49341">
        <ele>82.4</ele>
      </trkpt>
      <trkpt lat="35.73868" lon="-78.49305">
        <ele>83.1</ele>
      </trkpt>
      <trkpt lat="35.73878" lon="-78.49292">
        <ele>83.2</ele>
      </trkpt>
      <trkpt lat="35.73887" lon="-78.49278">
        <ele>83.2</ele>
      </trkpt>
      <trkpt lat="35.7389" lon="-78.49275">
        <ele>83.2</ele>
      </trkpt>
      <trkpt lat="35.73902" lon="-78.49258">
        <ele>82.8</ele>
      </trkpt>
      <trkpt lat="35.73911" lon="-78.49245">
        <ele>82.4</ele>
      </trkpt>
      <trkpt lat="35.73919" lon="-78.49233">
        <ele>82.2</ele>
      </trkpt>
      <trkpt lat="35.73929" lon="-78.49222">
        <ele>81.7</ele>
      </trkpt>
      <trkpt lat="35.73944" lon="-78.49204">
        <ele>81.5</ele>
      </trkpt>
      <trkpt lat="35.73952" lon="-78.49195">
        <ele>81.3</ele>
      </trkpt>
      <trkpt lat="35.73967" lon="-78.49177">
        <ele>81.2</ele>
      </trkpt>
      <trkpt lat="35.73977" lon="-78.49166">
        <ele>81.1</ele>
      </trkpt>
      <trkpt lat="35.7401" lon="-78.49127">
        <ele>81.0</ele>
      </trkpt>
      <trkpt lat="35.74038" lon="-78.49095">
        <ele>80.7</ele>
      </trkpt>
      <trkpt lat="35.74077" lon="-78.49049">
        <ele>79.7</ele>
      </trkpt>
      <trkpt lat="35.74105" lon="-78.49017">
        <ele>79.3</ele>
      </trkpt>
      <trkpt lat="35.74129" lon="-78.48988">
        <ele>79.7</ele>
      </trkpt>
      <trkpt lat="35.74133" lon="-78.48984">
        <ele>79.7</ele>
      </trkpt>
      <trkpt lat="35.74134" lon="-78.48983">
        <ele>79.7</ele>
      </trkpt>
      <trkpt lat="35.74146" lon="-78.48968">
        <ele>80.1</ele>
      </trkpt>
      <trkpt lat="35.74174" lon="-78.48936">
        <ele>81.2</ele>
      </trkpt>
      <trkpt lat="35.74211" lon="-78.48892">
        <ele>82.1</ele>
      </trkpt>
      <trkpt lat="35.74212" lon="-78.48891">
        <ele>82.1</ele>
      </trkpt>
      <trkpt lat="35.7422" lon="-78.48881">
        <ele>82.0</ele>
      </trkpt>
      <trkpt lat="35.74277" lon="-78.48816">
        <ele>82.6</ele>
      </trkpt>
      <trkpt lat="35.74303" lon="-78.48785">
        <ele>82.9</ele>
      </trkpt>
      <trkpt lat="35.74326" lon="-78.48758">
        <ele>83.0</ele>
      </trkpt>
      <trkpt lat="35.74329" lon="-78.48754">
        <ele>83.0</ele>
      </trkpt>
      <trkpt lat="35.74333" lon="-78.48751">
        <ele>83.1</ele>
      </trkpt>
      <trkpt lat="35.74381" lon="-78.48694">
        <ele>84.2</ele>
      </trkpt>
      <trkpt lat="35.74381" lon="-78.48694">
        <ele>84.2</ele>
      </trkpt>
      <trkpt lat="35.74353" lon="-78.48654">
        <ele>84.6</ele>
      </trkpt>
      <trkpt lat="35.74315" lon="-78.48599">
        <ele>82.2</ele>
      </trkpt>
      <trkpt lat="35.74315" lon="-78.48599">
        <ele>82.2</ele>
      </trkpt>
      <trkpt lat="35.74312" lon="-78.48595">
        <ele>82.1</ele>
      </trkpt>
      <trkpt lat="35.74307" lon="-78.48587">
        <ele>81.8</ele>
      </trkpt>
      <trkpt lat="35.74295" lon="-78.4857">
        <ele>81.5</ele>
      </trkpt>
      <trkpt lat="35.74288" lon="-78.4856">
        <ele>81.3</ele>
      </trkpt>
      <trkpt lat="35.74283" lon="-78.48553">
        <ele>81.2</ele>
      </trkpt>
      <trkpt lat="35.74272" lon="-78.48535">
        <ele>81.0</ele>
      </trkpt>
      <trkpt lat="35.74268" lon="-78.48528">
        <ele>80.9</ele>
      </trkpt>
      <trkpt lat="35.74255" lon="-78.48504">
        <ele>81.2</ele>
      </trkpt>
      <trkpt lat="35.74248" lon="-78.48491">
        <ele>81.5</ele>
      </trkpt>
      <trkpt lat="35.74244" lon="-78.48479">
        <ele>81.8</ele>
      </trkpt>
      <trkpt lat="35.74242" lon="-78.48476">
        <ele>81.8</ele>
      </trkpt>
      <trkpt lat="35.74237" lon="-78.48461">
        <ele>81.9</ele>
      </trkpt>
      <trkpt lat="35.74236" lon="-78.48459">
        <ele>81.9</ele>
      </trkpt>
      <trkpt lat="35.74224" lon="-78.48427">
        <ele>81.3</ele>
      </trkpt>
      <trkpt lat="35.74221" lon="-78.48419">
        <ele>81.2</ele>
      </trkpt>
      <trkpt lat="35.74221" lon="-78.48419">
        <ele>81.2</ele>
      </trkpt>
      <trkpt lat="35.74236" lon="-78.48415">
        <ele>81.4</ele>
      </trkpt>
      <trkpt lat="35.74258" lon="-78.48409">
        <ele>81.6</ele>
      </trkpt>
      <trkpt lat="35.74265" lon="-78.48407">
        <ele>81.6</ele>
      </trkpt>
      <trkpt lat="35.74275" lon="-78.48405">
        <ele>81.5</ele>
      </trkpt>
      <trkpt lat="35.74281" lon="-78.48403">
        <ele>81.5</ele>
      </trkpt>
      <trkpt lat="35.74285" lon="-78.48402">
        <ele>81.4</ele>
      </trkpt>
      <trkpt lat="35.74293" lon="-78.48401">
        <ele>81.2</ele>
      </trkpt>
      <trkpt lat="35.74317" lon="-78.48395">
        <ele>80.6</ele>
      </trkpt>
      <trkpt lat="35.74317" lon="-78.48395">
        <ele>80.6</ele>
      </trkpt>
      <trkpt lat="35.74319" lon="-78.48395">
        <ele>80.6</ele>
      </trkpt>
      <trkpt lat="35.74346" lon="-78.48389">
        <ele>80.1</ele>
      </trkpt>
      <trkpt lat="35.74352" lon="-78.48388">
        <ele>80.0</ele>
      </trkpt>
      <trkpt lat="35.74356" lon="-78.48387">
        <ele>80.0</ele>
      </trkpt>
      <trkpt lat="35.74364" lon="-78.48385">
        <ele>80.1</ele>
      </trkpt>
      <trkpt lat="35.74388" lon="-78.4838">
        <ele>80.1</ele>
      </trkpt>
      <trkpt lat="35.74417" lon="-78.48373">
        <ele>80.3</ele>
      </trkpt>
      <trkpt lat="35.74422" lon="-78.48372">
        <ele>80.4</ele>
      </trkpt>
      <trkpt lat="35.74427" lon="-78.48371">
        <ele>80.5</ele>
      </trkpt>
      <trkpt lat="35.74434" lon="-78.48369">
        <ele>80.5</ele>
      </trkpt>
      <trkpt lat="35.74436" lon="-78.48369">
        <ele>80.5</ele>
      </trkpt>
      <trkpt lat="35.74452" lon="-78.48365">
        <ele>80.8</ele>
      </trkpt>
      <trkpt lat="35.7447" lon="-78.48361">
        <ele>81.0</ele>
      </trkpt>
      <trkpt lat="35.7448" lon="-78.48359">
        <ele>81.2</ele>
      </trkpt>
      <trkpt lat="35.74488" lon="-78.48357">
        <ele>81.3</ele>
      </trkpt>
      <trkpt lat="35.74493" lon="-78.48356">
        <ele>81.4</ele>
      </trkpt>
      <trkpt lat="35.74498" lon="-78.48355">
        <ele>81.5</ele>
      </trkpt>
      <trkpt lat="35.74541" lon="-78.48345">
        <ele>82.7</ele>
      </trkpt>
      <trkpt lat="35.74573" lon="-78.48339">
        <ele>83.7</ele>
      </trkpt>
      <trkpt lat="35.74589" lon="-78.48335">
        <ele>84.2</ele>
      </trkpt>
      <trkpt lat="35.74597" lon="-78.48333">
        <ele>84.4</ele>
      </trkpt>
      <trkpt lat="35.74621" lon="-78.48328">
        <ele>85.0</ele>
      </trkpt>
      <trkpt lat="35.74636" lon="-78.48325">
        <ele>85.4</ele>
      </trkpt>
      <trkpt lat="35.74644" lon="-78.48323">
        <ele>85.9</ele>
      </trkpt>
      <trkpt lat="35.74668" lon="-78.48317">
        <ele>86.4</ele>
      </trkpt>
      <trkpt lat="35.74688" lon="-78.48313">
        <ele>87.1</ele>
      </trkpt>
      <trkpt lat="35.74697" lon="-78.48311">
        <ele>87.4</ele>
      </trkpt>
      <trkpt lat="35.74707" lon="-78.48309">
        <ele>87.7</ele>
      </trkpt>
      <trkpt lat="35.74726" lon="-78.48305">
        <ele>87.9</ele>
      </trkpt>
      <trkpt lat="35.74732" lon="-78.48304">
        <ele>87.9</ele>
      </trkpt>
      <trkpt lat="35.74735" lon="-78.48303">
        <ele>87.9</ele>
      </trkpt>
      <trkpt lat="35.74753" lon="-78.48299">
        <ele>88.0</ele>
      </trkpt>
      <trkpt lat="35.7476" lon="-78.48298">
        <ele>88.0</ele>
      </trkpt>
      <trkpt lat="35.74768" lon="-78.48296">
        <ele>88.1</ele>
      </trkpt>
      <trkpt lat="35.74778" lon="-78.48294">
        <ele>88.2</ele>
      </trkpt>
      <trkpt lat="35.74784" lon="-78.48294">
        <ele>88.2</ele>
      </trkpt>
      <trkpt lat="35.74806" lon="-78.48291">
        <ele>88.3</ele>
      </trkpt>
      <trkpt lat="35.74807" lon="-78.4829">
        <ele>88.3</ele>
      </trkpt>
      <trkpt lat="35.74809" lon="-78.4829">
        <ele>88.3</ele>
      </trkpt>
      <trkpt lat="35.74833" lon="-78.48287">
        <ele>88.3</ele>
      </trkpt>
      <trkpt lat="35.74883" lon="-78.48282">
        <ele>88.2</ele>
      </trkpt>
      <trkpt lat="35.74906" lon="-78.48279">
        <ele>88.5</ele>
      </trkpt>
      <trkpt lat="35.74932" lon="-78.48276">
        <ele>88.7</ele>
      </trkpt>
      <trkpt lat="35.74964" lon="-78.48272">
        <ele>88.8</ele>
      </trkpt>
      <trkpt lat="35.74968" lon="-78.48272">
        <ele>88.7</ele>
      </trkpt>
      <trkpt lat="35.7498" lon="-78.48271">
        <ele>88.5</ele>
      </trkpt>
      <trkpt lat="35.74989" lon="-78.4827">
        <ele>88.3</ele>
      </trkpt>
      <trkpt lat="35.74997" lon="-78.4827">
        <ele>88.2</ele>
      </trkpt>
      <trkpt lat="35.75013" lon="-78.4827">
        <ele>88.2</ele>
      </trkpt>
      <trkpt lat="35.75015" lon="-78.4827">
        <ele>88.2</ele>
      </trkpt>
      <trkpt lat="35.75027" lon="-78.48271">
        <ele>88.2</ele>
      </trkpt>
      <trkpt lat="35.75034" lon="-78.48272">
        <ele>88.2</ele>
      </trkpt>
      <trkpt lat="35.75036" lon="-78.48272">
        <ele>88.2</ele>
      </trkpt>
      <trkpt lat="35.75051" lon="-78.48274">
        <ele>88.2</ele>
      </trkpt>
      <trkpt lat="35.75056" lon="-78.48275">
        <ele>88.2</ele>
      </trkpt>
      <trkpt lat="35.75067" lon="-78.48276">
        <ele>88.4</ele>
      </trkpt>
      <trkpt lat="35.75071" lon="-78.48276">
        <ele>88.4</ele>
      </trkpt>
      <trkpt lat="35.75078" lon="-78.48276">
        <ele>88.3</ele>
      </trkpt>
      <trkpt lat="35.75082" lon="-78.48276">
        <ele>88.1</ele>
      </trkpt>
      <trkpt lat="35.75084" lon="-78.48276">
        <ele>88.1</ele>
      </trkpt>
      <trkpt lat="35.75089" lon="-78.48272">
        <ele>87.8</ele>
      </trkpt>
      <trkpt lat="35.75098" lon="-78.48272">
        <ele>87.3</ele>
      </trkpt>
      <trkpt lat="35.75102" lon="-78.48271">
        <ele>87.1</ele>
      </trkpt>
      <trkpt lat="35.75106" lon="-78.48271">
        <ele>86.8</ele>
      </trkpt>
      <trkpt lat="35.75112" lon="-78.48271">
        <ele>86.5</ele>
      </trkpt>
      <trkpt lat="35.75114" lon="-78.48271">
        <ele>86.4</ele>
      </trkpt>
      <trkpt lat="35.7512" lon="-78.48272">
        <ele>86.1</ele>
      </trkpt>
      <trkpt lat="35.75124" lon="-78.48272">
        <ele>86.0</ele>
      </trkpt>
      <trkpt lat="35.75131" lon="-78.48273">
        <ele>85.8</ele>
      </trkpt>
      <trkpt lat="35.75145" lon="-78.48276">
        <ele>85.1</ele>
      </trkpt>
      <trkpt lat="35.75174" lon="-78.48282">
        <ele>83.4</ele>
      </trkpt>
      <trkpt lat="35.75191" lon="-78.48286">
        <ele>82.8</ele>
      </trkpt>
      <trkpt lat="35.75227" lon="-78.48293">
        <ele>82.1</ele>
      </trkpt>
      <trkpt lat="35.75245" lon="-78.48297">
        <ele>82.0</ele>
      </trkpt>
      <trkpt lat="35.75262" lon="-78.48301">
        <ele>82.7</ele>
      </trkpt>
      <trkpt lat="35.7528" lon="-78.48304">
        <ele>83.7</ele>
      </trkpt>
      <trkpt lat="35.75333" lon="-78.48316">
        <ele>86.4</ele>
      </trkpt>
      <trkpt lat="35.75356" lon="-78.48321">
        <ele>87.0</ele>
      </trkpt>
      <trkpt lat="35.75373" lon="-78.48325">
        <ele>87.5</ele>
      </trkpt>
      <trkpt lat="35.75405" lon="-78.48332">
        <ele>88.6</ele>
      </trkpt>
      <trkpt lat="35.7544" lon="-78.4834">
        <ele>89.5</ele>
      </trkpt>
      <trkpt lat="35.75493" lon="-78.48352">
        <ele>90.5</ele>
      </trkpt>
      <trkpt lat="35.75506" lon="-78.48355">
        <ele>90.6</ele>
      </trkpt>
      <trkpt lat="35.7553" lon="-78.48359">
        <ele>90.7</ele>
      </trkpt>
      <trkpt lat="35.75553" lon="-78.48364">
        <ele>90.7</ele>
      </trkpt>
      <trkpt lat="35.75565" lon="-78.48366">
        <ele>90.6</ele>
      </trkpt>
      <trkpt lat="35.75625" lon="-78.48379">
        <ele>90.3</ele>
      </trkpt>
      <trkpt lat="35.7566" lon="-78.48386">
        <ele>90.6</ele>
      </trkpt>
      <trkpt lat="35.75679" lon="-78.48391">
        <ele>90.7</ele>
      </trkpt>
      <trkpt lat="35.75712" lon="-78.48398">
        <ele>91.1</ele>
      </trkpt>
      <trkpt lat="35.75716" lon="-78.48399">
        <ele>91.2</ele>
      </trkpt>
      <trkpt lat="35.75738" lon="-78.48403">
        <ele>91.5</ele>
      </trkpt>
      <trkpt lat="35.75773" lon="-78.48411">
        <ele>91.9</ele>
      </trkpt>
      <trkpt lat="35.75826" lon="-78.48423">
        <ele>92.7</ele>
      </trkpt>
      <trkpt lat="35.75879" lon="-78.48434">
        <ele>93.7</ele>
      </trkpt>
      <trkpt lat="35.75901" lon="-78.48439">
        <ele>94.0</ele>
      </trkpt>
      <trkpt lat="35.75954" lon="-78.48451">
        <ele>94.6</ele>
      </trkpt>
      <trkpt lat="35.75984" lon="-78.48457">
        <ele>95.0</ele>
      </trkpt>
      <trkpt lat="35.75989" lon="-78.48458">
        <ele>95.1</ele>
      </trkpt>
      <trkpt lat="35.76047" lon="-78.48471">
        <ele>95.7</ele>
      </trkpt>
      <trkpt lat="35.76065" lon="-78.48475">
        <ele>95.9</ele>
      </trkpt>
      <trkpt lat="35.76118" lon="-78.48486">
        <ele>96.4</ele>
      </trkpt>
      <trkpt lat="35.76145" lon="-78.48492">
        <ele>96.6</ele>
      </trkpt>
      <trkpt lat="35.76153" lon="-78.48494">
        <ele>96.7</ele>
      </trkpt>
      <trkpt lat="35.76159" lon="-78.48495">
        <ele>96.8</ele>
      </trkpt>
      <trkpt lat="35.76204" lon="-78.48505">
        <ele>96.5</ele>
      </trkpt>
      <trkpt lat="35.76222" lon="-78.48509">
        <ele>96.5</ele>
      </trkpt>
      <trkpt lat="35.76272" lon="-78.48521">
        <ele>95.6</ele>
      </trkpt>
      <trkpt lat="35.76298" lon="-78.48527">
        <ele>94.9</ele>
      </trkpt>
      <trkpt lat="35.76308" lon="-78.48529">
        <ele>94.8</ele>
      </trkpt>
      <trkpt lat="35.76325" lon="-78.48533">
        <ele>95.0</ele>
      </trkpt>
      <trkpt lat="35.76359" lon="-78.4854">
        <ele>95.4</ele>
      </trkpt>
      <trkpt lat="35.76413" lon="-78.48552">
        <ele>96.5</ele>
      </trkpt>
      <trkpt lat="35.76414" lon="-78.48553">
        <ele>96.5</ele>
      </trkpt>
      <trkpt lat="35.76429" lon="-78.48557">
        <ele>96.4</ele>
      </trkpt>
      <trkpt lat="35.76447" lon="-78.48562">
        <ele>96.3</ele>
      </trkpt>
      <trkpt lat="35.76467" lon="-78.48567">
        <ele>96.1</ele>
      </trkpt>
      <trkpt lat="35.76468" lon="-78.48567">
        <ele>96.1</ele>
      </trkpt>
      <trkpt lat="35.76482" lon="-78.48572">
        <ele>95.8</ele>
      </trkpt>
      <trkpt lat="35.76489" lon="-78.48575">
        <ele>95.7</ele>
      </trkpt>
      <trkpt lat="35.7652" lon="-78.48586">
        <ele>95.1</ele>
      </trkpt>
      <trkpt lat="35.76532" lon="-78.48592">
        <ele>95.0</ele>
      </trkpt>
      <trkpt lat="35.76555" lon="-78.48602">
        <ele>94.7</ele>
      </trkpt>
      <trkpt lat="35.76567" lon="-78.48608">
        <ele>94.7</ele>
      </trkpt>
      <trkpt lat="35.76569" lon="-78.4861">
        <ele>94.7</ele>
      </trkpt>
      <trkpt lat="35.76571" lon="-78.48611">
        <ele>94.7</ele>
      </trkpt>
      <trkpt lat="35.76579" lon="-78.48615">
        <ele>94.7</ele>
      </trkpt>
      <trkpt lat="35.76598" lon="-78.48626">
        <ele>94.7</ele>
      </trkpt>
      <trkpt lat="35.76599" lon="-78.48627">
        <ele>94.7</ele>
      </trkpt>
      <trkpt lat="35.766" lon="-78.48627">
        <ele>94.7</ele>
      </trkpt>
      <trkpt lat="35.76622" lon="-78.48642">
        <ele>94.4</ele>
      </trkpt>
      <trkpt lat="35.76672" lon="-78.4868">
        <ele>93.9</ele>
      </trkpt>
      <trkpt lat="35.76699" lon="-78.487">
        <ele>93.7</ele>
      </trkpt>
      <trkpt lat="35.76701" lon="-78.48701">
        <ele>93.7</ele>
      </trkpt>
      <trkpt lat="35.76703" lon="-78.48703">
        <ele>93.7</ele>
      </trkpt>
      <trkpt lat="35.76706" lon="-78.48705">
        <ele>93.6</ele>
      </trkpt>
      <trkpt lat="35.76707" lon="-78.48706">
        <ele>93.6</ele>
      </trkpt>
      <trkpt lat="35.76716" lon="-78.48713">
        <ele>93.6</ele>
      </trkpt>
      <trkpt lat="35.7673" lon="-78.48724">
        <ele>93.5</ele>
      </trkpt>
      <trkpt lat="35.76731" lon="-78.48725">
        <ele>93.5</ele>
      </trkpt>
      <trkpt lat="35.76732" lon="-78.48725">
        <ele>93.5</ele>
      </trkpt>
      <trkpt lat="35.76746" lon="-78.48737">
        <ele>93.4</ele>
      </trkpt>
      <trkpt lat="35.76762" lon="-78.48748">
        <ele>93.3</ele>
      </trkpt>
      <trkpt lat="35.76782" lon="-78.48764">
        <ele>93.2</ele>
      </trkpt>
      <trkpt lat="35.76799" lon="-78.48776">
        <ele>93.3</ele>
      </trkpt>
      <trkpt lat="35.76813" lon="-78.48787">
        <ele>93.7</ele>
      </trkpt>
      <trkpt lat="35.76813" lon="-78.48787">
        <ele>93.7</ele>
      </trkpt>
      <trkpt lat="35.76814" lon="-78.48788">
        <ele>93.7</ele>
      </trkpt>
      <trkpt lat="35.7682" lon="-78.48792">
        <ele>93.6</ele>
      </trkpt>
      <trkpt lat="35.76832" lon="-78.48801">
        <ele>93.7</ele>
      </trkpt>
      <trkpt lat="35.76839" lon="-78.48806">
        <ele>93.7</ele>
      </trkpt>
      <trkpt lat="35.76845" lon="-78.4881">
        <ele>93.7</ele>
      </trkpt>
      <trkpt lat="35.76859" lon="-78.4882">
        <ele>93.6</ele>
      </trkpt>
      <trkpt lat="35.76866" lon="-78.48826">
        <ele>93.5</ele>
      </trkpt>
      <trkpt lat="35.76878" lon="-78.48834">
        <ele>93.2</ele>
      </trkpt>
      <trkpt lat="35.76893" lon="-78.48843">
        <ele>92.8</ele>
      </trkpt>
      <trkpt lat="35.76903" lon="-78.48848">
        <ele>92.7</ele>
      </trkpt>
      <trkpt lat="35.76906" lon="-78.4885">
        <ele>92.7</ele>
      </trkpt>
      <trkpt lat="35.76912" lon="-78.48853">
        <ele>92.8</ele>
      </trkpt>
      <trkpt lat="35.76918" lon="-78.48855">
        <ele>92.8</ele>
      </trkpt>
      <trkpt lat="35.76925" lon="-78.48858">
        <ele>92.9</ele>
      </trkpt>
      <trkpt lat="35.76934" lon="-78.48861">
        <ele>93.0</ele>
      </trkpt>
      <trkpt lat="35.76946" lon="-78.48864">
        <ele>93.3</ele>
      </trkpt>
      <trkpt lat="35.76955" lon="-78.48866">
        <ele>93.4</ele>
      </trkpt>
      <trkpt lat="35.76959" lon="-78.48866">
        <ele>93.4</ele>
      </trkpt>
      <trkpt lat="35.76965" lon="-78.48867">
        <ele>93.5</ele>
      </trkpt>
      <trkpt lat="35.76981" lon="-78.48868">
        <ele>93.6</ele>
      </trkpt>
      <trkpt lat="35.76983" lon="-78.48868">
        <ele>93.6</ele>
      </trkpt>
      <trkpt lat="35.76985" lon="-78.48868">
        <ele>93.5</ele>
      </trkpt>
      <trkpt lat="35.76987" lon="-78.48868">
        <ele>93.5</ele>
      </trkpt>
      <trkpt lat="35.76995" lon="-78.48868">
        <ele>93.5</ele>
      </trkpt>
      <trkpt lat="35.77008" lon="-78.48869">
        <ele>93.3</ele>
      </trkpt>
      <trkpt lat="35.77055" lon="-78.48867">
        <ele>92.6</ele>
      </trkpt>
      <trkpt lat="35.7709" lon="-78.48866">
        <ele>92.4</ele>
      </trkpt>
      <trkpt lat="35.77093" lon="-78.48866">
        <ele>92.4</ele>
      </trkpt>
      <trkpt lat="35.77165" lon="-78.48864">
        <ele>92.7</ele>
      </trkpt>
      <trkpt lat="35.77208" lon="-78.48863">
        <ele>92.9</ele>
      </trkpt>
      <trkpt lat="35.7723" lon="-78.48862">
        <ele>93.2</ele>
      </trkpt>
      <trkpt lat="35.77239" lon="-78.48862">
        <ele>93.2</ele>
      </trkpt>
      <trkpt lat="35.77243" lon="-78.48862">
        <ele>93.1</ele>
      </trkpt>
      <trkpt lat="35.77247" lon="-78.48863">
        <ele>93.1</ele>
      </trkpt>
      <trkpt lat="35.77254" lon="-78.48863">
        <ele>93.1</ele>
      </trkpt>
      <trkpt lat="35.77258" lon="-78.48863">
        <ele>93.1</ele>
      </trkpt>
      <trkpt lat="35.77265" lon="-78.48863">
        <ele>93.1</ele>
      </trkpt>
      <trkpt lat="35.77271" lon="-78.48864">
        <ele>93.1</ele>
      </trkpt>
      <trkpt lat="35.77294" lon="-78.48868">
        <ele>93.3</ele>
      </trkpt>
      <trkpt lat="35.77303" lon="-78.48871">
        <ele>93.3</ele>
      </trkpt>
      <trkpt lat="35.77312" lon="-78.48874">
        <ele>93.5</ele>
      </trkpt>
      <trkpt lat="35.77341" lon="-78.48886">
        <ele>93.7</ele>
      </trkpt>
      <trkpt lat="35.77344" lon="-78.48887">
        <ele>93.7</ele>
      </trkpt>
      <trkpt lat="35.7735" lon="-78.48891">
        <ele>93.7</ele>
      </trkpt>
      <trkpt lat="35.7738" lon="-78.48907">
        <ele>94.2</ele>
      </trkpt>
      <trkpt lat="35.77407" lon="-78.48921">
        <ele>94.3</ele>
      </trkpt>
      <trkpt lat="35.77418" lon="-78.48927">
        <ele>94.4</ele>
      </trkpt>
      <trkpt lat="35.77425" lon="-78.48931">
        <ele>94.4</ele>
      </trkpt>
      <trkpt lat="35.77468" lon="-78.48953">
        <ele>94.0</ele>
      </trkpt>
      <trkpt lat="35.77504" lon="-78.48973">
        <ele>94.2</ele>
      </trkpt>
      <trkpt lat="35.77508" lon="-78.48975">
        <ele>94.2</ele>
      </trkpt>
      <trkpt lat="35.7754" lon="-78.48991">
        <ele>94.5</ele>
      </trkpt>
      <trkpt lat="35.77556" lon="-78.48999">
        <ele>94.9</ele>
      </trkpt>
      <trkpt lat="35.77591" lon="-78.49013">
        <ele>95.2</ele>
      </trkpt>
      <trkpt lat="35.77618" lon="-78.4902">
        <ele>95.6</ele>
      </trkpt>
      <trkpt lat="35.77644" lon="-78.49025">
        <ele>95.9</ele>
      </trkpt>
      <trkpt lat="35.77693" lon="-78.49031">
        <ele>96.4</ele>
      </trkpt>
      <trkpt lat="35.77713" lon="-78.49034">
        <ele>96.4</ele>
      </trkpt>
      <trkpt lat="35.77727" lon="-78.49035">
        <ele>96.6</ele>
      </trkpt>
      <trkpt lat="35.77734" lon="-78.49035">
        <ele>96.7</ele>
      </trkpt>
      <trkpt lat="35.77772" lon="-78.49039">
        <ele>97.0</ele>
      </trkpt>
      <trkpt lat="35.77799" lon="-78.49041">
        <ele>97.2</ele>
      </trkpt>
      <trkpt lat="35.77803" lon="-78.49041">
        <ele>97.3</ele>
      </trkpt>
      <trkpt lat="35.77807" lon="-78.49042">
        <ele>97.3</ele>
      </trkpt>
      <trkpt lat="35.77823" lon="-78.49042">
        <ele>97.6</ele>
      </trkpt>
      <trkpt lat="35.77826" lon="-78.49042">
        <ele>97.6</ele>
      </trkpt>
      <trkpt lat="35.77859" lon="-78.49038">
        <ele>97.3</ele>
      </trkpt>
      <trkpt lat="35.77932" lon="-78.4901">
        <ele>96.5</ele>
      </trkpt>
      <trkpt lat="35.77945" lon="-78.49005">
        <ele>96.5</ele>
      </trkpt>
      <trkpt lat="35.77961" lon="-78.48998">
        <ele>96.6</ele>
      </trkpt>
      <trkpt lat="35.77977" lon="-78.48991">
        <ele>96.7</ele>
      </trkpt>
      <trkpt lat="35.77985" lon="-78.48988">
        <ele>96.8</ele>
      </trkpt>
      <trkpt lat="35.78011" lon="-78.48976">
        <ele>96.8</ele>
      </trkpt>
      <trkpt lat="35.78017" lon="-78.48974">
        <ele>96.8</ele>
      </trkpt>
      <trkpt lat="35.78018" lon="-78.48973">
        <ele>96.8</ele>
      </trkpt>
      <trkpt lat="35.78027" lon="-78.48969">
        <ele>96.8</ele>
      </trkpt>
      <trkpt lat="35.7803" lon="-78.48967">
        <ele>96.8</ele>
      </trkpt>
      <trkpt lat="35.78032" lon="-78.48967">
        <ele>96.7</ele>
      </trkpt>
      <trkpt lat="35.78034" lon="-78.48965">
        <ele>96.7</ele>
      </trkpt>
      <trkpt lat="35.78041" lon="-78.48962">
        <ele>96.6</ele>
      </trkpt>
      <trkpt lat="35.78046" lon="-78.48958">
        <ele>96.5</ele>
      </trkpt>
      <trkpt lat="35.78051" lon="-78.48956">
        <ele>96.4</ele>
      </trkpt>
      <trkpt lat="35.78062" lon="-78.48949">
        <ele>96.3</ele>
      </trkpt>
      <trkpt lat="35.78063" lon="-78.48949">
        <ele>96.3</ele>
      </trkpt>
      <trkpt lat="35.78069" lon="-78.48944">
        <ele>96.1</ele>
      </trkpt>
      <trkpt lat="35.78077" lon="-78.48939">
        <ele>96.0</ele>
      </trkpt>
      <trkpt lat="35.78084" lon="-78.48933">
        <ele>95.8</ele>
      </trkpt>
      <trkpt lat="35.78088" lon="-78.4893">
        <ele>95.7</ele>
      </trkpt>
      <trkpt lat="35.78103" lon="-78.4892">
        <ele>95.5</ele>
      </trkpt>
      <trkpt lat="35.78143" lon="-78.48888">
        <ele>94.7</ele>
      </trkpt>
      <trkpt lat="35.7815" lon="-78.48883">
        <ele>94.6</ele>
      </trkpt>
      <trkpt lat="35.78158" lon="-78.48877">
        <ele>94.6</ele>
      </trkpt>
      <trkpt lat="35.78166" lon="-78.4887">
        <ele>94.6</ele>
      </trkpt>
      <trkpt lat="35.78174" lon="-78.48865">
        <ele>94.5</ele>
      </trkpt>
      <trkpt lat="35.78194" lon="-78.48849">
        <ele>94.4</ele>
      </trkpt>
      <trkpt lat="35.78198" lon="-78.48847">
        <ele>94.4</ele>
      </trkpt>
      <trkpt lat="35.78206" lon="-78.4884">
        <ele>94.4</ele>
      </trkpt>
      <trkpt lat="35.78218" lon="-78.48831">
        <ele>94.4</ele>
      </trkpt>
      <trkpt lat="35.78234" lon="-78.48819">
        <ele>94.3</ele>
      </trkpt>
      <trkpt lat="35.78257" lon="-78.48801">
        <ele>94.2</ele>
      </trkpt>
      <trkpt lat="35.78265" lon="-78.48794">
        <ele>94.1</ele>
      </trkpt>
      <trkpt lat="35.78292" lon="-78.48772">
        <ele>93.8</ele>
      </trkpt>
      <trkpt lat="35.78306" lon="-78.48762">
        <ele>93.6</ele>
      </trkpt>
      <trkpt lat="35.78307" lon="-78.4876">
        <ele>93.7</ele>
      </trkpt>
      <trkpt lat="35.7833" lon="-78.48742">
        <ele>93.7</ele>
      </trkpt>
      <trkpt lat="35.78331" lon="-78.48741">
        <ele>93.7</ele>
      </trkpt>
      <trkpt lat="35.78358" lon="-78.48721">
        <ele>93.7</ele>
      </trkpt>
      <trkpt lat="35.78372" lon="-78.48709">
        <ele>93.7</ele>
      </trkpt>
      <trkpt lat="35.78379" lon="-78.48703">
        <ele>93.7</ele>
      </trkpt>
      <trkpt lat="35.78414" lon="-78.48678">
        <ele>93.8</ele>
      </trkpt>
      <trkpt lat="35.78458" lon="-78.48647">
        <ele>94.2</ele>
      </trkpt>
      <trkpt lat="35.78472" lon="-78.48637">
        <ele>94.3</ele>
      </trkpt>
      <trkpt lat="35.78479" lon="-78.48632">
        <ele>94.3</ele>
      </trkpt>
      <trkpt lat="35.78486" lon="-78.48626">
        <ele>94.3</ele>
      </trkpt>
      <trkpt lat="35.78513" lon="-78.4861">
        <ele>94.2</ele>
      </trkpt>
      <trkpt lat="35.78527" lon="-78.48602">
        <ele>94.0</ele>
      </trkpt>
      <trkpt lat="35.78548" lon="-78.48591">
        <ele>93.9</ele>
      </trkpt>
      <trkpt lat="35.78553" lon="-78.48589">
        <ele>93.9</ele>
      </trkpt>
      <trkpt lat="35.78576" lon="-78.48579">
        <ele>93.8</ele>
      </trkpt>
      <trkpt lat="35.78595" lon="-78.48572">
        <ele>94.0</ele>
      </trkpt>
      <trkpt lat="35.78595" lon="-78.48572">
        <ele>94.0</ele>
      </trkpt>
      <trkpt lat="35.78611" lon="-78.48565">
        <ele>94.1</ele>
      </trkpt>
      <trkpt lat="35.78618" lon="-78.48564">
        <ele>94.2</ele>
      </trkpt>
      <trkpt lat="35.78623" lon="-78.48563">
        <ele>94.3</ele>
      </trkpt>
      <trkpt lat="35.78628" lon="-78.48562">
        <ele>94.4</ele>
      </trkpt>
      <trkpt lat="35.78636" lon="-78.48559">
        <ele>94.5</ele>
      </trkpt>
      <trkpt lat="35.78652" lon="-78.48539">
        <ele>94.8</ele>
      </trkpt>
      <trkpt lat="35.78656" lon="-78.48535">
        <ele>94.9</ele>
      </trkpt>
      <trkpt lat="35.78661" lon="-78.48528">
        <ele>94.9</ele>
      </trkpt>
      <trkpt lat="35.78666" lon="-78.4852">
        <ele>95.0</ele>
      </trkpt>
      <trkpt lat="35.78674" lon="-78.48509">
        <ele>95.0</ele>
      </trkpt>
      <trkpt lat="35.7868" lon="-78.485">
        <ele>95.1</ele>
      </trkpt>
      <trkpt lat="35.78697" lon="-78.48476">
        <ele>95.4</ele>
      </trkpt>
      <trkpt lat="35.78719" lon="-78.48445">
        <ele>95.9</ele>
      </trkpt>
      <trkpt lat="35.78732" lon="-78.48423">
        <ele>95.8</ele>
      </trkpt>
      <trkpt lat="35.78735" lon="-78.48419">
        <ele>95.7</ele>
      </trkpt>
      <trkpt lat="35.78738" lon="-78.48415">
        <ele>95.7</ele>
      </trkpt>
      <trkpt lat="35.7874" lon="-78.48411">
        <ele>95.8</ele>
      </trkpt>
      <trkpt lat="35.7874" lon="-78.4841">
        <ele>95.8</ele>
      </trkpt>
      <trkpt lat="35.78744" lon="-78.48404">
        <ele>95.8</ele>
      </trkpt>
      <trkpt lat="35.78753" lon="-78.48389">
        <ele>95.6</ele>
      </trkpt>
      <trkpt lat="35.78756" lon="-78.48383">
        <ele>95.5</ele>
      </trkpt>
      <trkpt lat="35.78762" lon="-78.48374">
        <ele>95.4</ele>
      </trkpt>
      <trkpt lat="35.78767" lon="-78.48365">
        <ele>95.3</ele>
      </trkpt>
      <trkpt lat="35.78774" lon="-78.48353">
        <ele>95.0</ele>
      </trkpt>
      <trkpt lat="35.78782" lon="-78.48335">
        <ele>94.6</ele>
      </trkpt>
      <trkpt lat="35.78786" lon="-78.48324">
        <ele>94.4</ele>
      </trkpt>
      <trkpt lat="35.78789" lon="-78.48313">
        <ele>94.1</ele>
      </trkpt>
      <trkpt lat="35.7879" lon="-78.48306">
        <ele>93.8</ele>
      </trkpt>
      <trkpt lat="35.78792" lon="-78.48297">
        <ele>93.7</ele>
      </trkpt>
      <trkpt lat="35.78792" lon="-78.48291">
        <ele>93.9</ele>
      </trkpt>
      <trkpt lat="35.78792" lon="-78.48289">
        <ele>93.9</ele>
      </trkpt>
      <trkpt lat="35.78793" lon="-78.48288">
        <ele>93.9</ele>
      </trkpt>
      <trkpt lat="35.78793" lon="-78.48281">
        <ele>94.1</ele>
      </trkpt>
      <trkpt lat="35.78794" lon="-78.48267">
        <ele>94.3</ele>
      </trkpt>
      <trkpt lat="35.78793" lon="-78.48256">
        <ele>94.3</ele>
      </trkpt>
      <trkpt lat="35.78793" lon="-78.48244">
        <ele>94.4</ele>
      </trkpt>
      <trkpt lat="35.78792" lon="-78.48231">
        <ele>94.9</ele>
      </trkpt>
      <trkpt lat="35.78788" lon="-78.48205">
        <ele>95.6</ele>
      </trkpt>
      <trkpt lat="35.78786" lon="-78.4819">
        <ele>95.8</ele>
      </trkpt>
      <trkpt lat="35.78786" lon="-78.48179">
        <ele>95.8</ele>
      </trkpt>
      <trkpt lat="35.78785" lon="-78.48168">
        <ele>95.7</ele>
      </trkpt>
      <trkpt lat="35.78785" lon="-78.48162">
        <ele>95.6</ele>
      </trkpt>
      <trkpt lat="35.78784" lon="-78.48153">
        <ele>95.6</ele>
      </trkpt>
      <trkpt lat="35.78784" lon="-78.48153">
        <ele>95.6</ele>
      </trkpt>
      <trkpt lat="35.78806" lon="-78.48141">
        <ele>94.9</ele>
      </trkpt>
      <trkpt lat="35.78842" lon="-78.48121">
        <ele>93.8</ele>
      </trkpt>
      <trkpt lat="35.78875" lon="-78.48103">
        <ele>93.3</ele>
      </trkpt>
      <trkpt lat="35.78884" lon="-78.48098">
        <ele>93.5</ele>
      </trkpt>
      <trkpt lat="35.78916" lon="-78.4808">
        <ele>94.2</ele>
      </trkpt>
      <trkpt lat="35.78941" lon="-78.48067">
        <ele>94.5</ele>
      </trkpt>
      <trkpt lat="35.78949" lon="-78.48062">
        <ele>94.4</ele>
      </trkpt>
      <trkpt lat="35.78973" lon="-78.48049">
        <ele>93.3</ele>
      </trkpt>
      <trkpt lat="35.79006" lon="-78.48031">
        <ele>92.2</ele>
      </trkpt>
      <trkpt lat="35.79023" lon="-78.48022">
        <ele>92.4</ele>
      </trkpt>
      <trkpt lat="35.79038" lon="-78.48014">
        <ele>92.6</ele>
      </trkpt>
      <trkpt lat="35.79039" lon="-78.48014">
        <ele>92.6</ele>
      </trkpt>
      <trkpt lat="35.79056" lon="-78.48005">
        <ele>92.9</ele>
      </trkpt>
      <trkpt lat="35.79072" lon="-78.47996">
        <ele>93.5</ele>
      </trkpt>
      <trkpt lat="35.79103" lon="-78.47979">
        <ele>95.0</ele>
      </trkpt>
      <trkpt lat="35.79134" lon="-78.47962">
        <ele>96.7</ele>
      </trkpt>
      <trkpt lat="35.7915" lon="-78.47953">
        <ele>98.1</ele>
      </trkpt>
      <trkpt lat="35.79199" lon="-78.47926">
        <ele>102.2</ele>
      </trkpt>
      <trkpt lat="35.79199" lon="-78.47925">
        <ele>102.2</ele>
      </trkpt>
      <trkpt lat="35.79232" lon="-78.47907">
        <ele>103.1</ele>
      </trkpt>
      <trkpt lat="35.79306" lon="-78.47866">
        <ele>105.9</ele>
      </trkpt>
      <trkpt lat="35.79341" lon="-78.47847">
        <ele>106.6</ele>
      </trkpt>
      <trkpt lat="35.79368" lon="-78.47832">
        <ele>106.7</ele>
      </trkpt>
      <trkpt lat="35.79373" lon="-78.47829">
        <ele>106.6</ele>
      </trkpt>
      <trkpt lat="35.7939" lon="-78.4782">
        <ele>106.2</ele>
      </trkpt>
      <trkpt lat="35.79406" lon="-78.47811">
        <ele>106.2</ele>
      </trkpt>
      <trkpt lat="35.79417" lon="-78.47805">
        <ele>106.2</ele>
      </trkpt>
      <trkpt lat="35.79439" lon="-78.47793">
        <ele>106.0</ele>
      </trkpt>
      <trkpt lat="35.79456" lon="-78.47784">
        <ele>105.2</ele>
      </trkpt>
      <trkpt lat="35.7946" lon="-78.47781">
        <ele>104.9</ele>
      </trkpt>
      <trkpt lat="35.79475" lon="-78.47772">
        <ele>104.0</ele>
      </trkpt>
      <trkpt lat="35.79481" lon="-78.47769">
        <ele>103.7</ele>
      </trkpt>
      <trkpt lat="35.79483" lon="-78.47766">
        <ele>103.5</ele>
      </trkpt>
      <trkpt lat="35.79485" lon="-78.47765">
        <ele>103.4</ele>
      </trkpt>
      <trkpt lat="35.79486" lon="-78.47762">
        <ele>103.3</ele>
      </trkpt>
      <trkpt lat="35.79486" lon="-78.47762">
        <ele>103.3</ele>
      </trkpt>
      <trkpt lat="35.79487" lon="-78.4776">
        <ele>103.3</ele>
      </trkpt>
      <trkpt lat="35.79487" lon="-78.47758">
        <ele>103.3</ele>
      </trkpt>
      <trkpt lat="35.79486" lon="-78.47754">
        <ele>103.4</ele>
      </trkpt>
      <trkpt lat="35.79477" lon="-78.47727">
        <ele>104.1</ele>
      </trkpt>
      <trkpt lat="35.79469" lon="-78.47707">
        <ele>104.9</ele>
      </trkpt>
      <trkpt lat="35.79468" lon="-78.47703">
        <ele>105.0</ele>
      </trkpt>
      <trkpt lat="35.79451" lon="-78.47665">
        <ele>106.0</ele>
      </trkpt>
      <trkpt lat="35.79451" lon="-78.47665">
        <ele>106.0</ele>
      </trkpt>
      <trkpt lat="35.79502" lon="-78.47639">
        <ele>105.4</ele>
      </trkpt>
      <trkpt lat="35.79517" lon="-78.4763">
        <ele>105.3</ele>
      </trkpt>
      <trkpt lat="35.79548" lon="-78.47612">
        <ele>105.0</ele>
      </trkpt>
      <trkpt lat="35.79577" lon="-78.47596">
        <ele>105.1</ele>
      </trkpt>
      <trkpt lat="35.79635" lon="-78.47563">
        <ele>106.5</ele>
      </trkpt>
      <trkpt lat="35.7964" lon="-78.47561">
        <ele>106.5</ele>
      </trkpt>
      <trkpt lat="35.7965" lon="-78.47555">
        <ele>106.3</ele>
      </trkpt>
      <trkpt lat="35.79657" lon="-78.47552">
        <ele>106.1</ele>
      </trkpt>
      <trkpt lat="35.79658" lon="-78.47552">
        <ele>106.1</ele>
      </trkpt>
      <trkpt lat="35.79674" lon="-78.47546">
        <ele>105.7</ele>
      </trkpt>
      <trkpt lat="35.79683" lon="-78.47542">
        <ele>105.4</ele>
      </trkpt>
      <trkpt lat="35.79691" lon="-78.47539">
        <ele>105.3</ele>
      </trkpt>
      <trkpt lat="35.79705" lon="-78.47534">
        <ele>104.9</ele>
      </trkpt>
      <trkpt lat="35.79732" lon="-78.47526">
        <ele>104.5</ele>
      </trkpt>
      <trkpt lat="35.79746" lon="-78.47522">
        <ele>104.3</ele>
      </trkpt>
      <trkpt lat="35.7976" lon="-78.47518">
        <ele>104.2</ele>
      </trkpt>
      <trkpt lat="35.79782" lon="-78.47511">
        <ele>104.0</ele>
      </trkpt>
      <trkpt lat="35.79814" lon="-78.475">
        <ele>104.1</ele>
      </trkpt>
      <trkpt lat="35.79827" lon="-78.47496">
        <ele>104.2</ele>
      </trkpt>
      <trkpt lat="35.79859" lon="-78.47487">
        <ele>104.3</ele>
      </trkpt>
      <trkpt lat="35.79884" lon="-78.47479">
        <ele>104.0</ele>
      </trkpt>
      <trkpt lat="35.79896" lon="-78.47478">
        <ele>103.7</ele>
      </trkpt>
      <trkpt lat="35.79896" lon="-78.47478">
        <ele>103.7</ele>
      </trkpt>
      <trkpt lat="35.79917" lon="-78.47474">
        <ele>102.7</ele>
      </trkpt>
      <trkpt lat="35.79932" lon="-78.47471">
        <ele>102.4</ele>
      </trkpt>
      <trkpt lat="35.79958" lon="-78.47464">
        <ele>102.3</ele>
      </trkpt>
      <trkpt lat="35.79958" lon="-78.47464">
        <ele>102.3</ele>
      </trkpt>
      <trkpt lat="35.79958" lon="-78.47464">
        <ele>102.3</ele>
      </trkpt>
      <trkpt lat="35.79974" lon="-78.4746">
        <ele>102.2</ele>
      </trkpt>
      <trkpt lat="35.79993" lon="-78.47455">
        <ele>101.7</ele>
      </trkpt>
      <trkpt lat="35.80008" lon="-78.47451">
        <ele>101.1</ele>
      </trkpt>
      <trkpt lat="35.80033" lon="-78.47445">
        <ele>100.9</ele>
      </trkpt>
      <trkpt lat="35.80042" lon="-78.47443">
        <ele>100.8</ele>
      </trkpt>
      <trkpt lat="35.80078" lon="-78.47434">
        <ele>100.4</ele>
      </trkpt>
      <trkpt lat="35.801" lon="-78.47428">
        <ele>100.7</ele>
      </trkpt>
      <trkpt lat="35.80133" lon="-78.47421">
        <ele>101.9</ele>
      </trkpt>
      <trkpt lat="35.80152" lon="-78.47416">
        <ele>102.5</ele>
      </trkpt>
      <trkpt lat="35.80189" lon="-78.47407">
        <ele>103.7</ele>
      </trkpt>
      <trkpt lat="35.80199" lon="-78.47404">
        <ele>104.0</ele>
      </trkpt>
      <trkpt lat="35.80217" lon="-78.47399">
        <ele>104.2</ele>
      </trkpt>
      <trkpt lat="35.80251" lon="-78.47391">
        <ele>104.9</ele>
      </trkpt>
      <trkpt lat="35.80277" lon="-78.47384">
        <ele>105.5</ele>
      </trkpt>
      <trkpt lat="35.80285" lon="-78.47382">
        <ele>105.7</ele>
      </trkpt>
      <trkpt lat="35.80299" lon="-78.47379">
        <ele>106.1</ele>
      </trkpt>
      <trkpt lat="35.80324" lon="-78.47372">
        <ele>106.7</ele>
      </trkpt>
      <trkpt lat="35.80338" lon="-78.47369">
        <ele>107.0</ele>
      </trkpt>
      <trkpt lat="35.80378" lon="-78.47358">
        <ele>107.7</ele>
      </trkpt>
      <trkpt lat="35.80402" lon="-78.47354">
        <ele>107.8</ele>
      </trkpt>
      <trkpt lat="35.80421" lon="-78.47351">
        <ele>108.3</ele>
      </trkpt>
      <trkpt lat="35.80435" lon="-78.47346">
        <ele>108.4</ele>
      </trkpt>
      <trkpt lat="35.80449" lon="-78.47343">
        <ele>108.7</ele>
      </trkpt>
      <trkpt lat="35.80454" lon="-78.47342">
        <ele>108.8</ele>
      </trkpt>
      <trkpt lat="35.80467" lon="-78.47334">
        <ele>109.1</ele>
      </trkpt>
      <trkpt lat="35.80472" lon="-78.47332">
        <ele>109.3</ele>
      </trkpt>
      <trkpt lat="35.80481" lon="-78.47328">
        <ele>109.6</ele>
      </trkpt>
      <trkpt lat="35.80487" lon="-78.47324">
        <ele>109.7</ele>
      </trkpt>
      <trkpt lat="35.80492" lon="-78.47318">
        <ele>110.0</ele>
      </trkpt>
      <trkpt lat="35.80492" lon="-78.47318">
        <ele>110.0</ele>
      </trkpt>
      <trkpt lat="35.80492" lon="-78.47317">
        <ele>110.1</ele>
      </trkpt>
      <trkpt lat="35.80493" lon="-78.47316">
        <ele>110.1</ele>
      </trkpt>
      <trkpt lat="35.80494" lon="-78.47315">
        <ele>110.1</ele>
      </trkpt>
      <trkpt lat="35.80494" lon="-78.47314">
        <ele>110.1</ele>
      </trkpt>
      <trkpt lat="35.80495" lon="-78.47313">
        <ele>110.1</ele>
      </trkpt>
      <trkpt lat="35.80496" lon="-78.47312">
        <ele>110.2</ele>
      </trkpt>
      <trkpt lat="35.80497" lon="-78.47311">
        <ele>110.2</ele>
      </trkpt>
      <trkpt lat="35.80498" lon="-78.4731">
        <ele>110.2</ele>
      </trkpt>
      <trkpt lat="35.80499" lon="-78.47309">
        <ele>110.2</ele>
      </trkpt>
      <trkpt lat="35.80501" lon="-78.47308">
        <ele>110.2</ele>
      </trkpt>
      <trkpt lat="35.80503" lon="-78.47307">
        <ele>110.2</ele>
      </trkpt>
      <trkpt lat="35.80504" lon="-78.47307">
        <ele>110.1</ele>
      </trkpt>
      <trkpt lat="35.80505" lon="-78.47307">
        <ele>110.1</ele>
      </trkpt>
      <trkpt lat="35.80506" lon="-78.47307">
        <ele>110.1</ele>
      </trkpt>
      <trkpt lat="35.80507" lon="-78.47307">
        <ele>110.1</ele>
      </trkpt>
      <trkpt lat="35.80508" lon="-78.47307">
        <ele>110.1</ele>
      </trkpt>
      <trkpt lat="35.8051" lon="-78.47307">
        <ele>110.1</ele>
      </trkpt>
      <trkpt lat="35.80511" lon="-78.47307">
        <ele>110.1</ele>
      </trkpt>
      <trkpt lat="35.80512" lon="-78.47308">
        <ele>110.0</ele>
      </trkpt>
      <trkpt lat="35.80513" lon="-78.47308">
        <ele>110.0</ele>
      </trkpt>
      <trkpt lat="35.80514" lon="-78.47309">
        <ele>110.0</ele>
      </trkpt>
      <trkpt lat="35.80515" lon="-78.4731">
        <ele>110.0</ele>
      </trkpt>
      <trkpt lat="35.80516" lon="-78.47311">
        <ele>110.0</ele>
      </trkpt>
      <trkpt lat="35.80517" lon="-78.47311">
        <ele>110.0</ele>
      </trkpt>
      <trkpt lat="35.80518" lon="-78.47312">
        <ele>109.9</ele>
      </trkpt>
      <trkpt lat="35.80519" lon="-78.47313">
        <ele>109.9</ele>
      </trkpt>
      <trkpt lat="35.80519" lon="-78.47314">
        <ele>109.9</ele>
      </trkpt>
      <trkpt lat="35.8052" lon="-78.47315">
        <ele>109.8</ele>
      </trkpt>
      <trkpt lat="35.80524" lon="-78.47315">
        <ele>109.8</ele>
      </trkpt>
      <trkpt lat="35.80528" lon="-78.47316">
        <ele>109.7</ele>
      </trkpt>
      <trkpt lat="35.80538" lon="-78.47316">
        <ele>109.5</ele>
      </trkpt>
      <trkpt lat="35.80546" lon="-78.47318">
        <ele>109.2</ele>
      </trkpt>
      <trkpt lat="35.80552" lon="-78.47317">
        <ele>108.9</ele>
      </trkpt>
      <trkpt lat="35.80557" lon="-78.47315">
        <ele>108.8</ele>
      </trkpt>
      <trkpt lat="35.80568" lon="-78.47313">
        <ele>108.5</ele>
      </trkpt>
      <trkpt lat="35.80575" lon="-78.47311">
        <ele>108.2</ele>
      </trkpt>
      <trkpt lat="35.8062" lon="-78.47298">
        <ele>106.4</ele>
      </trkpt>
      <trkpt lat="35.80689" lon="-78.47281">
        <ele>103.7</ele>
      </trkpt>
      <trkpt lat="35.80697" lon="-78.47279">
        <ele>103.4</ele>
      </trkpt>
      <trkpt lat="35.80725" lon="-78.47272">
        <ele>102.7</ele>
      </trkpt>
      <trkpt lat="35.80751" lon="-78.47264">
        <ele>102.2</ele>
      </trkpt>
      <trkpt lat="35.80767" lon="-78.47259">
        <ele>102.5</ele>
      </trkpt>
      <trkpt lat="35.80802" lon="-78.47249">
        <ele>103.3</ele>
      </trkpt>
      <trkpt lat="35.80854" lon="-78.47236">
        <ele>104.5</ele>
      </trkpt>
      <trkpt lat="35.8086" lon="-78.47235">
        <ele>104.5</ele>
      </trkpt>
      <trkpt lat="35.80868" lon="-78.47232">
        <ele>104.5</ele>
      </trkpt>
      <trkpt lat="35.8089" lon="-78.47226">
        <ele>104.3</ele>
      </trkpt>
      <trkpt lat="35.80903" lon="-78.47223">
        <ele>104.0</ele>
      </trkpt>
      <trkpt lat="35.80915" lon="-78.47219">
        <ele>103.7</ele>
      </trkpt>
      <trkpt lat="35.80963" lon="-78.47206">
        <ele>102.7</ele>
      </trkpt>
      <trkpt lat="35.80985" lon="-78.472">
        <ele>102.2</ele>
      </trkpt>
      <trkpt lat="35.80995" lon="-78.47197">
        <ele>101.9</ele>
      </trkpt>
      <trkpt lat="35.81015" lon="-78.47191">
        <ele>101.1</ele>
      </trkpt>
      <trkpt lat="35.81032" lon="-78.47185">
        <ele>100.5</ele>
      </trkpt>
      <trkpt lat="35.81055" lon="-78.47175">
        <ele>100.3</ele>
      </trkpt>
      <trkpt lat="35.81071" lon="-78.47165">
        <ele>100.1</ele>
      </trkpt>
      <trkpt lat="35.81078" lon="-78.4716">
        <ele>100.1</ele>
      </trkpt>
      <trkpt lat="35.81083" lon="-78.47156">
        <ele>100.2</ele>
      </trkpt>
      <trkpt lat="35.81087" lon="-78.47153">
        <ele>100.1</ele>
      </trkpt>
      <trkpt lat="35.81092" lon="-78.47149">
        <ele>100.4</ele>
      </trkpt>
      <trkpt lat="35.81097" lon="-78.47144">
        <ele>100.3</ele>
      </trkpt>
      <trkpt lat="35.811" lon="-78.47141">
        <ele>100.5</ele>
      </trkpt>
      <trkpt lat="35.81101" lon="-78.4714">
        <ele>100.5</ele>
      </trkpt>
      <trkpt lat="35.81102" lon="-78.4714">
        <ele>100.5</ele>
      </trkpt>
      <trkpt lat="35.81106" lon="-78.47136">
        <ele>100.6</ele>
      </trkpt>
      <trkpt lat="35.81112" lon="-78.47129">
        <ele>101.0</ele>
      </trkpt>
      <trkpt lat="35.81114" lon="-78.47126">
        <ele>101.1</ele>
      </trkpt>
      <trkpt lat="35.81132" lon="-78.47106">
        <ele>102.4</ele>
      </trkpt>
      <trkpt lat="35.81152" lon="-78.47083">
        <ele>103.6</ele>
      </trkpt>
      <trkpt lat="35.8116" lon="-78.47074">
        <ele>104.1</ele>
      </trkpt>
      <trkpt lat="35.81168" lon="-78.47065">
        <ele>104.3</ele>
      </trkpt>
      <trkpt lat="35.81178" lon="-78.47052">
        <ele>104.5</ele>
      </trkpt>
      <trkpt lat="35.8118" lon="-78.47051">
        <ele>104.5</ele>
      </trkpt>
      <trkpt lat="35.81181" lon="-78.4705">
        <ele>104.5</ele>
      </trkpt>
      <trkpt lat="35.81183" lon="-78.47047">
        <ele>104.5</ele>
      </trkpt>
      <trkpt lat="35.81191" lon="-78.47037">
        <ele>104.3</ele>
      </trkpt>
      <trkpt lat="35.81196" lon="-78.47032">
        <ele>104.1</ele>
      </trkpt>
      <trkpt lat="35.81196" lon="-78.47031">
        <ele>104.1</ele>
      </trkpt>
      <trkpt lat="35.81204" lon="-78.47022">
        <ele>103.6</ele>
      </trkpt>
      <trkpt lat="35.81206" lon="-78.4702">
        <ele>103.5</ele>
      </trkpt>
      <trkpt lat="35.81207" lon="-78.47019">
        <ele>103.4</ele>
      </trkpt>
      <trkpt lat="35.8122" lon="-78.47003">
        <ele>102.4</ele>
      </trkpt>
      <trkpt lat="35.81222" lon="-78.47001">
        <ele>102.3</ele>
      </trkpt>
      <trkpt lat="35.81225" lon="-78.46998">
        <ele>101.8</ele>
      </trkpt>
      <trkpt lat="35.81243" lon="-78.46976">
        <ele>100.4</ele>
      </trkpt>
      <trkpt lat="35.81245" lon="-78.46974">
        <ele>100.7</ele>
      </trkpt>
      <trkpt lat="35.81246" lon="-78.46973">
        <ele>100.8</ele>
      </trkpt>
      <trkpt lat="35.81247" lon="-78.46972">
        <ele>100.9</ele>
      </trkpt>
      <trkpt lat="35.8125" lon="-78.46968">
        <ele>101.1</ele>
      </trkpt>
      <trkpt lat="35.81251" lon="-78.46967">
        <ele>101.1</ele>
      </trkpt>
      <trkpt lat="35.81258" lon="-78.46959">
        <ele>101.2</ele>
      </trkpt>
      <trkpt lat="35.81259" lon="-78.46958">
        <ele>101.3</ele>
      </trkpt>
      <trkpt lat="35.81263" lon="-78.46952">
        <ele>101.6</ele>
      </trkpt>
      <trkpt lat="35.81264" lon="-78.46952">
        <ele>101.6</ele>
      </trkpt>
      <trkpt lat="35.8127" lon="-78.46945">
        <ele>101.9</ele>
      </trkpt>
      <trkpt lat="35.81271" lon="-78.46944">
        <ele>101.9</ele>
      </trkpt>
      <trkpt lat="35.81272" lon="-78.46942">
        <ele>102.0</ele>
      </trkpt>
      <trkpt lat="35.81284" lon="-78.46928">
        <ele>102.6</ele>
      </trkpt>
      <trkpt lat="35.81285" lon="-78.46927">
        <ele>102.6</ele>
      </trkpt>
      <trkpt lat="35.81293" lon="-78.46918">
        <ele>103.2</ele>
      </trkpt>
      <trkpt lat="35.81315" lon="-78.46891">
        <ele>104.3</ele>
      </trkpt>
      <trkpt lat="35.81336" lon="-78.46868">
        <ele>105.2</ele>
      </trkpt>
      <trkpt lat="35.81355" lon="-78.46846">
        <ele>106.0</ele>
      </trkpt>
      <trkpt lat="35.81356" lon="-78.46845">
        <ele>106.0</ele>
      </trkpt>
      <trkpt lat="35.81361" lon="-78.46839">
        <ele>106.1</ele>
      </trkpt>
      <trkpt lat="35.81362" lon="-78.46837">
        <ele>106.1</ele>
      </trkpt>
      <trkpt lat="35.81363" lon="-78.46836">
        <ele>106.1</ele>
      </trkpt>
      <trkpt lat="35.81389" lon="-78.46807">
        <ele>106.4</ele>
      </trkpt>
      <trkpt lat="35.81394" lon="-78.468">
        <ele>106.4</ele>
      </trkpt>
      <trkpt lat="35.81406" lon="-78.46786">
        <ele>106.5</ele>
      </trkpt>
      <trkpt lat="35.81429" lon="-78.4676">
        <ele>106.6</ele>
      </trkpt>
      <trkpt lat="35.81437" lon="-78.46749">
        <ele>106.8</ele>
      </trkpt>
      <trkpt lat="35.81479" lon="-78.46703">
        <ele>107.5</ele>
      </trkpt>
      <trkpt lat="35.81483" lon="-78.46699">
        <ele>107.6</ele>
      </trkpt>
      <trkpt lat="35.81489" lon="-78.46693">
        <ele>107.7</ele>
      </trkpt>
      <trkpt lat="35.81496" lon="-78.46687">
        <ele>107.8</ele>
      </trkpt>
      <trkpt lat="35.81497" lon="-78.46686">
        <ele>107.8</ele>
      </trkpt>
      <trkpt lat="35.81507" lon="-78.46679">
        <ele>107.7</ele>
      </trkpt>
      <trkpt lat="35.81513" lon="-78.46675">
        <ele>107.8</ele>
      </trkpt>
      <trkpt lat="35.81518" lon="-78.46672">
        <ele>107.7</ele>
      </trkpt>
      <trkpt lat="35.81529" lon="-78.46665">
        <ele>107.7</ele>
      </trkpt>
      <trkpt lat="35.81541" lon="-78.46658">
        <ele>107.9</ele>
      </trkpt>
      <trkpt lat="35.81544" lon="-78.46657">
        <ele>107.8</ele>
      </trkpt>
      <trkpt lat="35.81551" lon="-78.46654">
        <ele>107.7</ele>
      </trkpt>
      <trkpt lat="35.81559" lon="-78.46651">
        <ele>107.7</ele>
      </trkpt>
      <trkpt lat="35.81564" lon="-78.4665">
        <ele>107.6</ele>
      </trkpt>
      <trkpt lat="35.81569" lon="-78.46649">
        <ele>107.5</ele>
      </trkpt>
      <trkpt lat="35.81586" lon="-78.46645">
        <ele>107.3</ele>
      </trkpt>
      <trkpt lat="35.81614" lon="-78.46641">
        <ele>106.8</ele>
      </trkpt>
      <trkpt lat="35.81647" lon="-78.46638">
        <ele>106.0</ele>
      </trkpt>
      <trkpt lat="35.81712" lon="-78.4663">
        <ele>104.8</ele>
      </trkpt>
      <trkpt lat="35.81793" lon="-78.46621">
        <ele>103.9</ele>
      </trkpt>
      <trkpt lat="35.81801" lon="-78.4662">
        <ele>103.8</ele>
      </trkpt>
      <trkpt lat="35.81812" lon="-78.46618">
        <ele>103.7</ele>
      </trkpt>
      <trkpt lat="35.81903" lon="-78.46607">
        <ele>105.1</ele>
      </trkpt>
      <trkpt lat="35.81909" lon="-78.46606">
        <ele>105.2</ele>
      </trkpt>
      <trkpt lat="35.81917" lon="-78.46602">
        <ele>105.2</ele>
      </trkpt>
      <trkpt lat="35.81917" lon="-78.46602">
        <ele>105.2</ele>
      </trkpt>
      <trkpt lat="35.81917" lon="-78.46601">
        <ele>105.2</ele>
      </trkpt>
      <trkpt lat="35.81918" lon="-78.46601">
        <ele>105.2</ele>
      </trkpt>
      <trkpt lat="35.81918" lon="-78.466">
        <ele>105.2</ele>
      </trkpt>
      <trkpt lat="35.81919" lon="-78.466">
        <ele>105.2</ele>
      </trkpt>
      <trkpt lat="35.81919" lon="-78.46599">
        <ele>105.2</ele>
      </trkpt>
      <trkpt lat="35.8192" lon="-78.46599">
        <ele>105.2</ele>
      </trkpt>
      <trkpt lat="35.8192" lon="-78.46598">
        <ele>105.2</ele>
      </trkpt>
      <trkpt lat="35.81921" lon="-78.46598">
        <ele>105.2</ele>
      </trkpt>
      <trkpt lat="35.81922" lon="-78.46598">
        <ele>105.2</ele>
      </trkpt>
      <trkpt lat="35.81922" lon="-78.46597">
        <ele>105.2</ele>
      </trkpt>
      <trkpt lat="35.81923" lon="-78.46597">
        <ele>105.2</ele>
      </trkpt>
      <trkpt lat="35.81924" lon="-78.46597">
        <ele>105.1</ele>
      </trkpt>
      <trkpt lat="35.81925" lon="-78.46597">
        <ele>105.1</ele>
      </trkpt>
      <trkpt lat="35.81926" lon="-78.46597">
        <ele>105.1</ele>
      </trkpt>
      <trkpt lat="35.81926" lon="-78.46598">
        <ele>105.1</ele>
      </trkpt>
      <trkpt lat="35.81927" lon="-78.46598">
        <ele>105.1</ele>
      </trkpt>
      <trkpt lat="35.81928" lon="-78.46598">
        <ele>105.0</ele>
      </trkpt>
      <trkpt lat="35.81928" lon="-78.46599">
        <ele>105.0</ele>
      </trkpt>
      <trkpt lat="35.81929" lon="-78.46599">
        <ele>105.0</ele>
      </trkpt>
      <trkpt lat="35.81929" lon="-78.466">
        <ele>105.0</ele>
      </trkpt>
      <trkpt lat="35.8193" lon="-78.466">
        <ele>105.0</ele>
      </trkpt>
      <trkpt lat="35.8193" lon="-78.46601">
        <ele>105.0</ele>
      </trkpt>
      <trkpt lat="35.8194" lon="-78.46604">
        <ele>104.7</ele>
      </trkpt>
      <trkpt lat="35.81993" lon="-78.46599">
        <ele>103.7</ele>
      </trkpt>
      <trkpt lat="35.82006" lon="-78.46598">
        <ele>103.6</ele>
      </trkpt>
      <trkpt lat="35.82012" lon="-78.46598">
        <ele>103.5</ele>
      </trkpt>
      <trkpt lat="35.82064" lon="-78.46595">
        <ele>102.9</ele>
      </trkpt>
      <trkpt lat="35.82136" lon="-78.46593">
        <ele>101.8</ele>
      </trkpt>
      <trkpt lat="35.82149" lon="-78.46593">
        <ele>101.7</ele>
      </trkpt>
      <trkpt lat="35.82163" lon="-78.46593">
        <ele>101.7</ele>
      </trkpt>
      <trkpt lat="35.82167" lon="-78.46593">
        <ele>101.7</ele>
      </trkpt>
      <trkpt lat="35.8219" lon="-78.46594">
        <ele>102.1</ele>
      </trkpt>
      <trkpt lat="35.82298" lon="-78.46598">
        <ele>103.2</ele>
      </trkpt>
      <trkpt lat="35.82311" lon="-78.46598">
        <ele>103.0</ele>
      </trkpt>
      <trkpt lat="35.82317" lon="-78.46596">
        <ele>103.1</ele>
      </trkpt>
      <trkpt lat="35.82319" lon="-78.46594">
        <ele>103.1</ele>
      </trkpt>
      <trkpt lat="35.82322" lon="-78.46592">
        <ele>103.1</ele>
      </trkpt>
      <trkpt lat="35.82324" lon="-78.46589">
        <ele>103.3</ele>
      </trkpt>
      <trkpt lat="35.82326" lon="-78.46583">
        <ele>103.6</ele>
      </trkpt>
      <trkpt lat="35.82326" lon="-78.46583">
        <ele>103.6</ele>
      </trkpt>
      <trkpt lat="35.82324" lon="-78.46526">
        <ele>105.8</ele>
      </trkpt>
      <trkpt lat="35.82324" lon="-78.46526">
        <ele>105.8</ele>
      </trkpt>
      <trkpt lat="35.82323" lon="-78.46503">
        <ele>106.8</ele>
      </trkpt>
      <trkpt lat="35.82323" lon="-78.46494">
        <ele>107.1</ele>
      </trkpt>
      <trkpt lat="35.82322" lon="-78.46481">
        <ele>107.5</ele>
      </trkpt>
      <trkpt lat="35.82322" lon="-78.46458">
        <ele>108.2</ele>
      </trkpt>
      <trkpt lat="35.82321" lon="-78.46452">
        <ele>108.3</ele>
      </trkpt>
      <trkpt lat="35.82321" lon="-78.4645">
        <ele>108.3</ele>
      </trkpt>
      <trkpt lat="35.82321" lon="-78.46436">
        <ele>108.3</ele>
      </trkpt>
      <trkpt lat="35.82321" lon="-78.46428">
        <ele>108.3</ele>
      </trkpt>
      <trkpt lat="35.82321" lon="-78.46425">
        <ele>108.3</ele>
      </trkpt>
      <trkpt lat="35.82322" lon="-78.46405">
        <ele>108.2</ele>
      </trkpt>
      <trkpt lat="35.82322" lon="-78.46401">
        <ele>108.1</ele>
      </trkpt>
      <trkpt lat="35.82323" lon="-78.46392">
        <ele>107.9</ele>
      </trkpt>
      <trkpt lat="35.82324" lon="-78.46383">
        <ele>107.6</ele>
      </trkpt>
      <trkpt lat="35.82324" lon="-78.46381">
        <ele>107.6</ele>
      </trkpt>
      <trkpt lat="35.82326" lon="-78.4637">
        <ele>107.1</ele>
      </trkpt>
      <trkpt lat="35.82327" lon="-78.4636">
        <ele>106.9</ele>
      </trkpt>
      <trkpt lat="35.82332" lon="-78.46342">
        <ele>106.5</ele>
      </trkpt>
      <trkpt lat="35.82337" lon="-78.46324">
        <ele>106.0</ele>
      </trkpt>
      <trkpt lat="35.82343" lon="-78.46309">
        <ele>105.4</ele>
      </trkpt>
      <trkpt lat="35.82343" lon="-78.46307">
        <ele>105.4</ele>
      </trkpt>
      <trkpt lat="35.82351" lon="-78.4629">
        <ele>105.0</ele>
      </trkpt>
      <trkpt lat="35.82356" lon="-78.46281">
        <ele>104.8</ele>
      </trkpt>
      <trkpt lat="35.82361" lon="-78.46273">
        <ele>104.6</ele>
      </trkpt>
      <trkpt lat="35.82362" lon="-78.46271">
        <ele>104.6</ele>
      </trkpt>
      <trkpt lat="35.82367" lon="-78.46263">
        <ele>104.4</ele>
      </trkpt>
      <trkpt lat="35.82373" lon="-78.46254">
        <ele>104.4</ele>
      </trkpt>
      <trkpt lat="35.82379" lon="-78.46247">
        <ele>104.3</ele>
      </trkpt>
      <trkpt lat="35.82385" lon="-78.4624">
        <ele>104.3</ele>
      </trkpt>
      <trkpt lat="35.82393" lon="-78.46231">
        <ele>104.5</ele>
      </trkpt>
      <trkpt lat="35.824" lon="-78.46224">
        <ele>104.7</ele>
      </trkpt>
      <trkpt lat="35.82407" lon="-78.46219">
        <ele>104.8</ele>
      </trkpt>
      <trkpt lat="35.82408" lon="-78.46218">
        <ele>104.9</ele>
      </trkpt>
      <trkpt lat="35.82417" lon="-78.46211">
        <ele>105.1</ele>
      </trkpt>
      <trkpt lat="35.82422" lon="-78.46208">
        <ele>105.1</ele>
      </trkpt>
      <trkpt lat="35.82475" lon="-78.46175">
        <ele>106.1</ele>
      </trkpt>
      <trkpt lat="35.82511" lon="-78.46151">
        <ele>106.8</ele>
      </trkpt>
      <trkpt lat="35.82582" lon="-78.46106">
        <ele>107.7</ele>
      </trkpt>
      <trkpt lat="35.82623" lon="-78.4608">
        <ele>108.1</ele>
      </trkpt>
      <trkpt lat="35.82631" lon="-78.46075">
        <ele>108.2</ele>
      </trkpt>
      <trkpt lat="35.82639" lon="-78.46071">
        <ele>108.2</ele>
      </trkpt>
      <trkpt lat="35.82652" lon="-78.46064">
        <ele>108.3</ele>
      </trkpt>
      <trkpt lat="35.82671" lon="-78.46055">
        <ele>108.3</ele>
      </trkpt>
      <trkpt lat="35.82682" lon="-78.46051">
        <ele>108.2</ele>
      </trkpt>
      <trkpt lat="35.82691" lon="-78.46048">
        <ele>108.2</ele>
      </trkpt>
      <trkpt lat="35.82708" lon="-78.46043">
        <ele>108.3</ele>
      </trkpt>
      <trkpt lat="35.82743" lon="-78.46034">
        <ele>108.2</ele>
      </trkpt>
      <trkpt lat="35.82771" lon="-78.46028">
        <ele>108.3</ele>
      </trkpt>
      <trkpt lat="35.82796" lon="-78.46022">
        <ele>108.3</ele>
      </trkpt>
      <trkpt lat="35.82814" lon="-78.46018">
        <ele>108.5</ele>
      </trkpt>
      <trkpt lat="35.82828" lon="-78.46015">
        <ele>108.5</ele>
      </trkpt>
      <trkpt lat="35.82831" lon="-78.46014">
        <ele>108.5</ele>
      </trkpt>
      <trkpt lat="35.82834" lon="-78.46014">
        <ele>108.6</ele>
      </trkpt>
      <trkpt lat="35.82845" lon="-78.46011">
        <ele>108.9</ele>
      </trkpt>
      <trkpt lat="35.82863" lon="-78.46006">
        <ele>109.3</ele>
      </trkpt>
      <trkpt lat="35.82879" lon="-78.46">
        <ele>109.4</ele>
      </trkpt>
      <trkpt lat="35.82893" lon="-78.45994">
        <ele>109.7</ele>
      </trkpt>
      <trkpt lat="35.82911" lon="-78.45984">
        <ele>110.0</ele>
      </trkpt>
      <trkpt lat="35.8292" lon="-78.45978">
        <ele>110.2</ele>
      </trkpt>
      <trkpt lat="35.82927" lon="-78.45972">
        <ele>110.4</ele>
      </trkpt>
      <trkpt lat="35.82932" lon="-78.45968">
        <ele>110.6</ele>
      </trkpt>
      <trkpt lat="35.82942" lon="-78.45959">
        <ele>110.9</ele>
      </trkpt>
      <trkpt lat="35.82949" lon="-78.45952">
        <ele>111.1</ele>
      </trkpt>
      <trkpt lat="35.82957" lon="-78.45943">
        <ele>111.3</ele>
      </trkpt>
      <trkpt lat="35.82968" lon="-78.45929">
        <ele>111.7</ele>
      </trkpt>
      <trkpt lat="35.82977" lon="-78.45914">
        <ele>111.9</ele>
      </trkpt>
      <trkpt lat="35.82987" lon="-78.45898">
        <ele>112.2</ele>
      </trkpt>
      <trkpt lat="35.82989" lon="-78.45895">
        <ele>112.2</ele>
      </trkpt>
      <trkpt lat="35.82996" lon="-78.45882">
        <ele>112.3</ele>
      </trkpt>
      <trkpt lat="35.82997" lon="-78.4588">
        <ele>112.3</ele>
      </trkpt>
      <trkpt lat="35.83004" lon="-78.45863">
        <ele>112.2</ele>
      </trkpt>
      <trkpt lat="35.83005" lon="-78.4586">
        <ele>112.2</ele>
      </trkpt>
      <trkpt lat="35.83011" lon="-78.45844">
        <ele>111.7</ele>
      </trkpt>
      <trkpt lat="35.83012" lon="-78.4584">
        <ele>111.5</ele>
      </trkpt>
      <trkpt lat="35.83014" lon="-78.45836">
        <ele>111.4</ele>
      </trkpt>
      <trkpt lat="35.8302" lon="-78.45816">
        <ele>110.3</ele>
      </trkpt>
      <trkpt lat="35.83029" lon="-78.45783">
        <ele>109.2</ele>
      </trkpt>
      <trkpt lat="35.83037" lon="-78.45757">
        <ele>109.0</ele>
      </trkpt>
      <trkpt lat="35.83043" lon="-78.45738">
        <ele>108.2</ele>
      </trkpt>
      <trkpt lat="35.8306" lon="-78.45673">
        <ele>107.1</ele>
      </trkpt>
      <trkpt lat="35.83069" lon="-78.45636">
        <ele>107.4</ele>
      </trkpt>
      <trkpt lat="35.8309" lon="-78.45562">
        <ele>108.5</ele>
      </trkpt>
      <trkpt lat="35.831" lon="-78.45525">
        <ele>108.0</ele>
      </trkpt>
      <trkpt lat="35.83117" lon="-78.45462">
        <ele>108.4</ele>
      </trkpt>
      <trkpt lat="35.83127" lon="-78.45423">
        <ele>109.4</ele>
      </trkpt>
      <trkpt lat="35.83132" lon="-78.454">
        <ele>109.9</ele>
      </trkpt>
      <trkpt lat="35.83139" lon="-78.45373">
        <ele>110.3</ele>
      </trkpt>
      <trkpt lat="35.83152" lon="-78.45303">
        <ele>112.4</ele>
      </trkpt>
      <trkpt lat="35.83153" lon="-78.45294">
        <ele>112.5</ele>
      </trkpt>
      <trkpt lat="35.83165" lon="-78.4521">
        <ele>112.5</ele>
      </trkpt>
      <trkpt lat="35.83166" lon="-78.45194">
        <ele>112.7</ele>
      </trkpt>
      <trkpt lat="35.83169" lon="-78.45172">
        <ele>113.0</ele>
      </trkpt>
      <trkpt lat="35.83174" lon="-78.4513">
        <ele>113.7</ele>
      </trkpt>
      <trkpt lat="35.83183" lon="-78.45059">
        <ele>114.9</ele>
      </trkpt>
      <trkpt lat="35.83185" lon="-78.4504">
        <ele>115.3</ele>
      </trkpt>
      <trkpt lat="35.83187" lon="-78.45018">
        <ele>115.7</ele>
      </trkpt>
      <trkpt lat="35.83192" lon="-78.44974">
        <ele>115.6</ele>
      </trkpt>
      <trkpt lat="35.83192" lon="-78.44974">
        <ele>115.6</ele>
      </trkpt>
      <trkpt lat="35.83222" lon="-78.44947">
        <ele>115.8</ele>
      </trkpt>
      <trkpt lat="35.83235" lon="-78.44935">
        <ele>115.7</ele>
      </trkpt>
      <trkpt lat="35.83236" lon="-78.44934">
        <ele>115.7</ele>
      </trkpt>
      <trkpt lat="35.83256" lon="-78.44916">
        <ele>115.4</ele>
      </trkpt>
      <trkpt lat="35.83262" lon="-78.44911">
        <ele>115.3</ele>
      </trkpt>
      <trkpt lat="35.83262" lon="-78.44911">
        <ele>115.3</ele>
      </trkpt>
      <trkpt lat="35.8328" lon="-78.44896">
        <ele>115.4</ele>
      </trkpt>
      <trkpt lat="35.83281" lon="-78.44896">
        <ele>115.3</ele>
      </trkpt>
      <trkpt lat="35.83304" lon="-78.44876">
        <ele>115.3</ele>
      </trkpt>
      <trkpt lat="35.83311" lon="-78.44872">
        <ele>115.3</ele>
      </trkpt>
      <trkpt lat="35.83326" lon="-78.4486">
        <ele>115.3</ele>
      </trkpt>
      <trkpt lat="35.83372" lon="-78.44826">
        <ele>115.6</ele>
      </trkpt>
      <trkpt lat="35.83417" lon="-78.44795">
        <ele>116.0</ele>
      </trkpt>
      <trkpt lat="35.83439" lon="-78.4478">
        <ele>116.2</ele>
      </trkpt>
      <trkpt lat="35.83445" lon="-78.44776">
        <ele>116.1</ele>
      </trkpt>
      <trkpt lat="35.83461" lon="-78.44766">
        <ele>115.9</ele>
      </trkpt>
      <trkpt lat="35.83475" lon="-78.44757">
        <ele>115.8</ele>
      </trkpt>
      <trkpt lat="35.83503" lon="-78.44741">
        <ele>115.5</ele>
      </trkpt>
      <trkpt lat="35.83541" lon="-78.44723">
        <ele>115.4</ele>
      </trkpt>
      <trkpt lat="35.83579" lon="-78.44706">
        <ele>115.3</ele>
      </trkpt>
      <trkpt lat="35.83607" lon="-78.44693">
        <ele>115.5</ele>
      </trkpt>
      <trkpt lat="35.83635" lon="-78.44682">
        <ele>115.6</ele>
      </trkpt>
      <trkpt lat="35.83668" lon="-78.44667">
        <ele>115.8</ele>
      </trkpt>
      <trkpt lat="35.83671" lon="-78.44666">
        <ele>115.8</ele>
      </trkpt>
      <trkpt lat="35.83673" lon="-78.44665">
        <ele>115.7</ele>
      </trkpt>
      <trkpt lat="35.83676" lon="-78.44663">
        <ele>115.7</ele>
      </trkpt>
      <trkpt lat="35.83678" lon="-78.44662">
        <ele>115.6</ele>
      </trkpt>
      <trkpt lat="35.83683" lon="-78.44659">
        <ele>115.5</ele>
      </trkpt>
      <trkpt lat="35.83687" lon="-78.44655">
        <ele>115.3</ele>
      </trkpt>
      <trkpt lat="35.83687" lon="-78.44655">
        <ele>115.3</ele>
      </trkpt>
      <trkpt lat="35.8371" lon="-78.44663">
        <ele>115.5</ele>
      </trkpt>
      <trkpt lat="35.83734" lon="-78.44669">
        <ele>115.7</ele>
      </trkpt>
      <trkpt lat="35.83738" lon="-78.4467">
        <ele>115.8</ele>
      </trkpt>
      <trkpt lat="35.83758" lon="-78.44674">
        <ele>116.0</ele>
      </trkpt>
      <trkpt lat="35.83769" lon="-78.44675">
        <ele>116.2</ele>
      </trkpt>
      <trkpt lat="35.83769" lon="-78.44675">
        <ele>116.2</ele>
      </trkpt>
      <trkpt lat="35.83793" lon="-78.44679">
        <ele>116.6</ele>
      </trkpt>
      <trkpt lat="35.8381" lon="-78.44681">
        <ele>116.6</ele>
      </trkpt>
      <trkpt lat="35.83811" lon="-78.44681">
        <ele>116.6</ele>
      </trkpt>
      <trkpt lat="35.83842" lon="-78.44686">
        <ele>116.2</ele>
      </trkpt>
      <trkpt lat="35.83932" lon="-78.44698">
        <ele>114.5</ele>
      </trkpt>
      <trkpt lat="35.83998" lon="-78.44707">
        <ele>114.9</ele>
      </trkpt>
      <trkpt lat="35.84027" lon="-78.44711">
        <ele>115.9</ele>
      </trkpt>
      <trkpt lat="35.84069" lon="-78.44716">
        <ele>116.4</ele>
      </trkpt>
      <trkpt lat="35.84081" lon="-78.44718">
        <ele>116.0</ele>
      </trkpt>
      <trkpt lat="35.84105" lon="-78.44721">
        <ele>114.8</ele>
      </trkpt>
      <trkpt lat="35.8415" lon="-78.44726">
        <ele>113.5</ele>
      </trkpt>
      <trkpt lat="35.84183" lon="-78.44727">
        <ele>113.5</ele>
      </trkpt>
      <trkpt lat="35.84186" lon="-78.44728">
        <ele>113.7</ele>
      </trkpt>
      <trkpt lat="35.84188" lon="-78.44728">
        <ele>113.7</ele>
      </trkpt>
      <trkpt lat="35.84198" lon="-78.44727">
        <ele>114.0</ele>
      </trkpt>
      <trkpt lat="35.84199" lon="-78.44727">
        <ele>114.0</ele>
      </trkpt>
      <trkpt lat="35.84201" lon="-78.44727">
        <ele>114.1</ele>
      </trkpt>
      <trkpt lat="35.84204" lon="-78.44727">
        <ele>114.2</ele>
      </trkpt>
      <trkpt lat="35.84212" lon="-78.44726">
        <ele>114.4</ele>
      </trkpt>
      <trkpt lat="35.84247" lon="-78.4472">
        <ele>115.6</ele>
      </trkpt>
      <trkpt lat="35.84257" lon="-78.44719">
        <ele>115.9</ele>
      </trkpt>
      <trkpt lat="35.84265" lon="-78.44717">
        <ele>116.0</ele>
      </trkpt>
      <trkpt lat="35.84273" lon="-78.44716">
        <ele>116.1</ele>
      </trkpt>
      <trkpt lat="35.843" lon="-78.44711">
        <ele>115.9</ele>
      </trkpt>
      <trkpt lat="35.84326" lon="-78.44707">
        <ele>116.1</ele>
      </trkpt>
      <trkpt lat="35.84364" lon="-78.44699">
        <ele>116.8</ele>
      </trkpt>
      <trkpt lat="35.84405" lon="-78.4469">
        <ele>117.7</ele>
      </trkpt>
      <trkpt lat="35.84434" lon="-78.44684">
        <ele>118.0</ele>
      </trkpt>
      <trkpt lat="35.84485" lon="-78.44673">
        <ele>117.7</ele>
      </trkpt>
      <trkpt lat="35.84539" lon="-78.44662">
        <ele>117.7</ele>
      </trkpt>
      <trkpt lat="35.8454" lon="-78.44662">
        <ele>117.7</ele>
      </trkpt>
      <trkpt lat="35.84551" lon="-78.4466">
        <ele>117.7</ele>
      </trkpt>
      <trkpt lat="35.84558" lon="-78.44658">
        <ele>117.6</ele>
      </trkpt>
      <trkpt lat="35.84565" lon="-78.44657">
        <ele>117.7</ele>
      </trkpt>
      <trkpt lat="35.84624" lon="-78.44645">
        <ele>117.0</ele>
      </trkpt>
      <trkpt lat="35.84679" lon="-78.44634">
        <ele>116.4</ele>
      </trkpt>
      <trkpt lat="35.84745" lon="-78.44621">
        <ele>115.9</ele>
      </trkpt>
      <trkpt lat="35.84784" lon="-78.44613">
        <ele>115.9</ele>
      </trkpt>
      <trkpt lat="35.84804" lon="-78.44609">
        <ele>115.9</ele>
      </trkpt>
      <trkpt lat="35.84851" lon="-78.44599">
        <ele>113.7</ele>
      </trkpt>
      <trkpt lat="35.84851" lon="-78.44599">
        <ele>113.7</ele>
      </trkpt>
      <trkpt lat="35.84853" lon="-78.4457">
        <ele>114.2</ele>
      </trkpt>
      <trkpt lat="35.84854" lon="-78.44562">
        <ele>114.3</ele>
      </trkpt>
      <trkpt lat="35.84855" lon="-78.44544">
        <ele>114.8</ele>
      </trkpt>
      <trkpt lat="35.84855" lon="-78.44537">
        <ele>115.0</ele>
      </trkpt>
      <trkpt lat="35.84855" lon="-78.44532">
        <ele>115.1</ele>
      </trkpt>
      <trkpt lat="35.84855" lon="-78.44525">
        <ele>115.3</ele>
      </trkpt>
      <trkpt lat="35.84855" lon="-78.44513">
        <ele>115.5</ele>
      </trkpt>
      <trkpt lat="35.84854" lon="-78.44503">
        <ele>115.7</ele>
      </trkpt>
      <trkpt lat="35.84854" lon="-78.44498">
        <ele>115.7</ele>
      </trkpt>
      <trkpt lat="35.84854" lon="-78.44493">
        <ele>115.7</ele>
      </trkpt>
      <trkpt lat="35.84853" lon="-78.44481">
        <ele>115.5</ele>
      </trkpt>
      <trkpt lat="35.84852" lon="-78.44472">
        <ele>115.3</ele>
      </trkpt>
      <trkpt lat="35.8485" lon="-78.44447">
        <ele>114.4</ele>
      </trkpt>
      <trkpt lat="35.84844" lon="-78.44397">
        <ele>112.5</ele>
      </trkpt>
      <trkpt lat="35.84844" lon="-78.44393">
        <ele>112.4</ele>
      </trkpt>
      <trkpt lat="35.84842" lon="-78.44383">
        <ele>112.1</ele>
      </trkpt>
      <trkpt lat="35.84841" lon="-78.44371">
        <ele>112.1</ele>
      </trkpt>
      <trkpt lat="35.8484" lon="-78.44361">
        <ele>111.9</ele>
      </trkpt>
      <trkpt lat="35.84838" lon="-78.4435">
        <ele>111.9</ele>
      </trkpt>
      <trkpt lat="35.84836" lon="-78.44327">
        <ele>111.8</ele>
      </trkpt>
      <trkpt lat="35.84835" lon="-78.44321">
        <ele>111.7</ele>
      </trkpt>
      <trkpt lat="35.84835" lon="-78.44317">
        <ele>111.7</ele>
      </trkpt>
      <trkpt lat="35.84834" lon="-78.44305">
        <ele>111.8</ele>
      </trkpt>
      <trkpt lat="35.84833" lon="-78.44299">
        <ele>111.8</ele>
      </trkpt>
      <trkpt lat="35.84832" lon="-78.44295">
        <ele>111.8</ele>
      </trkpt>
      <trkpt lat="35.84831" lon="-78.44283">
        <ele>111.7</ele>
      </trkpt>
      <trkpt lat="35.84829" lon="-78.44273">
        <ele>111.9</ele>
      </trkpt>
      <trkpt lat="35.84828" lon="-78.44261">
        <ele>112.1</ele>
      </trkpt>
      <trkpt lat="35.84827" lon="-78.44251">
        <ele>112.3</ele>
      </trkpt>
      <trkpt lat="35.84826" lon="-78.44243">
        <ele>112.5</ele>
      </trkpt>
      <trkpt lat="35.84824" lon="-78.44225">
        <ele>113.0</ele>
      </trkpt>
      <trkpt lat="35.84824" lon="-78.44225">
        <ele>113.0</ele>
      </trkpt>
      <trkpt lat="35.84822" lon="-78.44207">
        <ele>113.5</ele>
      </trkpt>
      <trkpt lat="35.84821" lon="-78.44202">
        <ele>113.6</ele>
      </trkpt>
      <trkpt lat="35.8482" lon="-78.44195">
        <ele>113.7</ele>
      </trkpt>
      <trkpt lat="35.84819" lon="-78.44185">
        <ele>113.9</ele>
      </trkpt>
      <trkpt lat="35.84818" lon="-78.44176">
        <ele>114.0</ele>
      </trkpt>
      <trkpt lat="35.84814" lon="-78.44141">
        <ele>114.2</ele>
      </trkpt>
      <trkpt lat="35.84813" lon="-78.44136">
        <ele>114.2</ele>
      </trkpt>
      <trkpt lat="35.84813" lon="-78.44132">
        <ele>114.1</ele>
      </trkpt>
      <trkpt lat="35.84813" lon="-78.44129">
        <ele>114.1</ele>
      </trkpt>
      <trkpt lat="35.8481" lon="-78.44104">
        <ele>113.4</ele>
      </trkpt>
      <trkpt lat="35.84805" lon="-78.44051">
        <ele>112.4</ele>
      </trkpt>
      <trkpt lat="35.84804" lon="-78.44035">
        <ele>112.3</ele>
      </trkpt>
      <trkpt lat="35.84802" lon="-78.44011">
        <ele>111.9</ele>
      </trkpt>
      <trkpt lat="35.84801" lon="-78.43989">
        <ele>111.8</ele>
      </trkpt>
      <trkpt lat="35.84801" lon="-78.43982">
        <ele>111.7</ele>
      </trkpt>
      <trkpt lat="35.84801" lon="-78.43975">
        <ele>111.4</ele>
      </trkpt>
      <trkpt lat="35.84801" lon="-78.43966">
        <ele>111.2</ele>
      </trkpt>
      <trkpt lat="35.84801" lon="-78.43964">
        <ele>111.1</ele>
      </trkpt>
      <trkpt lat="35.84801" lon="-78.43945">
        <ele>110.7</ele>
      </trkpt>
      <trkpt lat="35.84802" lon="-78.43942">
        <ele>110.6</ele>
      </trkpt>
      <trkpt lat="35.84802" lon="-78.43927">
        <ele>110.6</ele>
      </trkpt>
      <trkpt lat="35.84803" lon="-78.43914">
        <ele>110.5</ele>
      </trkpt>
      <trkpt lat="35.84804" lon="-78.43898">
        <ele>110.7</ele>
      </trkpt>
      <trkpt lat="35.84806" lon="-78.43883">
        <ele>111.2</ele>
      </trkpt>
      <trkpt lat="35.84807" lon="-78.43877">
        <ele>111.3</ele>
      </trkpt>
      <trkpt lat="35.84808" lon="-78.43872">
        <ele>111.3</ele>
      </trkpt>
      <trkpt lat="35.8481" lon="-78.43863">
        <ele>111.4</ele>
      </trkpt>
      <trkpt lat="35.84812" lon="-78.4385">
        <ele>111.5</ele>
      </trkpt>
      <trkpt lat="35.84815" lon="-78.43841">
        <ele>111.4</ele>
      </trkpt>
      <trkpt lat="35.84816" lon="-78.43835">
        <ele>111.3</ele>
      </trkpt>
      <trkpt lat="35.84818" lon="-78.43828">
        <ele>111.4</ele>
      </trkpt>
      <trkpt lat="35.8482" lon="-78.43822">
        <ele>111.4</ele>
      </trkpt>
      <trkpt lat="35.84823" lon="-78.43815">
        <ele>111.3</ele>
      </trkpt>
      <trkpt lat="35.84826" lon="-78.43808">
        <ele>111.4</ele>
      </trkpt>
      <trkpt lat="35.84829" lon="-78.43802">
        <ele>111.3</ele>
      </trkpt>
      <trkpt lat="35.84833" lon="-78.43794">
        <ele>111.3</ele>
      </trkpt>
      <trkpt lat="35.84846" lon="-78.43771">
        <ele>111.6</ele>
      </trkpt>
      <trkpt lat="35.84861" lon="-78.43746">
        <ele>111.9</ele>
      </trkpt>
      <trkpt lat="35.84871" lon="-78.43729">
        <ele>112.0</ele>
      </trkpt>
      <trkpt lat="35.84874" lon="-78.43725">
        <ele>112.0</ele>
      </trkpt>
      <trkpt lat="35.84882" lon="-78.43712">
        <ele>112.1</ele>
      </trkpt>
      <trkpt lat="35.84887" lon="-78.43705">
        <ele>111.9</ele>
      </trkpt>
      <trkpt lat="35.84901" lon="-78.43681">
        <ele>112.0</ele>
      </trkpt>
      <trkpt lat="35.84904" lon="-78.43676">
        <ele>112.0</ele>
      </trkpt>
      <trkpt lat="35.84907" lon="-78.43672">
        <ele>112.0</ele>
      </trkpt>
      <trkpt lat="35.84907" lon="-78.43671">
        <ele>112.0</ele>
      </trkpt>
      <trkpt lat="35.84912" lon="-78.43663">
        <ele>112.0</ele>
      </trkpt>
      <trkpt lat="35.84917" lon="-78.43654">
        <ele>112.0</ele>
      </trkpt>
      <trkpt lat="35.84918" lon="-78.43651">
        <ele>111.9</ele>
      </trkpt>
      <trkpt lat="35.84927" lon="-78.43632">
        <ele>111.6</ele>
      </trkpt>
      <trkpt lat="35.84928" lon="-78.43631">
        <ele>111.6</ele>
      </trkpt>
      <trkpt lat="35.84933" lon="-78.43617">
        <ele>111.3</ele>
      </trkpt>
      <trkpt lat="35.84946" lon="-78.43584">
        <ele>110.5</ele>
      </trkpt>
      <trkpt lat="35.84956" lon="-78.43558">
        <ele>109.6</ele>
      </trkpt>
      <trkpt lat="35.84963" lon="-78.43539">
        <ele>109.1</ele>
      </trkpt>
      <trkpt lat="35.84965" lon="-78.43534">
        <ele>109.0</ele>
      </trkpt>
      <trkpt lat="35.84981" lon="-78.43491">
        <ele>108.8</ele>
      </trkpt>
      <trkpt lat="35.84985" lon="-78.43479">
        <ele>108.5</ele>
      </trkpt>
      <trkpt lat="35.85004" lon="-78.43424">
        <ele>106.4</ele>
      </trkpt>
      <trkpt lat="35.85011" lon="-78.43402">
        <ele>105.6</ele>
      </trkpt>
      <trkpt lat="35.85015" lon="-78.43388">
        <ele>105.3</ele>
      </trkpt>
      <trkpt lat="35.85018" lon="-78.43375">
        <ele>105.1</ele>
      </trkpt>
      <trkpt lat="35.85019" lon="-78.43369">
        <ele>105.0</ele>
      </trkpt>
      <trkpt lat="35.85021" lon="-78.4336">
        <ele>104.9</ele>
      </trkpt>
      <trkpt lat="35.85023" lon="-78.4335">
        <ele>104.8</ele>
      </trkpt>
      <trkpt lat="35.85024" lon="-78.43339">
        <ele>104.6</ele>
      </trkpt>
      <trkpt lat="35.85024" lon="-78.43338">
        <ele>104.6</ele>
      </trkpt>
      <trkpt lat="35.85025" lon="-78.4333">
        <ele>104.4</ele>
      </trkpt>
      <trkpt lat="35.85027" lon="-78.43318">
        <ele>104.2</ele>
      </trkpt>
      <trkpt lat="35.85027" lon="-78.43306">
        <ele>104.5</ele>
      </trkpt>
      <trkpt lat="35.85028" lon="-78.43298">
        <ele>104.6</ele>
      </trkpt>
      <trkpt lat="35.85028" lon="-78.43295">
        <ele>104.6</ele>
      </trkpt>
      <trkpt lat="35.85028" lon="-78.43287">
        <ele>104.5</ele>
      </trkpt>
      <trkpt lat="35.85029" lon="-78.43256">
        <ele>105.3</ele>
      </trkpt>
      <trkpt lat="35.85029" lon="-78.43243">
        <ele>105.6</ele>
      </trkpt>
      <trkpt lat="35.85028" lon="-78.43206">
        <ele>105.9</ele>
      </trkpt>
      <trkpt lat="35.85028" lon="-78.43185">
        <ele>106.5</ele>
      </trkpt>
      <trkpt lat="35.85028" lon="-78.43164">
        <ele>106.7</ele>
      </trkpt>
      <trkpt lat="35.85027" lon="-78.43157">
        <ele>107.0</ele>
      </trkpt>
      <trkpt lat="35.85027" lon="-78.43155">
        <ele>107.0</ele>
      </trkpt>
      <trkpt lat="35.85027" lon="-78.43152">
        <ele>107.0</ele>
      </trkpt>
      <trkpt lat="35.85026" lon="-78.43149">
        <ele>107.1</ele>
      </trkpt>
      <trkpt lat="35.85025" lon="-78.43146">
        <ele>107.1</ele>
      </trkpt>
      <trkpt lat="35.85025" lon="-78.43144">
        <ele>107.2</ele>
      </trkpt>
      <trkpt lat="35.85024" lon="-78.43142">
        <ele>107.2</ele>
      </trkpt>
      <trkpt lat="35.85023" lon="-78.4314">
        <ele>107.3</ele>
      </trkpt>
      <trkpt lat="35.85022" lon="-78.43137">
        <ele>107.4</ele>
      </trkpt>
      <trkpt lat="35.85021" lon="-78.43134">
        <ele>107.5</ele>
      </trkpt>
      <trkpt lat="35.8502" lon="-78.43132">
        <ele>107.6</ele>
      </trkpt>
      <trkpt lat="35.85019" lon="-78.43129">
        <ele>107.6</ele>
      </trkpt>
      <trkpt lat="35.85017" lon="-78.43126">
        <ele>107.7</ele>
      </trkpt>
      <trkpt lat="35.85015" lon="-78.43124">
        <ele>107.7</ele>
      </trkpt>
      <trkpt lat="35.85014" lon="-78.43123">
        <ele>107.8</ele>
      </trkpt>
      <trkpt lat="35.85013" lon="-78.43121">
        <ele>107.8</ele>
      </trkpt>
      <trkpt lat="35.85011" lon="-78.43119">
        <ele>107.8</ele>
      </trkpt>
      <trkpt lat="35.85008" lon="-78.43116">
        <ele>107.9</ele>
      </trkpt>
      <trkpt lat="35.85006" lon="-78.43115">
        <ele>108.0</ele>
      </trkpt>
      <trkpt lat="35.85004" lon="-78.43113">
        <ele>108.0</ele>
      </trkpt>
      <trkpt lat="35.85001" lon="-78.43111">
        <ele>108.1</ele>
      </trkpt>
      <trkpt lat="35.85" lon="-78.4311">
        <ele>108.2</ele>
      </trkpt>
      <trkpt lat="35.84998" lon="-78.43109">
        <ele>108.2</ele>
      </trkpt>
      <trkpt lat="35.84995" lon="-78.43108">
        <ele>108.3</ele>
      </trkpt>
      <trkpt lat="35.84989" lon="-78.43106">
        <ele>108.3</ele>
      </trkpt>
      <trkpt lat="35.84982" lon="-78.43105">
        <ele>108.4</ele>
      </trkpt>
      <trkpt lat="35.84978" lon="-78.43104">
        <ele>108.5</ele>
      </trkpt>
      <trkpt lat="35.84964" lon="-78.43104">
        <ele>108.9</ele>
      </trkpt>
      <trkpt lat="35.84964" lon="-78.43104">
        <ele>108.9</ele>
      </trkpt>
      <trkpt lat="35.84969" lon="-78.43095">
        <ele>108.5</ele>
      </trkpt>
      <trkpt lat="35.84972" lon="-78.43087">
        <ele>108.1</ele>
      </trkpt>
      <trkpt lat="35.84991" lon="-78.43054">
        <ele>106.2</ele>
      </trkpt>
      <trkpt lat="35.84999" lon="-78.43041">
        <ele>105.5</ele>
      </trkpt>
      <trkpt lat="35.85008" lon="-78.43025">
        <ele>104.8</ele>
      </trkpt>
      <trkpt lat="35.85013" lon="-78.43016">
        <ele>104.6</ele>
      </trkpt>
      <trkpt lat="35.85018" lon="-78.43007">
        <ele>104.3</ele>
      </trkpt>
      <trkpt lat="35.85024" lon="-78.42996">
        <ele>104.0</ele>
      </trkpt>
      <trkpt lat="35.85029" lon="-78.42989">
        <ele>103.9</ele>
      </trkpt>
      <trkpt lat="35.85036" lon="-78.42975">
        <ele>103.6</ele>
      </trkpt>
      <trkpt lat="35.85039" lon="-78.4297">
        <ele>103.6</ele>
      </trkpt>
      <trkpt lat="35.8504" lon="-78.42967">
        <ele>103.6</ele>
      </trkpt>
      <trkpt lat="35.85047" lon="-78.42951">
        <ele>103.6</ele>
      </trkpt>
      <trkpt lat="35.85051" lon="-78.4294">
        <ele>103.7</ele>
      </trkpt>
      <trkpt lat="35.85051" lon="-78.4294">
        <ele>103.7</ele>
      </trkpt>
      <trkpt lat="35.85063" lon="-78.42911">
        <ele>103.9</ele>
      </trkpt>
      <trkpt lat="35.85065" lon="-78.42908">
        <ele>104.0</ele>
      </trkpt>
      <trkpt lat="35.85074" lon="-78.42874">
        <ele>104.3</ele>
      </trkpt>
      <trkpt lat="35.85074" lon="-78.42869">
        <ele>104.3</ele>
      </trkpt>
      <trkpt lat="35.85077" lon="-78.42847">
        <ele>104.1</ele>
      </trkpt>
      <trkpt lat="35.85079" lon="-78.42825">
        <ele>103.6</ele>
      </trkpt>
      <trkpt lat="35.85082" lon="-78.42803">
        <ele>102.9</ele>
      </trkpt>
      <trkpt lat="35.85094" lon="-78.42698">
        <ele>100.0</ele>
      </trkpt>
      <trkpt lat="35.85097" lon="-78.42682">
        <ele>99.3</ele>
      </trkpt>
      <trkpt lat="35.8511" lon="-78.42596">
        <ele>96.8</ele>
      </trkpt>
      <trkpt lat="35.85111" lon="-78.42584">
        <ele>96.6</ele>
      </trkpt>
      <trkpt lat="35.85113" lon="-78.42562">
        <ele>96.5</ele>
      </trkpt>
      <trkpt lat="35.85118" lon="-78.42518">
        <ele>95.1</ele>
      </trkpt>
      <trkpt lat="35.85121" lon="-78.42496">
        <ele>94.7</ele>
      </trkpt>
      <trkpt lat="35.85125" lon="-78.42457">
        <ele>92.8</ele>
      </trkpt>
      <trkpt lat="35.85128" lon="-78.4243">
        <ele>93.0</ele>
      </trkpt>
      <trkpt lat="35.85132" lon="-78.42391">
        <ele>93.8</ele>
      </trkpt>
      <trkpt lat="35.85134" lon="-78.4238">
        <ele>93.8</ele>
      </trkpt>
      <trkpt lat="35.85137" lon="-78.42353">
        <ele>94.0</ele>
      </trkpt>
      <trkpt lat="35.85139" lon="-78.42335">
        <ele>94.5</ele>
      </trkpt>
      <trkpt lat="35.85154" lon="-78.42218">
        <ele>96.1</ele>
      </trkpt>
      <trkpt lat="35.85155" lon="-78.42209">
        <ele>96.0</ele>
      </trkpt>
      <trkpt lat="35.85159" lon="-78.42171">
        <ele>96.3</ele>
      </trkpt>
      <trkpt lat="35.8516" lon="-78.42165">
        <ele>96.4</ele>
      </trkpt>
      <trkpt lat="35.85163" lon="-78.42143">
        <ele>96.9</ele>
      </trkpt>
      <trkpt lat="35.85166" lon="-78.42126">
        <ele>97.3</ele>
      </trkpt>
      <trkpt lat="35.85167" lon="-78.42121">
        <ele>97.4</ele>
      </trkpt>
      <trkpt lat="35.85169" lon="-78.42106">
        <ele>97.8</ele>
      </trkpt>
      <trkpt lat="35.85172" lon="-78.42091">
        <ele>98.3</ele>
      </trkpt>
      <trkpt lat="35.85174" lon="-78.42081">
        <ele>98.7</ele>
      </trkpt>
      <trkpt lat="35.85177" lon="-78.42068">
        <ele>99.1</ele>
      </trkpt>
      <trkpt lat="35.8518" lon="-78.42057">
        <ele>99.5</ele>
      </trkpt>
      <trkpt lat="35.85181" lon="-78.42053">
        <ele>99.6</ele>
      </trkpt>
      <trkpt lat="35.85187" lon="-78.42032">
        <ele>100.3</ele>
      </trkpt>
      <trkpt lat="35.85196" lon="-78.42005">
        <ele>101.2</ele>
      </trkpt>
      <trkpt lat="35.85222" lon="-78.41934">
        <ele>103.1</ele>
      </trkpt>
      <trkpt lat="35.85229" lon="-78.41914">
        <ele>103.8</ele>
      </trkpt>
      <trkpt lat="35.85236" lon="-78.41893">
        <ele>104.1</ele>
      </trkpt>
      <trkpt lat="35.85272" lon="-78.41792">
        <ele>105.0</ele>
      </trkpt>
      <trkpt lat="35.8528" lon="-78.41772">
        <ele>105.5</ele>
      </trkpt>
      <trkpt lat="35.85287" lon="-78.41751">
        <ele>106.3</ele>
      </trkpt>
      <trkpt lat="35.85296" lon="-78.41724">
        <ele>107.3</ele>
      </trkpt>
      <trkpt lat="35.85304" lon="-78.41702">
        <ele>107.6</ele>
      </trkpt>
      <trkpt lat="35.85308" lon="-78.4169">
        <ele>107.8</ele>
      </trkpt>
      <trkpt lat="35.85315" lon="-78.41673">
        <ele>107.9</ele>
      </trkpt>
      <trkpt lat="35.85316" lon="-78.4167">
        <ele>107.7</ele>
      </trkpt>
      <trkpt lat="35.85321" lon="-78.41658">
        <ele>107.2</ele>
      </trkpt>
      <trkpt lat="35.85324" lon="-78.4165">
        <ele>106.8</ele>
      </trkpt>
      <trkpt lat="35.85325" lon="-78.4165">
        <ele>106.8</ele>
      </trkpt>
      <trkpt lat="35.8534" lon="-78.41618">
        <ele>105.0</ele>
      </trkpt>
      <trkpt lat="35.85347" lon="-78.41606">
        <ele>104.5</ele>
      </trkpt>
      <trkpt lat="35.85354" lon="-78.41595">
        <ele>104.3</ele>
      </trkpt>
      <trkpt lat="35.85364" lon="-78.41583">
        <ele>103.9</ele>
      </trkpt>
      <trkpt lat="35.85367" lon="-78.41579">
        <ele>103.8</ele>
      </trkpt>
      <trkpt lat="35.85379" lon="-78.41566">
        <ele>103.9</ele>
      </trkpt>
      <trkpt lat="35.85393" lon="-78.41551">
        <ele>104.2</ele>
      </trkpt>
      <trkpt lat="35.85394" lon="-78.4155">
        <ele>104.3</ele>
      </trkpt>
      <trkpt lat="35.85406" lon="-78.4154">
        <ele>104.6</ele>
      </trkpt>
      <trkpt lat="35.85409" lon="-78.41538">
        <ele>104.7</ele>
      </trkpt>
      <trkpt lat="35.8542" lon="-78.41529">
        <ele>105.1</ele>
      </trkpt>
      <trkpt lat="35.85424" lon="-78.41527">
        <ele>105.2</ele>
      </trkpt>
      <trkpt lat="35.85431" lon="-78.41522">
        <ele>105.5</ele>
      </trkpt>
      <trkpt lat="35.85443" lon="-78.41515">
        <ele>105.9</ele>
      </trkpt>
      <trkpt lat="35.85476" lon="-78.41499">
        <ele>106.9</ele>
      </trkpt>
      <trkpt lat="35.85525" lon="-78.41478">
        <ele>108.1</ele>
      </trkpt>
      <trkpt lat="35.85542" lon="-78.4147">
        <ele>108.5</ele>
      </trkpt>
      <trkpt lat="35.85558" lon="-78.41463">
        <ele>108.9</ele>
      </trkpt>
      <trkpt lat="35.85575" lon="-78.41456">
        <ele>109.4</ele>
      </trkpt>
      <trkpt lat="35.8561" lon="-78.41441">
        <ele>109.8</ele>
      </trkpt>
      <trkpt lat="35.85644" lon="-78.41427">
        <ele>109.3</ele>
      </trkpt>
      <trkpt lat="35.85644" lon="-78.41427">
        <ele>109.3</ele>
      </trkpt>
      <trkpt lat="35.85654" lon="-78.4146">
        <ele>109.2</ele>
      </trkpt>
      <trkpt lat="35.85664" lon="-78.41492">
        <ele>108.5</ele>
      </trkpt>
      <trkpt lat="35.85667" lon="-78.41502">
        <ele>108.2</ele>
      </trkpt>
      <trkpt lat="35.85667" lon="-78.41502">
        <ele>108.2</ele>
      </trkpt>
      <trkpt lat="35.8567" lon="-78.41511">
        <ele>108.0</ele>
      </trkpt>
      <trkpt lat="35.85681" lon="-78.4154">
        <ele>107.1</ele>
      </trkpt>
      <trkpt lat="35.85685" lon="-78.41553">
        <ele>106.8</ele>
      </trkpt>
      <trkpt lat="35.85687" lon="-78.41557">
        <ele>106.6</ele>
      </trkpt>
      <trkpt lat="35.85693" lon="-78.41573">
        <ele>106.3</ele>
      </trkpt>
      <trkpt lat="35.85694" lon="-78.41576">
        <ele>106.3</ele>
      </trkpt>
      <trkpt lat="35.85694" lon="-78.41577">
        <ele>106.4</ele>
      </trkpt>
      <trkpt lat="35.85701" lon="-78.41594">
        <ele>106.3</ele>
      </trkpt>
      <trkpt lat="35.85709" lon="-78.41613">
        <ele>106.3</ele>
      </trkpt>
      <trkpt lat="35.8571" lon="-78.41617">
        <ele>106.3</ele>
      </trkpt>
      <trkpt lat="35.85723" lon="-78.41647">
        <ele>106.8</ele>
      </trkpt>
      <trkpt lat="35.85738" lon="-78.41682">
        <ele>107.1</ele>
      </trkpt>
      <trkpt lat="35.85742" lon="-78.41692">
        <ele>107.1</ele>
      </trkpt>
      <trkpt lat="35.85756" lon="-78.41724">
        <ele>106.9</ele>
      </trkpt>
      <trkpt lat="35.85778" lon="-78.41769">
        <ele>106.6</ele>
      </trkpt>
      <trkpt lat="35.85779" lon="-78.41773">
        <ele>106.4</ele>
      </trkpt>
      <trkpt lat="35.85786" lon="-78.41788">
        <ele>105.5</ele>
      </trkpt>
      <trkpt lat="35.85788" lon="-78.41792">
        <ele>105.1</ele>
      </trkpt>
      <trkpt lat="35.85795" lon="-78.41807">
        <ele>104.4</ele>
      </trkpt>
      <trkpt lat="35.85795" lon="-78.41808">
        <ele>104.4</ele>
      </trkpt>
      <trkpt lat="35.85797" lon="-78.41811">
        <ele>104.4</ele>
      </trkpt>
      <trkpt lat="35.85814" lon="-78.41851">
        <ele>106.7</ele>
      </trkpt>
      <trkpt lat="35.85821" lon="-78.4187">
        <ele>107.8</ele>
      </trkpt>
      <trkpt lat="35.85827" lon="-78.41887">
        <ele>107.8</ele>
      </trkpt>
      <trkpt lat="35.85829" lon="-78.41891">
        <ele>107.8</ele>
      </trkpt>
      <trkpt lat="35.85843" lon="-78.4193">
        <ele>106.6</ele>
      </trkpt>
      <trkpt lat="35.8585" lon="-78.41952">
        <ele>105.9</ele>
      </trkpt>
      <trkpt lat="35.85862" lon="-78.41989">
        <ele>105.5</ele>
      </trkpt>
      <trkpt lat="35.85862" lon="-78.41989">
        <ele>105.5</ele>
      </trkpt>
      <trkpt lat="35.85892" lon="-78.41977">
        <ele>106.3</ele>
      </trkpt>
      <trkpt lat="35.85895" lon="-78.41976">
        <ele>106.4</ele>
      </trkpt>
      <trkpt lat="35.85904" lon="-78.41972">
        <ele>106.7</ele>
      </trkpt>
      <trkpt lat="35.85961" lon="-78.41951">
        <ele>108.7</ele>
      </trkpt>
      <trkpt lat="35.86013" lon="-78.41932">
        <ele>110.1</ele>
      </trkpt>
      <trkpt lat="35.86015" lon="-78.41931">
        <ele>110.2</ele>
      </trkpt>
      <trkpt lat="35.8604" lon="-78.41922">
        <ele>110.5</ele>
      </trkpt>
      <trkpt lat="35.86109" lon="-78.41897">
        <ele>111.1</ele>
      </trkpt>
      <trkpt lat="35.86109" lon="-78.41897">
        <ele>111.1</ele>
      </trkpt>
      <trkpt lat="35.86168" lon="-78.41876">
        <ele>112.2</ele>
      </trkpt>
      <trkpt lat="35.8624" lon="-78.4185">
        <ele>113.4</ele>
      </trkpt>
      <trkpt lat="35.8632" lon="-78.4182">
        <ele>114.1</ele>
      </trkpt>
      <trkpt lat="35.86365" lon="-78.41804">
        <ele>114.5</ele>
      </trkpt>
      <trkpt lat="35.86396" lon="-78.41795">
        <ele>114.5</ele>
      </trkpt>
      <trkpt lat="35.86415" lon="-78.41791">
        <ele>114.4</ele>
      </trkpt>
      <trkpt lat="35.86431" lon="-78.41788">
        <ele>114.5</ele>
      </trkpt>
      <trkpt lat="35.86441" lon="-78.41787">
        <ele>114.5</ele>
      </trkpt>
      <trkpt lat="35.86448" lon="-78.41787">
        <ele>114.3</ele>
      </trkpt>
      <trkpt lat="35.86493" lon="-78.41785">
        <ele>113.9</ele>
      </trkpt>
      <trkpt lat="35.86521" lon="-78.41784">
        <ele>113.7</ele>
      </trkpt>
      <trkpt lat="35.86655" lon="-78.41781">
        <ele>113.9</ele>
      </trkpt>
      <trkpt lat="35.86671" lon="-78.41781">
        <ele>113.4</ele>
      </trkpt>
      <trkpt lat="35.86679" lon="-78.41781">
        <ele>113.2</ele>
      </trkpt>
      <trkpt lat="35.86707" lon="-78.41782">
        <ele>112.6</ele>
      </trkpt>
      <trkpt lat="35.86742" lon="-78.4178">
        <ele>112.1</ele>
      </trkpt>
      <trkpt lat="35.8676" lon="-78.4178">
        <ele>112.0</ele>
      </trkpt>
      <trkpt lat="35.86779" lon="-78.41779">
        <ele>112.0</ele>
      </trkpt>
      <trkpt lat="35.86814" lon="-78.41778">
        <ele>111.9</ele>
      </trkpt>
      <trkpt lat="35.86833" lon="-78.41777">
        <ele>112.1</ele>
      </trkpt>
      <trkpt lat="35.86849" lon="-78.41776">
        <ele>112.3</ele>
      </trkpt>
      <trkpt lat="35.86869" lon="-78.41776">
        <ele>112.7</ele>
      </trkpt>
      <trkpt lat="35.86921" lon="-78.41776">
        <ele>114.2</ele>
      </trkpt>
      <trkpt lat="35.86941" lon="-78.41777">
        <ele>114.7</ele>
      </trkpt>
      <trkpt lat="35.86959" lon="-78.41777">
        <ele>114.8</ele>
      </trkpt>
      <trkpt lat="35.86977" lon="-78.41778">
        <ele>115.0</ele>
      </trkpt>
      <trkpt lat="35.86981" lon="-78.41779">
        <ele>115.0</ele>
      </trkpt>
      <trkpt lat="35.87012" lon="-78.41781">
        <ele>115.2</ele>
      </trkpt>
      <trkpt lat="35.87079" lon="-78.41789">
        <ele>115.6</ele>
      </trkpt>
      <trkpt lat="35.87115" lon="-78.41796">
        <ele>116.1</ele>
      </trkpt>
      <trkpt lat="35.87132" lon="-78.41799">
        <ele>116.3</ele>
      </trkpt>
      <trkpt lat="35.87143" lon="-78.41802">
        <ele>116.4</ele>
      </trkpt>
      <trkpt lat="35.87155" lon="-78.41804">
        <ele>116.4</ele>
      </trkpt>
      <trkpt lat="35.87157" lon="-78.41805">
        <ele>116.5</ele>
      </trkpt>
      <trkpt lat="35.87173" lon="-78.41808">
        <ele>116.4</ele>
      </trkpt>
      <trkpt lat="35.8719" lon="-78.41812">
        <ele>116.3</ele>
      </trkpt>
      <trkpt lat="35.87208" lon="-78.41816">
        <ele>116.1</ele>
      </trkpt>
      <trkpt lat="35.87214" lon="-78.41817">
        <ele>116.0</ele>
      </trkpt>
      <trkpt lat="35.87263" lon="-78.41828">
        <ele>115.6</ele>
      </trkpt>
      <trkpt lat="35.87297" lon="-78.41836">
        <ele>115.3</ele>
      </trkpt>
      <trkpt lat="35.87332" lon="-78.41843">
        <ele>114.8</ele>
      </trkpt>
      <trkpt lat="35.87407" lon="-78.4186">
        <ele>114.7</ele>
      </trkpt>
      <trkpt lat="35.87437" lon="-78.41865">
        <ele>114.7</ele>
      </trkpt>
      <trkpt lat="35.87472" lon="-78.41867">
        <ele>114.9</ele>
      </trkpt>
      <trkpt lat="35.87511" lon="-78.41868">
        <ele>114.9</ele>
      </trkpt>
      <trkpt lat="35.87515" lon="-78.41868">
        <ele>114.9</ele>
      </trkpt>
      <trkpt lat="35.87533" lon="-78.41868">
        <ele>115.0</ele>
      </trkpt>
      <trkpt lat="35.87551" lon="-78.41868">
        <ele>115.2</ele>
      </trkpt>
      <trkpt lat="35.87629" lon="-78.41868">
        <ele>116.2</ele>
      </trkpt>
      <trkpt lat="35.87802" lon="-78.4187">
        <ele>117.7</ele>
      </trkpt>
      <trkpt lat="35.8786" lon="-78.41871">
        <ele>118.9</ele>
      </trkpt>
      <trkpt lat="35.87888" lon="-78.41871">
        <ele>119.1</ele>
      </trkpt>
      <trkpt lat="35.87897" lon="-78.4187">
        <ele>119.1</ele>
      </trkpt>
      <trkpt lat="35.87906" lon="-78.4187">
        <ele>119.1</ele>
      </trkpt>
      <trkpt lat="35.87993" lon="-78.41861">
        <ele>118.7</ele>
      </trkpt>
      <trkpt lat="35.8805" lon="-78.41853">
        <ele>118.2</ele>
      </trkpt>
      <trkpt lat="35.88085" lon="-78.41851">
        <ele>117.8</ele>
      </trkpt>
      <trkpt lat="35.88101" lon="-78.4185">
        <ele>117.7</ele>
      </trkpt>
      <trkpt lat="35.88103" lon="-78.4185">
        <ele>117.7</ele>
      </trkpt>
      <trkpt lat="35.88121" lon="-78.4185">
        <ele>117.5</ele>
      </trkpt>
      <trkpt lat="35.88139" lon="-78.41851">
        <ele>117.7</ele>
      </trkpt>
      <trkpt lat="35.88157" lon="-78.41851">
        <ele>117.8</ele>
      </trkpt>
      <trkpt lat="35.88161" lon="-78.41851">
        <ele>117.8</ele>
      </trkpt>
      <trkpt lat="35.88211" lon="-78.41857">
        <ele>118.8</ele>
      </trkpt>
      <trkpt lat="35.88228" lon="-78.41859">
        <ele>119.3</ele>
      </trkpt>
      <trkpt lat="35.88237" lon="-78.4186">
        <ele>119.6</ele>
      </trkpt>
      <trkpt lat="35.883" lon="-78.41867">
        <ele>122.0</ele>
      </trkpt>
      <trkpt lat="35.88318" lon="-78.41869">
        <ele>122.6</ele>
      </trkpt>
      <trkpt lat="35.88354" lon="-78.41873">
        <ele>123.6</ele>
      </trkpt>
      <trkpt lat="35.88354" lon="-78.41873">
        <ele>123.6</ele>
      </trkpt>
      <trkpt lat="35.88356" lon="-78.41899">
        <ele>122.9</ele>
      </trkpt>
      <trkpt lat="35.8836" lon="-78.41951">
        <ele>121.5</ele>
      </trkpt>
      <trkpt lat="35.88362" lon="-78.41966">
        <ele>121.2</ele>
      </trkpt>
      <trkpt lat="35.88363" lon="-78.41977">
        <ele>120.9</ele>
      </trkpt>
      <trkpt lat="35.88363" lon="-78.41977">
        <ele>120.9</ele>
      </trkpt>
      <trkpt lat="35.88364" lon="-78.41983">
        <ele>120.7</ele>
      </trkpt>
      <trkpt lat="35.88366" lon="-78.41996">
        <ele>120.4</ele>
      </trkpt>
      <trkpt lat="35.88366" lon="-78.41997">
        <ele>120.4</ele>
      </trkpt>
      <trkpt lat="35.88368" lon="-78.42006">
        <ele>120.3</ele>
      </trkpt>
      <trkpt lat="35.8837" lon="-78.42017">
        <ele>120.3</ele>
      </trkpt>
      <trkpt lat="35.88373" lon="-78.42027">
        <ele>120.1</ele>
      </trkpt>
      <trkpt lat="35.88378" lon="-78.42044">
        <ele>120.1</ele>
      </trkpt>
      <trkpt lat="35.88385" lon="-78.42063">
        <ele>120.1</ele>
      </trkpt>
      <trkpt lat="35.88389" lon="-78.42072">
        <ele>119.9</ele>
      </trkpt>
      <trkpt lat="35.88392" lon="-78.42079">
        <ele>120.0</ele>
      </trkpt>
      <trkpt lat="35.884" lon="-78.42095">
        <ele>120.2</ele>
      </trkpt>
      <trkpt lat="35.88409" lon="-78.42111">
        <ele>120.5</ele>
      </trkpt>
      <trkpt lat="35.88413" lon="-78.42118">
        <ele>120.6</ele>
      </trkpt>
      <trkpt lat="35.88417" lon="-78.42124">
        <ele>120.7</ele>
      </trkpt>
      <trkpt lat="35.88422" lon="-78.42131">
        <ele>120.8</ele>
      </trkpt>
      <trkpt lat="35.88426" lon="-78.42136">
        <ele>120.9</ele>
      </trkpt>
      <trkpt lat="35.88436" lon="-78.42148">
        <ele>121.1</ele>
      </trkpt>
      <trkpt lat="35.88443" lon="-78.42156">
        <ele>121.1</ele>
      </trkpt>
      <trkpt lat="35.88444" lon="-78.42157">
        <ele>121.1</ele>
      </trkpt>
      <trkpt lat="35.8845" lon="-78.42164">
        <ele>121.1</ele>
      </trkpt>
      <trkpt lat="35.88473" lon="-78.42187">
        <ele>121.1</ele>
      </trkpt>
      <trkpt lat="35.88514" lon="-78.42228">
        <ele>120.5</ele>
      </trkpt>
      <trkpt lat="35.88548" lon="-78.4226">
        <ele>120.5</ele>
      </trkpt>
      <trkpt lat="35.88604" lon="-78.42314">
        <ele>120.4</ele>
      </trkpt>
      <trkpt lat="35.88643" lon="-78.42353">
        <ele>120.4</ele>
      </trkpt>
      <trkpt lat="35.88661" lon="-78.4237">
        <ele>120.3</ele>
      </trkpt>
      <trkpt lat="35.88664" lon="-78.42373">
        <ele>120.2</ele>
      </trkpt>
      <trkpt lat="35.88668" lon="-78.42376">
        <ele>120.2</ele>
      </trkpt>
      <trkpt lat="35.88673" lon="-78.42381">
        <ele>120.1</ele>
      </trkpt>
      <trkpt lat="35.88687" lon="-78.42395">
        <ele>119.9</ele>
      </trkpt>
      <trkpt lat="35.88738" lon="-78.42443">
        <ele>118.7</ele>
      </trkpt>
      <trkpt lat="35.88742" lon="-78.42446">
        <ele>118.6</ele>
      </trkpt>
      <trkpt lat="35.88759" lon="-78.42462">
        <ele>118.1</ele>
      </trkpt>
      <trkpt lat="35.88773" lon="-78.42475">
        <ele>117.9</ele>
      </trkpt>
      <trkpt lat="35.88782" lon="-78.42483">
        <ele>117.7</ele>
      </trkpt>
      <trkpt lat="35.88788" lon="-78.42488">
        <ele>117.4</ele>
      </trkpt>
      <trkpt lat="35.88799" lon="-78.42499">
        <ele>117.9</ele>
      </trkpt>
      <trkpt lat="35.88828" lon="-78.42525">
        <ele>118.7</ele>
      </trkpt>
      <trkpt lat="35.88846" lon="-78.42541">
        <ele>119.1</ele>
      </trkpt>
      <trkpt lat="35.88875" lon="-78.42567">
        <ele>119.7</ele>
      </trkpt>
      <trkpt lat="35.8889" lon="-78.42579">
        <ele>119.7</ele>
      </trkpt>
      <trkpt lat="35.88908" lon="-78.42595">
        <ele>119.4</ele>
      </trkpt>
      <trkpt lat="35.88946" lon="-78.42629">
        <ele>118.9</ele>
      </trkpt>
      <trkpt lat="35.88953" lon="-78.42634">
        <ele>119.0</ele>
      </trkpt>
      <trkpt lat="35.88967" lon="-78.42647">
        <ele>118.9</ele>
      </trkpt>
      <trkpt lat="35.88997" lon="-78.42674">
        <ele>118.5</ele>
      </trkpt>
      <trkpt lat="35.89037" lon="-78.42707">
        <ele>118.3</ele>
      </trkpt>
      <trkpt lat="35.89041" lon="-78.42711">
        <ele>118.2</ele>
      </trkpt>
      <trkpt lat="35.89049" lon="-78.42718">
        <ele>118.3</ele>
      </trkpt>
      <trkpt lat="35.89056" lon="-78.42724">
        <ele>118.4</ele>
      </trkpt>
      <trkpt lat="35.89078" lon="-78.42743">
        <ele>118.7</ele>
      </trkpt>
      <trkpt lat="35.89085" lon="-78.42749">
        <ele>118.8</ele>
      </trkpt>
      <trkpt lat="35.89096" lon="-78.42758">
        <ele>118.7</ele>
      </trkpt>
      <trkpt lat="35.891" lon="-78.42762">
        <ele>118.7</ele>
      </trkpt>
      <trkpt lat="35.89101" lon="-78.42763">
        <ele>118.7</ele>
      </trkpt>
      <trkpt lat="35.89108" lon="-78.42769">
        <ele>118.7</ele>
      </trkpt>
      <trkpt lat="35.8911" lon="-78.42771">
        <ele>118.7</ele>
      </trkpt>
      <trkpt lat="35.89122" lon="-78.42782">
        <ele>118.9</ele>
      </trkpt>
      <trkpt lat="35.89129" lon="-78.42788">
        <ele>119.0</ele>
      </trkpt>
      <trkpt lat="35.89143" lon="-78.42801">
        <ele>119.3</ele>
      </trkpt>
      <trkpt lat="35.89154" lon="-78.4281">
        <ele>119.6</ele>
      </trkpt>
      <trkpt lat="35.89158" lon="-78.42814">
        <ele>119.7</ele>
      </trkpt>
      <trkpt lat="35.89166" lon="-78.42821">
        <ele>119.9</ele>
      </trkpt>
      <trkpt lat="35.89169" lon="-78.42823">
        <ele>120.0</ele>
      </trkpt>
      <trkpt lat="35.89177" lon="-78.42831">
        <ele>120.2</ele>
      </trkpt>
      <trkpt lat="35.89181" lon="-78.42834">
        <ele>120.4</ele>
      </trkpt>
      <trkpt lat="35.89185" lon="-78.42837">
        <ele>120.6</ele>
      </trkpt>
      <trkpt lat="35.89214" lon="-78.42863">
        <ele>122.4</ele>
      </trkpt>
      <trkpt lat="35.89224" lon="-78.42872">
        <ele>122.9</ele>
      </trkpt>
      <trkpt lat="35.89225" lon="-78.42872">
        <ele>123.0</ele>
      </trkpt>
      <trkpt lat="35.89228" lon="-78.42875">
        <ele>123.0</ele>
      </trkpt>
      <trkpt lat="35.89244" lon="-78.4289">
        <ele>123.1</ele>
      </trkpt>
      <trkpt lat="35.89253" lon="-78.42899">
        <ele>123.2</ele>
      </trkpt>
      <trkpt lat="35.89267" lon="-78.42914">
        <ele>123.3</ele>
      </trkpt>
      <trkpt lat="35.89279" lon="-78.4293">
        <ele>123.1</ele>
      </trkpt>
      <trkpt lat="35.89288" lon="-78.42942">
        <ele>123.2</ele>
      </trkpt>
      <trkpt lat="35.89289" lon="-78.42944">
        <ele>123.2</ele>
      </trkpt>
      <trkpt lat="35.89298" lon="-78.42957">
        <ele>123.2</ele>
      </trkpt>
      <trkpt lat="35.893" lon="-78.42961">
        <ele>123.2</ele>
      </trkpt>
      <trkpt lat="35.89305" lon="-78.42969">
        <ele>123.4</ele>
      </trkpt>
      <trkpt lat="35.89309" lon="-78.42976">
        <ele>123.4</ele>
      </trkpt>
      <trkpt lat="35.89322" lon="-78.43">
        <ele>123.5</ele>
      </trkpt>
      <trkpt lat="35.89329" lon="-78.43012">
        <ele>123.4</ele>
      </trkpt>
      <trkpt lat="35.89336" lon="-78.43024">
        <ele>123.1</ele>
      </trkpt>
      <trkpt lat="35.89351" lon="-78.4305">
        <ele>122.2</ele>
      </trkpt>
      <trkpt lat="35.89373" lon="-78.43087">
        <ele>121.4</ele>
      </trkpt>
      <trkpt lat="35.89374" lon="-78.4309">
        <ele>121.4</ele>
      </trkpt>
      <trkpt lat="35.89394" lon="-78.43129">
        <ele>120.5</ele>
      </trkpt>
      <trkpt lat="35.89398" lon="-78.4314">
        <ele>120.2</ele>
      </trkpt>
      <trkpt lat="35.89404" lon="-78.43152">
        <ele>119.8</ele>
      </trkpt>
      <trkpt lat="35.89442" lon="-78.43243">
        <ele>117.3</ele>
      </trkpt>
      <trkpt lat="35.89443" lon="-78.43246">
        <ele>117.3</ele>
      </trkpt>
      <trkpt lat="35.89451" lon="-78.43263">
        <ele>116.9</ele>
      </trkpt>
      <trkpt lat="35.89476" lon="-78.43322">
        <ele>117.3</ele>
      </trkpt>
      <trkpt lat="35.89484" lon="-78.43342">
        <ele>117.7</ele>
      </trkpt>
      <trkpt lat="35.89494" lon="-78.43367">
        <ele>118.5</ele>
      </trkpt>
      <trkpt lat="35.89509" lon="-78.43406">
        <ele>118.5</ele>
      </trkpt>
      <trkpt lat="35.8951" lon="-78.43407">
        <ele>118.5</ele>
      </trkpt>
      <trkpt lat="35.89526" lon="-78.43458">
        <ele>119.4</ele>
      </trkpt>
      <trkpt lat="35.89527" lon="-78.43461">
        <ele>119.5</ele>
      </trkpt>
      <trkpt lat="35.89535" lon="-78.43501">
        <ele>119.9</ele>
      </trkpt>
      <trkpt lat="35.89537" lon="-78.43518">
        <ele>119.5</ele>
      </trkpt>
      <trkpt lat="35.8954" lon="-78.43538">
        <ele>118.9</ele>
      </trkpt>
      <trkpt lat="35.89543" lon="-78.43562">
        <ele>118.5</ele>
      </trkpt>
      <trkpt lat="35.89544" lon="-78.43567">
        <ele>118.4</ele>
      </trkpt>
      <trkpt lat="35.89548" lon="-78.43589">
        <ele>118.1</ele>
      </trkpt>
      <trkpt lat="35.8955" lon="-78.43604">
        <ele>118.0</ele>
      </trkpt>
      <trkpt lat="35.8955" lon="-78.43605">
        <ele>118.0</ele>
      </trkpt>
      <trkpt lat="35.8955" lon="-78.43606">
        <ele>118.0</ele>
      </trkpt>
      <trkpt lat="35.89551" lon="-78.4361">
        <ele>118.0</ele>
      </trkpt>
      <trkpt lat="35.89558" lon="-78.4364">
        <ele>117.9</ele>
      </trkpt>
      <trkpt lat="35.89562" lon="-78.43653">
        <ele>117.9</ele>
      </trkpt>
      <trkpt lat="35.89566" lon="-78.43669">
        <ele>117.6</ele>
      </trkpt>
      <trkpt lat="35.89567" lon="-78.43673">
        <ele>117.5</ele>
      </trkpt>
      <trkpt lat="35.89578" lon="-78.43711">
        <ele>115.4</ele>
      </trkpt>
      <trkpt lat="35.89589" lon="-78.43744">
        <ele>114.4</ele>
      </trkpt>
      <trkpt lat="35.89591" lon="-78.43753">
        <ele>114.2</ele>
      </trkpt>
      <trkpt lat="35.89619" lon="-78.43845">
        <ele>112.4</ele>
      </trkpt>
      <trkpt lat="35.89624" lon="-78.43857">
        <ele>112.1</ele>
      </trkpt>
      <trkpt lat="35.89625" lon="-78.43858">
        <ele>112.1</ele>
      </trkpt>
      <trkpt lat="35.89627" lon="-78.43863">
        <ele>112.0</ele>
      </trkpt>
      <trkpt lat="35.89631" lon="-78.43874">
        <ele>112.0</ele>
      </trkpt>
      <trkpt lat="35.89632" lon="-78.43876">
        <ele>112.0</ele>
      </trkpt>
      <trkpt lat="35.89641" lon="-78.43896">
        <ele>111.8</ele>
      </trkpt>
      <trkpt lat="35.89646" lon="-78.43906">
        <ele>111.5</ele>
      </trkpt>
      <trkpt lat="35.89653" lon="-78.43921">
        <ele>111.4</ele>
      </trkpt>
      <trkpt lat="35.89656" lon="-78.43927">
        <ele>111.3</ele>
      </trkpt>
      <trkpt lat="35.89659" lon="-78.43934">
        <ele>111.2</ele>
      </trkpt>
      <trkpt lat="35.89678" lon="-78.43971">
        <ele>111.4</ele>
      </trkpt>
      <trkpt lat="35.89679" lon="-78.43972">
        <ele>111.4</ele>
      </trkpt>
      <trkpt lat="35.89684" lon="-78.43988">
        <ele>112.0</ele>
      </trkpt>
      <trkpt lat="35.89689" lon="-78.44003">
        <ele>111.7</ele>
      </trkpt>
      <trkpt lat="35.89697" lon="-78.4403">
        <ele>110.9</ele>
      </trkpt>
      <trkpt lat="35.89704" lon="-78.44061">
        <ele>110.6</ele>
      </trkpt>
      <trkpt lat="35.89715" lon="-78.44105">
        <ele>112.6</ele>
      </trkpt>
      <trkpt lat="35.89719" lon="-78.44119">
        <ele>113.1</ele>
      </trkpt>
      <trkpt lat="35.89721" lon="-78.44127">
        <ele>113.4</ele>
      </trkpt>
      <trkpt lat="35.89728" lon="-78.44152">
        <ele>113.9</ele>
      </trkpt>
      <trkpt lat="35.89729" lon="-78.44153">
        <ele>114.0</ele>
      </trkpt>
      <trkpt lat="35.89734" lon="-78.4417">
        <ele>114.1</ele>
      </trkpt>
      <trkpt lat="35.89748" lon="-78.44218">
        <ele>113.6</ele>
      </trkpt>
      <trkpt lat="35.89751" lon="-78.44227">
        <ele>114.0</ele>
      </trkpt>
      <trkpt lat="35.89764" lon="-78.44268">
        <ele>115.5</ele>
      </trkpt>
      <trkpt lat="35.89766" lon="-78.44275">
        <ele>115.5</ele>
      </trkpt>
      <trkpt lat="35.8977" lon="-78.44289">
        <ele>115.7</ele>
      </trkpt>
      <trkpt lat="35.89784" lon="-78.44334">
        <ele>115.2</ele>
      </trkpt>
      <trkpt lat="35.89797" lon="-78.44375">
        <ele>115.0</ele>
      </trkpt>
      <trkpt lat="35.89807" lon="-78.44409">
        <ele>115.0</ele>
      </trkpt>
      <trkpt lat="35.89815" lon="-78.44435">
        <ele>115.4</ele>
      </trkpt>
      <trkpt lat="35.89817" lon="-78.44441">
        <ele>115.4</ele>
      </trkpt>
      <trkpt lat="35.89819" lon="-78.44447">
        <ele>115.3</ele>
      </trkpt>
      <trkpt lat="35.89822" lon="-78.44455">
        <ele>115.2</ele>
      </trkpt>
      <trkpt lat="35.89829" lon="-78.44475">
        <ele>115.4</ele>
      </trkpt>
      <trkpt lat="35.89831" lon="-78.4448">
        <ele>115.5</ele>
      </trkpt>
      <trkpt lat="35.89837" lon="-78.44495">
        <ele>115.8</ele>
      </trkpt>
      <trkpt lat="35.89847" lon="-78.44522">
        <ele>116.9</ele>
      </trkpt>
      <trkpt lat="35.89847" lon="-78.44522">
        <ele>116.9</ele>
      </trkpt>
      <trkpt lat="35.89898" lon="-78.44531">
        <ele>116.7</ele>
      </trkpt>
      <trkpt lat="35.89898" lon="-78.44531">
        <ele>116.7</ele>
      </trkpt>
      <trkpt lat="35.89933" lon="-78.44537">
        <ele>117.5</ele>
      </trkpt>
      <trkpt lat="35.89945" lon="-78.44539">
        <ele>117.5</ele>
      </trkpt>
      <trkpt lat="35.89966" lon="-78.44542">
        <ele>117.7</ele>
      </trkpt>
      <trkpt lat="35.90016" lon="-78.4455">
        <ele>118.1</ele>
      </trkpt>
      <trkpt lat="35.9006" lon="-78.44556">
        <ele>118.7</ele>
      </trkpt>
      <trkpt lat="35.9007" lon="-78.44557">
        <ele>118.9</ele>
      </trkpt>
      <trkpt lat="35.90094" lon="-78.4456">
        <ele>119.4</ele>
      </trkpt>
      <trkpt lat="35.90105" lon="-78.4456">
        <ele>119.8</ele>
      </trkpt>
      <trkpt lat="35.90108" lon="-78.4456">
        <ele>119.9</ele>
      </trkpt>
      <trkpt lat="35.90161" lon="-78.44566">
        <ele>121.0</ele>
      </trkpt>
      <trkpt lat="35.90225" lon="-78.44573">
        <ele>121.7</ele>
      </trkpt>
      <trkpt lat="35.90243" lon="-78.44576">
        <ele>121.6</ele>
      </trkpt>
      <trkpt lat="35.90243" lon="-78.44576">
        <ele>121.6</ele>
      </trkpt>
      <trkpt lat="35.90308" lon="-78.44585">
        <ele>121.3</ele>
      </trkpt>
      <trkpt lat="35.90351" lon="-78.44592">
        <ele>120.7</ele>
      </trkpt>
      <trkpt lat="35.90359" lon="-78.44593">
        <ele>120.5</ele>
      </trkpt>
      <trkpt lat="35.90394" lon="-78.44599">
        <ele>119.8</ele>
      </trkpt>
      <trkpt lat="35.90397" lon="-78.44599">
        <ele>119.7</ele>
      </trkpt>
      <trkpt lat="35.90419" lon="-78.44602">
        <ele>119.6</ele>
      </trkpt>
      <trkpt lat="35.90429" lon="-78.44603">
        <ele>119.4</ele>
      </trkpt>
      <trkpt lat="35.90472" lon="-78.44608">
        <ele>118.9</ele>
      </trkpt>
      <trkpt lat="35.90508" lon="-78.44612">
        <ele>119.0</ele>
      </trkpt>
      <trkpt lat="35.90531" lon="-78.44615">
        <ele>118.6</ele>
      </trkpt>
      <trkpt lat="35.90533" lon="-78.44615">
        <ele>118.6</ele>
      </trkpt>
      <trkpt lat="35.90549" lon="-78.44617">
        <ele>118.2</ele>
      </trkpt>
      <trkpt lat="35.90567" lon="-78.44619">
        <ele>117.2</ele>
      </trkpt>
      <trkpt lat="35.90581" lon="-78.4462">
        <ele>116.4</ele>
      </trkpt>
      <trkpt lat="35.90584" lon="-78.44621">
        <ele>116.2</ele>
      </trkpt>
      <trkpt lat="35.90602" lon="-78.44623">
        <ele>115.2</ele>
      </trkpt>
      <trkpt lat="35.90617" lon="-78.44625">
        <ele>114.6</ele>
      </trkpt>
      <trkpt lat="35.90638" lon="-78.44627">
        <ele>114.6</ele>
      </trkpt>
      <trkpt lat="35.90653" lon="-78.44629">
        <ele>115.0</ele>
      </trkpt>
      <trkpt lat="35.90656" lon="-78.4463">
        <ele>115.0</ele>
      </trkpt>
      <trkpt lat="35.90671" lon="-78.44631">
        <ele>115.5</ele>
      </trkpt>
      <trkpt lat="35.90692" lon="-78.44634">
        <ele>116.0</ele>
      </trkpt>
      <trkpt lat="35.90707" lon="-78.44636">
        <ele>116.6</ele>
      </trkpt>
      <trkpt lat="35.90746" lon="-78.44641">
        <ele>118.6</ele>
      </trkpt>
      <trkpt lat="35.90829" lon="-78.44655">
        <ele>121.1</ele>
      </trkpt>
      <trkpt lat="35.90887" lon="-78.44664">
        <ele>122.2</ele>
      </trkpt>
      <trkpt lat="35.909" lon="-78.44667">
        <ele>122.0</ele>
      </trkpt>
      <trkpt lat="35.9091" lon="-78.44669">
        <ele>121.7</ele>
      </trkpt>
      <trkpt lat="35.90924" lon="-78.44673">
        <ele>121.7</ele>
      </trkpt>
      <trkpt lat="35.9094" lon="-78.44679">
        <ele>122.3</ele>
      </trkpt>
      <trkpt lat="35.90942" lon="-78.4468">
        <ele>122.5</ele>
      </trkpt>
      <trkpt lat="35.90961" lon="-78.44688">
        <ele>123.7</ele>
      </trkpt>
      <trkpt lat="35.90975" lon="-78.44697">
        <ele>124.5</ele>
      </trkpt>
      <trkpt lat="35.90991" lon="-78.44708">
        <ele>125.3</ele>
      </trkpt>
      <trkpt lat="35.91008" lon="-78.44721">
        <ele>126.0</ele>
      </trkpt>
      <trkpt lat="35.91008" lon="-78.44721">
        <ele>126.0</ele>
      </trkpt>
      <trkpt lat="35.91013" lon="-78.44714">
        <ele>126.2</ele>
      </trkpt>
      <trkpt lat="35.91021" lon="-78.44667">
        <ele>125.7</ele>
      </trkpt>
      <trkpt lat="35.91021" lon="-78.44664">
        <ele>125.6</ele>
      </trkpt>
      <trkpt lat="35.91025" lon="-78.44627">
        <ele>125.5</ele>
      </trkpt>
      <trkpt lat="35.91025" lon="-78.44616">
        <ele>125.6</ele>
      </trkpt>
      <trkpt lat="35.91026" lon="-78.44605">
        <ele>125.5</ele>
      </trkpt>
      <trkpt lat="35.91027" lon="-78.4459">
        <ele>125.2</ele>
      </trkpt>
      <trkpt lat="35.91033" lon="-78.44503">
        <ele>124.9</ele>
      </trkpt>
      <trkpt lat="35.91041" lon="-78.44418">
        <ele>124.1</ele>
      </trkpt>
      <trkpt lat="35.91043" lon="-78.44397">
        <ele>124.2</ele>
      </trkpt>
      <trkpt lat="35.91045" lon="-78.44375">
        <ele>124.3</ele>
      </trkpt>
      <trkpt lat="35.91046" lon="-78.44366">
        <ele>124.3</ele>
      </trkpt>
      <trkpt lat="35.91046" lon="-78.44363">
        <ele>124.2</ele>
      </trkpt>
      <trkpt lat="35.91046" lon="-78.44363">
        <ele>124.2</ele>
      </trkpt>
      <trkpt lat="35.91046" lon="-78.44326">
        <ele>125.2</ele>
      </trkpt>
      <trkpt lat="35.91043" lon="-78.44296">
        <ele>125.8</ele>
      </trkpt>
      <trkpt lat="35.91036" lon="-78.44257">
        <ele>126.2</ele>
      </trkpt>
      <trkpt lat="35.9103" lon="-78.44221">
        <ele>126.5</ele>
      </trkpt>
      <trkpt lat="35.91012" lon="-78.44121">
        <ele>126.1</ele>
      </trkpt>
      <trkpt lat="35.9101" lon="-78.4411">
        <ele>125.9</ele>
      </trkpt>
      <trkpt lat="35.91008" lon="-78.44094">
        <ele>126.1</ele>
      </trkpt>
      <trkpt lat="35.91006" lon="-78.4407">
        <ele>126.0</ele>
      </trkpt>
      <trkpt lat="35.91003" lon="-78.44026">
        <ele>125.5</ele>
      </trkpt>
      <trkpt lat="35.90997" lon="-78.4395">
        <ele>124.7</ele>
      </trkpt>
      <trkpt lat="35.90995" lon="-78.43916">
        <ele>124.3</ele>
      </trkpt>
      <trkpt lat="35.90993" lon="-78.43882">
        <ele>124.0</ele>
      </trkpt>
      <trkpt lat="35.90993" lon="-78.43877">
        <ele>124.0</ele>
      </trkpt>
      <trkpt lat="35.90992" lon="-78.43862">
        <ele>124.2</ele>
      </trkpt>
      <trkpt lat="35.90992" lon="-78.43851">
        <ele>124.3</ele>
      </trkpt>
      <trkpt lat="35.90992" lon="-78.4384">
        <ele>124.3</ele>
      </trkpt>
      <trkpt lat="35.90992" lon="-78.43831">
        <ele>124.3</ele>
      </trkpt>
      <trkpt lat="35.90993" lon="-78.43796">
        <ele>124.7</ele>
      </trkpt>
      <trkpt lat="35.90994" lon="-78.43788">
        <ele>124.8</ele>
      </trkpt>
      <trkpt lat="35.90994" lon="-78.43764">
        <ele>125.1</ele>
      </trkpt>
      <trkpt lat="35.90998" lon="-78.43685">
        <ele>126.4</ele>
      </trkpt>
      <trkpt lat="35.90998" lon="-78.43677">
        <ele>126.4</ele>
      </trkpt>
      <trkpt lat="35.90998" lon="-78.43676">
        <ele>126.4</ele>
      </trkpt>
      <trkpt lat="35.90998" lon="-78.43672">
        <ele>126.3</ele>
      </trkpt>
      <trkpt lat="35.90999" lon="-78.43663">
        <ele>126.3</ele>
      </trkpt>
      <trkpt lat="35.90999" lon="-78.43654">
        <ele>126.2</ele>
      </trkpt>
      <trkpt lat="35.91" lon="-78.43626">
        <ele>125.9</ele>
      </trkpt>
      <trkpt lat="35.91002" lon="-78.43575">
        <ele>125.3</ele>
      </trkpt>
      <trkpt lat="35.91003" lon="-78.43566">
        <ele>125.1</ele>
      </trkpt>
      <trkpt lat="35.91003" lon="-78.43552">
        <ele>125.3</ele>
      </trkpt>
      <trkpt lat="35.91004" lon="-78.43547">
        <ele>125.4</ele>
      </trkpt>
      <trkpt lat="35.91004" lon="-78.43544">
        <ele>125.4</ele>
      </trkpt>
      <trkpt lat="35.91004" lon="-78.43539">
        <ele>125.4</ele>
      </trkpt>
      <trkpt lat="35.91006" lon="-78.43506">
        <ele>125.6</ele>
      </trkpt>
      <trkpt lat="35.91007" lon="-78.43471">
        <ele>125.8</ele>
      </trkpt>
      <trkpt lat="35.91007" lon="-78.43459">
        <ele>125.8</ele>
      </trkpt>
      <trkpt lat="35.91007" lon="-78.43438">
        <ele>125.9</ele>
      </trkpt>
      <trkpt lat="35.91005" lon="-78.43377">
        <ele>125.1</ele>
      </trkpt>
      <trkpt lat="35.91004" lon="-78.43354">
        <ele>124.7</ele>
      </trkpt>
      <trkpt lat="35.91001" lon="-78.43292">
        <ele>124.1</ele>
      </trkpt>
      <trkpt lat="35.91" lon="-78.43278">
        <ele>123.9</ele>
      </trkpt>
      <trkpt lat="35.90999" lon="-78.43259">
        <ele>123.6</ele>
      </trkpt>
      <trkpt lat="35.90997" lon="-78.43211">
        <ele>123.6</ele>
      </trkpt>
      <trkpt lat="35.90994" lon="-78.43145">
        <ele>124.1</ele>
      </trkpt>
      <trkpt lat="35.90994" lon="-78.43142">
        <ele>124.1</ele>
      </trkpt>
      <trkpt lat="35.90993" lon="-78.43131">
        <ele>124.0</ele>
      </trkpt>
      <trkpt lat="35.90992" lon="-78.4312">
        <ele>124.0</ele>
      </trkpt>
      <trkpt lat="35.90992" lon="-78.43117">
        <ele>124.0</ele>
      </trkpt>
      <trkpt lat="35.90991" lon="-78.43101">
        <ele>123.9</ele>
      </trkpt>
      <trkpt lat="35.90991" lon="-78.43098">
        <ele>123.9</ele>
      </trkpt>
      <trkpt lat="35.9099" lon="-78.43087">
        <ele>123.8</ele>
      </trkpt>
      <trkpt lat="35.9099" lon="-78.43085">
        <ele>123.8</ele>
      </trkpt>
      <trkpt lat="35.90987" lon="-78.43044">
        <ele>123.2</ele>
      </trkpt>
      <trkpt lat="35.90986" lon="-78.43036">
        <ele>123.1</ele>
      </trkpt>
      <trkpt lat="35.90986" lon="-78.43032">
        <ele>123.1</ele>
      </trkpt>
      <trkpt lat="35.90986" lon="-78.43021">
        <ele>123.1</ele>
      </trkpt>
      <trkpt lat="35.90986" lon="-78.43014">
        <ele>123.0</ele>
      </trkpt>
      <trkpt lat="35.90987" lon="-78.43009">
        <ele>123.0</ele>
      </trkpt>
      <trkpt lat="35.90987" lon="-78.43">
        <ele>123.0</ele>
      </trkpt>
      <trkpt lat="35.90989" lon="-78.42989">
        <ele>123.0</ele>
      </trkpt>
      <trkpt lat="35.90991" lon="-78.4298">
        <ele>122.9</ele>
      </trkpt>
      <trkpt lat="35.90997" lon="-78.42949">
        <ele>123.0</ele>
      </trkpt>
      <trkpt lat="35.91001" lon="-78.42927">
        <ele>123.1</ele>
      </trkpt>
      <trkpt lat="35.91004" lon="-78.42905">
        <ele>122.9</ele>
      </trkpt>
      <trkpt lat="35.91005" lon="-78.42904">
        <ele>122.7</ele>
      </trkpt>
      <trkpt lat="35.91006" lon="-78.42878">
        <ele>122.0</ele>
      </trkpt>
      <trkpt lat="35.91013" lon="-78.42779">
        <ele>120.5</ele>
      </trkpt>
      <trkpt lat="35.91014" lon="-78.42768">
        <ele>120.3</ele>
      </trkpt>
      <trkpt lat="35.91014" lon="-78.42757">
        <ele>120.1</ele>
      </trkpt>
      <trkpt lat="35.91016" lon="-78.42729">
        <ele>119.0</ele>
      </trkpt>
      <trkpt lat="35.91017" lon="-78.42725">
        <ele>118.7</ele>
      </trkpt>
      <trkpt lat="35.91018" lon="-78.42713">
        <ele>118.0</ele>
      </trkpt>
      <trkpt lat="35.91018" lon="-78.42706">
        <ele>117.7</ele>
      </trkpt>
      <trkpt lat="35.91019" lon="-78.42688">
        <ele>116.4</ele>
      </trkpt>
      <trkpt lat="35.9102" lon="-78.4268">
        <ele>115.8</ele>
      </trkpt>
      <trkpt lat="35.91021" lon="-78.42669">
        <ele>115.1</ele>
      </trkpt>
      <trkpt lat="35.91021" lon="-78.42662">
        <ele>114.6</ele>
      </trkpt>
      <trkpt lat="35.91023" lon="-78.4264">
        <ele>113.6</ele>
      </trkpt>
      <trkpt lat="35.91026" lon="-78.42618">
        <ele>112.8</ele>
      </trkpt>
      <trkpt lat="35.91027" lon="-78.42611">
        <ele>112.8</ele>
      </trkpt>
      <trkpt lat="35.91031" lon="-78.42571">
        <ele>109.5</ele>
      </trkpt>
      <trkpt lat="35.91028" lon="-78.42549">
        <ele>110.4</ele>
      </trkpt>
      <trkpt lat="35.91026" lon="-78.42537">
        <ele>111.8</ele>
      </trkpt>
      <trkpt lat="35.91026" lon="-78.42534">
        <ele>111.8</ele>
      </trkpt>
      <trkpt lat="35.91025" lon="-78.42528">
        <ele>111.9</ele>
      </trkpt>
      <trkpt lat="35.91023" lon="-78.42513">
        <ele>112.1</ele>
      </trkpt>
      <trkpt lat="35.91015" lon="-78.42447">
        <ele>114.1</ele>
      </trkpt>
      <trkpt lat="35.91009" lon="-78.42405">
        <ele>114.1</ele>
      </trkpt>
      <trkpt lat="35.91006" lon="-78.42365">
        <ele>114.2</ele>
      </trkpt>
      <trkpt lat="35.91006" lon="-78.42361">
        <ele>114.3</ele>
      </trkpt>
      <trkpt lat="35.91006" lon="-78.42352">
        <ele>114.6</ele>
      </trkpt>
      <trkpt lat="35.91007" lon="-78.42339">
        <ele>115.2</ele>
      </trkpt>
      <trkpt lat="35.91007" lon="-78.42321">
        <ele>116.0</ele>
      </trkpt>
      <trkpt lat="35.91016" lon="-78.42273">
        <ele>118.2</ele>
      </trkpt>
      <trkpt lat="35.91017" lon="-78.42266">
        <ele>118.5</ele>
      </trkpt>
      <trkpt lat="35.91017" lon="-78.42264">
        <ele>118.6</ele>
      </trkpt>
      <trkpt lat="35.91021" lon="-78.42243">
        <ele>119.1</ele>
      </trkpt>
      <trkpt lat="35.91022" lon="-78.42239">
        <ele>119.0</ele>
      </trkpt>
      <trkpt lat="35.91024" lon="-78.42227">
        <ele>118.8</ele>
      </trkpt>
      <trkpt lat="35.91025" lon="-78.42221">
        <ele>118.5</ele>
      </trkpt>
      <trkpt lat="35.91026" lon="-78.42217">
        <ele>118.3</ele>
      </trkpt>
      <trkpt lat="35.91032" lon="-78.42196">
        <ele>116.7</ele>
      </trkpt>
      <trkpt lat="35.91042" lon="-78.42158">
        <ele>114.8</ele>
      </trkpt>
      <trkpt lat="35.91043" lon="-78.42154">
        <ele>114.7</ele>
      </trkpt>
      <trkpt lat="35.91054" lon="-78.42116">
        <ele>113.7</ele>
      </trkpt>
      <trkpt lat="35.91071" lon="-78.42052">
        <ele>112.4</ele>
      </trkpt>
      <trkpt lat="35.91077" lon="-78.42017">
        <ele>111.6</ele>
      </trkpt>
      <trkpt lat="35.91079" lon="-78.42004">
        <ele>111.3</ele>
      </trkpt>
      <trkpt lat="35.91083" lon="-78.4198">
        <ele>110.3</ele>
      </trkpt>
      <trkpt lat="35.91083" lon="-78.41978">
        <ele>110.2</ele>
      </trkpt>
      <trkpt lat="35.91084" lon="-78.41961">
        <ele>109.4</ele>
      </trkpt>
      <trkpt lat="35.91085" lon="-78.41939">
        <ele>108.8</ele>
      </trkpt>
      <trkpt lat="35.91085" lon="-78.4192">
        <ele>108.4</ele>
      </trkpt>
      <trkpt lat="35.91086" lon="-78.41912">
        <ele>108.2</ele>
      </trkpt>
      <trkpt lat="35.91086" lon="-78.41897">
        <ele>108.0</ele>
      </trkpt>
      <trkpt lat="35.91087" lon="-78.41871">
        <ele>107.8</ele>
      </trkpt>
      <trkpt lat="35.91087" lon="-78.41867">
        <ele>107.8</ele>
      </trkpt>
      <trkpt lat="35.91088" lon="-78.41853">
        <ele>107.8</ele>
      </trkpt>
      <trkpt lat="35.91088" lon="-78.41832">
        <ele>108.0</ele>
      </trkpt>
      <trkpt lat="35.91089" lon="-78.41809">
        <ele>107.6</ele>
      </trkpt>
      <trkpt lat="35.91089" lon="-78.41787">
        <ele>106.3</ele>
      </trkpt>
      <trkpt lat="35.91089" lon="-78.41782">
        <ele>106.1</ele>
      </trkpt>
      <trkpt lat="35.9109" lon="-78.41742">
        <ele>105.0</ele>
      </trkpt>
      <trkpt lat="35.9109" lon="-78.4172">
        <ele>104.9</ele>
      </trkpt>
      <trkpt lat="35.9109" lon="-78.41715">
        <ele>105.0</ele>
      </trkpt>
      <trkpt lat="35.9109" lon="-78.4171">
        <ele>105.0</ele>
      </trkpt>
      <trkpt lat="35.91092" lon="-78.41645">
        <ele>102.7</ele>
      </trkpt>
      <trkpt lat="35.91093" lon="-78.41601">
        <ele>103.3</ele>
      </trkpt>
      <trkpt lat="35.91093" lon="-78.41579">
        <ele>104.2</ele>
      </trkpt>
      <trkpt lat="35.91094" lon="-78.41557">
        <ele>104.8</ele>
      </trkpt>
      <trkpt lat="35.91095" lon="-78.41482">
        <ele>108.9</ele>
      </trkpt>
      <trkpt lat="35.91095" lon="-78.41476">
        <ele>109.2</ele>
      </trkpt>
      <trkpt lat="35.91096" lon="-78.41438">
        <ele>110.9</ele>
      </trkpt>
      <trkpt lat="35.91096" lon="-78.41423">
        <ele>111.7</ele>
      </trkpt>
      <trkpt lat="35.91097" lon="-78.41401">
        <ele>112.8</ele>
      </trkpt>
      <trkpt lat="35.91097" lon="-78.41393">
        <ele>113.2</ele>
      </trkpt>
      <trkpt lat="35.91097" lon="-78.4139">
        <ele>113.4</ele>
      </trkpt>
      <trkpt lat="35.91097" lon="-78.41384">
        <ele>113.6</ele>
      </trkpt>
      <trkpt lat="35.91097" lon="-78.41379">
        <ele>113.8</ele>
      </trkpt>
      <trkpt lat="35.91098" lon="-78.41362">
        <ele>113.9</ele>
      </trkpt>
      <trkpt lat="35.91098" lon="-78.41357">
        <ele>113.7</ele>
      </trkpt>
      <trkpt lat="35.91098" lon="-78.41349">
        <ele>113.4</ele>
      </trkpt>
      <trkpt lat="35.91098" lon="-78.4134">
        <ele>113.0</ele>
      </trkpt>
      <trkpt lat="35.91099" lon="-78.41304">
        <ele>112.6</ele>
      </trkpt>
      <trkpt lat="35.91099" lon="-78.41285">
        <ele>112.7</ele>
      </trkpt>
      <trkpt lat="35.91099" lon="-78.41263">
        <ele>112.6</ele>
      </trkpt>
      <trkpt lat="35.911" lon="-78.41196">
        <ele>112.7</ele>
      </trkpt>
      <trkpt lat="35.911" lon="-78.41189">
        <ele>112.7</ele>
      </trkpt>
      <trkpt lat="35.91101" lon="-78.41167">
        <ele>112.4</ele>
      </trkpt>
      <trkpt lat="35.91101" lon="-78.41152">
        <ele>112.2</ele>
      </trkpt>
      <trkpt lat="35.91101" lon="-78.41144">
        <ele>112.0</ele>
      </trkpt>
      <trkpt lat="35.91101" lon="-78.41123">
        <ele>111.1</ele>
      </trkpt>
      <trkpt lat="35.91101" lon="-78.41122">
        <ele>111.1</ele>
      </trkpt>
      <trkpt lat="35.9109" lon="-78.41057">
        <ele>108.1</ele>
      </trkpt>
      <trkpt lat="35.91086" lon="-78.41036">
        <ele>107.2</ele>
      </trkpt>
      <trkpt lat="35.91082" lon="-78.41014">
        <ele>106.4</ele>
      </trkpt>
      <trkpt lat="35.91079" lon="-78.40992">
        <ele>106.4</ele>
      </trkpt>
      <trkpt lat="35.91065" lon="-78.40914">
        <ele>107.7</ele>
      </trkpt>
      <trkpt lat="35.91062" lon="-78.40906">
        <ele>107.7</ele>
      </trkpt>
      <trkpt lat="35.91016" lon="-78.40785">
        <ele>106.1</ele>
      </trkpt>
      <trkpt lat="35.90993" lon="-78.40732">
        <ele>105.3</ele>
      </trkpt>
      <trkpt lat="35.90991" lon="-78.40727">
        <ele>105.3</ele>
      </trkpt>
      <trkpt lat="35.90985" lon="-78.40712">
        <ele>105.2</ele>
      </trkpt>
      <trkpt lat="35.90974" lon="-78.40687">
        <ele>105.2</ele>
      </trkpt>
      <trkpt lat="35.90968" lon="-78.40673">
        <ele>105.3</ele>
      </trkpt>
      <trkpt lat="35.90947" lon="-78.40625">
        <ele>105.9</ele>
      </trkpt>
      <trkpt lat="35.90932" lon="-78.40596">
        <ele>106.4</ele>
      </trkpt>
      <trkpt lat="35.90916" lon="-78.40565">
        <ele>107.1</ele>
      </trkpt>
      <trkpt lat="35.90912" lon="-78.40559">
        <ele>107.2</ele>
      </trkpt>
      <trkpt lat="35.90906" lon="-78.40549">
        <ele>107.2</ele>
      </trkpt>
      <trkpt lat="35.90895" lon="-78.40531">
        <ele>106.7</ele>
      </trkpt>
      <trkpt lat="35.90891" lon="-78.40524">
        <ele>106.4</ele>
      </trkpt>
      <trkpt lat="35.90888" lon="-78.4052">
        <ele>106.2</ele>
      </trkpt>
      <trkpt lat="35.90884" lon="-78.40514">
        <ele>105.8</ele>
      </trkpt>
      <trkpt lat="35.90858" lon="-78.40478">
        <ele>103.8</ele>
      </trkpt>
      <trkpt lat="35.90848" lon="-78.40465">
        <ele>103.4</ele>
      </trkpt>
      <trkpt lat="35.90842" lon="-78.40458">
        <ele>103.2</ele>
      </trkpt>
      <trkpt lat="35.90835" lon="-78.40449">
        <ele>103.2</ele>
      </trkpt>
      <trkpt lat="35.90763" lon="-78.40355">
        <ele>103.6</ele>
      </trkpt>
      <trkpt lat="35.90736" lon="-78.4032">
        <ele>103.2</ele>
      </trkpt>
      <trkpt lat="35.90724" lon="-78.40304">
        <ele>103.3</ele>
      </trkpt>
      <trkpt lat="35.90712" lon="-78.40287">
        <ele>103.5</ele>
      </trkpt>
      <trkpt lat="35.9071" lon="-78.40286">
        <ele>103.6</ele>
      </trkpt>
      <trkpt lat="35.90702" lon="-78.40274">
        <ele>103.9</ele>
      </trkpt>
      <trkpt lat="35.90699" lon="-78.40271">
        <ele>104.0</ele>
      </trkpt>
      <trkpt lat="35.90663" lon="-78.40223">
        <ele>106.3</ele>
      </trkpt>
      <trkpt lat="35.90649" lon="-78.40205">
        <ele>107.5</ele>
      </trkpt>
      <trkpt lat="35.9064" lon="-78.40193">
        <ele>107.8</ele>
      </trkpt>
      <trkpt lat="35.90638" lon="-78.40191">
        <ele>107.8</ele>
      </trkpt>
      <trkpt lat="35.90636" lon="-78.40189">
        <ele>107.8</ele>
      </trkpt>
      <trkpt lat="35.90625" lon="-78.40174">
        <ele>107.4</ele>
      </trkpt>
      <trkpt lat="35.90613" lon="-78.40158">
        <ele>107.3</ele>
      </trkpt>
      <trkpt lat="35.906" lon="-78.40142">
        <ele>107.6</ele>
      </trkpt>
      <trkpt lat="35.90556" lon="-78.40084">
        <ele>110.2</ele>
      </trkpt>
      <trkpt lat="35.90553" lon="-78.4008">
        <ele>110.3</ele>
      </trkpt>
      <trkpt lat="35.90539" lon="-78.40062">
        <ele>110.8</ele>
      </trkpt>
      <trkpt lat="35.90539" lon="-78.40062">
        <ele>110.8</ele>
      </trkpt>
      <trkpt lat="35.90563" lon="-78.40003">
        <ele>110.5</ele>
      </trkpt>
      <trkpt lat="35.90572" lon="-78.39983">
        <ele>110.4</ele>
      </trkpt>
      <trkpt lat="35.9058" lon="-78.39963">
        <ele>110.4</ele>
      </trkpt>
      <trkpt lat="35.90583" lon="-78.39956">
        <ele>110.1</ele>
      </trkpt>
      <trkpt lat="35.90588" lon="-78.39944">
        <ele>109.4</ele>
      </trkpt>
      <trkpt lat="35.90588" lon="-78.39943">
        <ele>109.4</ele>
      </trkpt>
      <trkpt lat="35.90597" lon="-78.39923">
        <ele>108.4</ele>
      </trkpt>
      <trkpt lat="35.90604" lon="-78.39905">
        <ele>106.9</ele>
      </trkpt>
      <trkpt lat="35.90605" lon="-78.39904">
        <ele>106.8</ele>
      </trkpt>
      <trkpt lat="35.90607" lon="-78.39899">
        <ele>106.5</ele>
      </trkpt>
      <trkpt lat="35.90623" lon="-78.39862">
        <ele>105.0</ele>
      </trkpt>
      <trkpt lat="35.90631" lon="-78.39847">
        <ele>104.0</ele>
      </trkpt>
      <trkpt lat="35.90636" lon="-78.39836">
        <ele>103.5</ele>
      </trkpt>
      <trkpt lat="35.90644" lon="-78.3982">
        <ele>102.8</ele>
      </trkpt>
      <trkpt lat="35.90652" lon="-78.39807">
        <ele>101.9</ele>
      </trkpt>
      <trkpt lat="35.90666" lon="-78.39781">
        <ele>100.4</ele>
      </trkpt>
      <trkpt lat="35.90669" lon="-78.39775">
        <ele>100.2</ele>
      </trkpt>
      <trkpt lat="35.90677" lon="-78.39764">
        <ele>99.7</ele>
      </trkpt>
      <trkpt lat="35.90682" lon="-78.39756">
        <ele>99.5</ele>
      </trkpt>
      <trkpt lat="35.90693" lon="-78.3974">
        <ele>98.9</ele>
      </trkpt>
      <trkpt lat="35.907" lon="-78.3973">
        <ele>98.7</ele>
      </trkpt>
      <trkpt lat="35.9071" lon="-78.39716">
        <ele>98.3</ele>
      </trkpt>
      <trkpt lat="35.90712" lon="-78.39714">
        <ele>98.2</ele>
      </trkpt>
      <trkpt lat="35.90719" lon="-78.39705">
        <ele>98.0</ele>
      </trkpt>
      <trkpt lat="35.90726" lon="-78.39698">
        <ele>98.0</ele>
      </trkpt>
      <trkpt lat="35.90732" lon="-78.39691">
        <ele>98.1</ele>
      </trkpt>
      <trkpt lat="35.90748" lon="-78.39675">
        <ele>98.1</ele>
      </trkpt>
      <trkpt lat="35.90753" lon="-78.3967">
        <ele>98.1</ele>
      </trkpt>
      <trkpt lat="35.90776" lon="-78.39648">
        <ele>98.3</ele>
      </trkpt>
      <trkpt lat="35.90784" lon="-78.3964">
        <ele>98.5</ele>
      </trkpt>
      <trkpt lat="35.90805" lon="-78.3962">
        <ele>99.4</ele>
      </trkpt>
      <trkpt lat="35.90812" lon="-78.39613">
        <ele>99.7</ele>
      </trkpt>
      <trkpt lat="35.90819" lon="-78.39606">
        <ele>100.1</ele>
      </trkpt>
      <trkpt lat="35.90862" lon="-78.39566">
        <ele>102.5</ele>
      </trkpt>
      <trkpt lat="35.90893" lon="-78.39538">
        <ele>103.5</ele>
      </trkpt>
      <trkpt lat="35.90921" lon="-78.3951">
        <ele>103.7</ele>
      </trkpt>
      <trkpt lat="35.90923" lon="-78.39509">
        <ele>103.7</ele>
      </trkpt>
      <trkpt lat="35.90945" lon="-78.39487">
        <ele>103.1</ele>
      </trkpt>
      <trkpt lat="35.90998" lon="-78.39438">
        <ele>101.0</ele>
      </trkpt>
      <trkpt lat="35.91003" lon="-78.39434">
        <ele>100.9</ele>
      </trkpt>
      <trkpt lat="35.91008" lon="-78.39429">
        <ele>100.8</ele>
      </trkpt>
      <trkpt lat="35.91017" lon="-78.3942">
        <ele>100.7</ele>
      </trkpt>
      <trkpt lat="35.91018" lon="-78.3942">
        <ele>100.7</ele>
      </trkpt>
      <trkpt lat="35.91041" lon="-78.39398">
        <ele>100.7</ele>
      </trkpt>
      <trkpt lat="35.91045" lon="-78.39393">
        <ele>100.7</ele>
      </trkpt>
      <trkpt lat="35.91073" lon="-78.39367">
        <ele>100.6</ele>
      </trkpt>
      <trkpt lat="35.91093" lon="-78.39348">
        <ele>100.5</ele>
      </trkpt>
      <trkpt lat="35.91094" lon="-78.39347">
        <ele>100.5</ele>
      </trkpt>
      <trkpt lat="35.91102" lon="-78.39339">
        <ele>100.5</ele>
      </trkpt>
      <trkpt lat="35.91132" lon="-78.39311">
        <ele>101.2</ele>
      </trkpt>
      <trkpt lat="35.91147" lon="-78.39297">
        <ele>101.8</ele>
      </trkpt>
      <trkpt lat="35.91153" lon="-78.39291">
        <ele>102.1</ele>
      </trkpt>
      <trkpt lat="35.91157" lon="-78.39287">
        <ele>102.2</ele>
      </trkpt>
      <trkpt lat="35.91159" lon="-78.39285">
        <ele>102.3</ele>
      </trkpt>
      <trkpt lat="35.9117" lon="-78.39273">
        <ele>102.4</ele>
      </trkpt>
      <trkpt lat="35.9118" lon="-78.39262">
        <ele>102.3</ele>
      </trkpt>
      <trkpt lat="35.91186" lon="-78.39255">
        <ele>102.1</ele>
      </trkpt>
      <trkpt lat="35.91186" lon="-78.39254">
        <ele>102.1</ele>
      </trkpt>
      <trkpt lat="35.91202" lon="-78.39235">
        <ele>101.5</ele>
      </trkpt>
      <trkpt lat="35.91212" lon="-78.39221">
        <ele>100.9</ele>
      </trkpt>
      <trkpt lat="35.91214" lon="-78.3922">
        <ele>100.9</ele>
      </trkpt>
      <trkpt lat="35.91259" lon="-78.39163">
        <ele>98.6</ele>
      </trkpt>
      <trkpt lat="35.91293" lon="-78.39119">
        <ele>97.4</ele>
      </trkpt>
      <trkpt lat="35.91299" lon="-78.39112">
        <ele>97.2</ele>
      </trkpt>
      <trkpt lat="35.91302" lon="-78.39107">
        <ele>97.1</ele>
      </trkpt>
      <trkpt lat="35.91306" lon="-78.39103">
        <ele>97.0</ele>
      </trkpt>
      <trkpt lat="35.9132" lon="-78.39083">
        <ele>96.6</ele>
      </trkpt>
      <trkpt lat="35.91349" lon="-78.39045">
        <ele>96.0</ele>
      </trkpt>
      <trkpt lat="35.91354" lon="-78.39037">
        <ele>95.8</ele>
      </trkpt>
      <trkpt lat="35.91366" lon="-78.39021">
        <ele>95.6</ele>
      </trkpt>
      <trkpt lat="35.91389" lon="-78.38987">
        <ele>95.3</ele>
      </trkpt>
      <trkpt lat="35.91389" lon="-78.38987">
        <ele>95.3</ele>
      </trkpt>
      <trkpt lat="35.91354" lon="-78.38977">
        <ele>95.1</ele>
      </trkpt>
      <trkpt lat="35.91318" lon="-78.38966">
        <ele>92.5</ele>
      </trkpt>
      <trkpt lat="35.91301" lon="-78.38962">
        <ele>91.1</ele>
      </trkpt>
      <trkpt lat="35.913" lon="-78.38961">
        <ele>91.0</ele>
      </trkpt>
      <trkpt lat="35.91284" lon="-78.38957">
        <ele>90.2</ele>
      </trkpt>
      <trkpt lat="35.91266" lon="-78.38952">
        <ele>89.6</ele>
      </trkpt>
      <trkpt lat="35.91265" lon="-78.38951">
        <ele>89.6</ele>
      </trkpt>
      <trkpt lat="35.91249" lon="-78.38947">
        <ele>89.8</ele>
      </trkpt>
      <trkpt lat="35.91247" lon="-78.38946">
        <ele>89.8</ele>
      </trkpt>
      <trkpt lat="35.91229" lon="-78.38941">
        <ele>90.3</ele>
      </trkpt>
      <trkpt lat="35.91193" lon="-78.38936">
        <ele>91.9</ele>
      </trkpt>
      <trkpt lat="35.91178" lon="-78.38935">
        <ele>92.8</ele>
      </trkpt>
      <trkpt lat="35.9116" lon="-78.38934">
        <ele>93.0</ele>
      </trkpt>
      <trkpt lat="35.91142" lon="-78.38933">
        <ele>93.2</ele>
      </trkpt>
      <trkpt lat="35.91088" lon="-78.38929">
        <ele>94.2</ele>
      </trkpt>
      <trkpt lat="35.91085" lon="-78.38929">
        <ele>94.3</ele>
      </trkpt>
      <trkpt lat="35.91036" lon="-78.38927">
        <ele>95.8</ele>
      </trkpt>
      <trkpt lat="35.91034" lon="-78.38927">
        <ele>95.8</ele>
      </trkpt>
      <trkpt lat="35.91016" lon="-78.38928">
        <ele>96.1</ele>
      </trkpt>
      <trkpt lat="35.90998" lon="-78.38928">
        <ele>96.5</ele>
      </trkpt>
      <trkpt lat="35.90997" lon="-78.38928">
        <ele>96.6</ele>
      </trkpt>
      <trkpt lat="35.90997" lon="-78.38928">
        <ele>96.6</ele>
      </trkpt>
      <trkpt lat="35.90997" lon="-78.38928">
        <ele>96.6</ele>
      </trkpt>
      <trkpt lat="35.9098" lon="-78.38928">
        <ele>97.1</ele>
      </trkpt>
      <trkpt lat="35.90962" lon="-78.38928">
        <ele>97.8</ele>
      </trkpt>
      <trkpt lat="35.90961" lon="-78.38928">
        <ele>97.8</ele>
      </trkpt>
      <trkpt lat="35.90944" lon="-78.38928">
        <ele>98.5</ele>
      </trkpt>
      <trkpt lat="35.9092" lon="-78.38928">
        <ele>98.7</ele>
      </trkpt>
      <trkpt lat="35.90907" lon="-78.38928">
        <ele>98.2</ele>
      </trkpt>
      <trkpt lat="35.90881" lon="-78.38928">
        <ele>95.9</ele>
      </trkpt>
      <trkpt lat="35.90849" lon="-78.38929">
        <ele>93.2</ele>
      </trkpt>
      <trkpt lat="35.90848" lon="-78.38929">
        <ele>93.2</ele>
      </trkpt>
      <trkpt lat="35.9083" lon="-78.38929">
        <ele>92.2</ele>
      </trkpt>
      <trkpt lat="35.90817" lon="-78.38929">
        <ele>91.6</ele>
      </trkpt>
      <trkpt lat="35.90813" lon="-78.38929">
        <ele>91.4</ele>
      </trkpt>
      <trkpt lat="35.90812" lon="-78.38929">
        <ele>91.4</ele>
      </trkpt>
      <trkpt lat="35.90799" lon="-78.38929">
        <ele>91.2</ele>
      </trkpt>
      <trkpt lat="35.90794" lon="-78.38929">
        <ele>91.1</ele>
      </trkpt>
      <trkpt lat="35.90777" lon="-78.38929">
        <ele>90.5</ele>
      </trkpt>
      <trkpt lat="35.90763" lon="-78.38929">
        <ele>90.1</ele>
      </trkpt>
      <trkpt lat="35.90759" lon="-78.38929">
        <ele>90.0</ele>
      </trkpt>
      <trkpt lat="35.90758" lon="-78.38929">
        <ele>90.0</ele>
      </trkpt>
      <trkpt lat="35.90745" lon="-78.38929">
        <ele>89.6</ele>
      </trkpt>
      <trkpt lat="35.90741" lon="-78.38929">
        <ele>89.5</ele>
      </trkpt>
      <trkpt lat="35.90727" lon="-78.3893">
        <ele>89.6</ele>
      </trkpt>
      <trkpt lat="35.90723" lon="-78.3893">
        <ele>89.7</ele>
      </trkpt>
      <trkpt lat="35.90722" lon="-78.3893">
        <ele>89.7</ele>
      </trkpt>
      <trkpt lat="35.90717" lon="-78.3893">
        <ele>89.8</ele>
      </trkpt>
      <trkpt lat="35.90709" lon="-78.3893">
        <ele>90.2</ele>
      </trkpt>
      <trkpt lat="35.90705" lon="-78.3893">
        <ele>90.4</ele>
      </trkpt>
      <trkpt lat="35.90704" lon="-78.3893">
        <ele>90.5</ele>
      </trkpt>
      <trkpt lat="35.90691" lon="-78.38931">
        <ele>91.1</ele>
      </trkpt>
      <trkpt lat="35.90673" lon="-78.38933">
        <ele>92.1</ele>
      </trkpt>
      <trkpt lat="35.90633" lon="-78.38935">
        <ele>94.3</ele>
      </trkpt>
      <trkpt lat="35.90632" lon="-78.38935">
        <ele>94.3</ele>
      </trkpt>
      <trkpt lat="35.90601" lon="-78.38937">
        <ele>95.5</ele>
      </trkpt>
      <trkpt lat="35.9058" lon="-78.38939">
        <ele>95.9</ele>
      </trkpt>
      <trkpt lat="35.9052" lon="-78.38942">
        <ele>97.1</ele>
      </trkpt>
      <trkpt lat="35.90511" lon="-78.38943">
        <ele>97.3</ele>
      </trkpt>
      <trkpt lat="35.90493" lon="-78.38944">
        <ele>97.5</ele>
      </trkpt>
      <trkpt lat="35.9049" lon="-78.38944">
        <ele>97.5</ele>
      </trkpt>
      <trkpt lat="35.90475" lon="-78.38945">
        <ele>97.6</ele>
      </trkpt>
      <trkpt lat="35.90472" lon="-78.38946">
        <ele>97.6</ele>
      </trkpt>
      <trkpt lat="35.90454" lon="-78.38947">
        <ele>97.9</ele>
      </trkpt>
      <trkpt lat="35.90448" lon="-78.38947">
        <ele>98.0</ele>
      </trkpt>
      <trkpt lat="35.90403" lon="-78.3895">
        <ele>98.1</ele>
      </trkpt>
      <trkpt lat="35.90348" lon="-78.38947">
        <ele>96.7</ele>
      </trkpt>
      <trkpt lat="35.90317" lon="-78.38943">
        <ele>96.0</ele>
      </trkpt>
      <trkpt lat="35.90316" lon="-78.38943">
        <ele>96.0</ele>
      </trkpt>
      <trkpt lat="35.90261" lon="-78.3894">
        <ele>95.5</ele>
      </trkpt>
      <trkpt lat="35.90249" lon="-78.38939">
        <ele>95.4</ele>
      </trkpt>
      <trkpt lat="35.9024" lon="-78.38938">
        <ele>95.5</ele>
      </trkpt>
      <trkpt lat="35.90212" lon="-78.38934">
        <ele>95.3</ele>
      </trkpt>
      <trkpt lat="35.9019" lon="-78.38931">
        <ele>94.9</ele>
      </trkpt>
      <trkpt lat="35.90166" lon="-78.38931">
        <ele>94.2</ele>
      </trkpt>
      <trkpt lat="35.90143" lon="-78.38931">
        <ele>93.5</ele>
      </trkpt>
      <trkpt lat="35.90118" lon="-78.38936">
        <ele>92.8</ele>
      </trkpt>
      <trkpt lat="35.90101" lon="-78.38941">
        <ele>92.3</ele>
      </trkpt>
      <trkpt lat="35.90087" lon="-78.38946">
        <ele>91.8</ele>
      </trkpt>
      <trkpt lat="35.9007" lon="-78.38953">
        <ele>91.3</ele>
      </trkpt>
      <trkpt lat="35.90056" lon="-78.3896">
        <ele>90.9</ele>
      </trkpt>
      <trkpt lat="35.90048" lon="-78.38965">
        <ele>90.8</ele>
      </trkpt>
      <trkpt lat="35.90033" lon="-78.38974">
        <ele>90.5</ele>
      </trkpt>
      <trkpt lat="35.90016" lon="-78.38985">
        <ele>90.2</ele>
      </trkpt>
      <trkpt lat="35.89987" lon="-78.39004">
        <ele>89.3</ele>
      </trkpt>
      <trkpt lat="35.89984" lon="-78.39005">
        <ele>89.1</ele>
      </trkpt>
      <trkpt lat="35.89951" lon="-78.39026">
        <ele>86.8</ele>
      </trkpt>
      <trkpt lat="35.89936" lon="-78.39036">
        <ele>85.7</ele>
      </trkpt>
      <trkpt lat="35.89928" lon="-78.3904">
        <ele>85.2</ele>
      </trkpt>
      <trkpt lat="35.8992" lon="-78.39045">
        <ele>84.8</ele>
      </trkpt>
      <trkpt lat="35.8991" lon="-78.39051">
        <ele>84.3</ele>
      </trkpt>
      <trkpt lat="35.89903" lon="-78.39055">
        <ele>84.1</ele>
      </trkpt>
      <trkpt lat="35.89892" lon="-78.3906">
        <ele>83.6</ele>
      </trkpt>
      <trkpt lat="35.8987" lon="-78.3907">
        <ele>83.1</ele>
      </trkpt>
      <trkpt lat="35.89869" lon="-78.3907">
        <ele>83.1</ele>
      </trkpt>
      <trkpt lat="35.89835" lon="-78.39082">
        <ele>82.6</ele>
      </trkpt>
      <trkpt lat="35.89793" lon="-78.39095">
        <ele>82.1</ele>
      </trkpt>
      <trkpt lat="35.89782" lon="-78.39098">
        <ele>82.1</ele>
      </trkpt>
      <trkpt lat="35.89765" lon="-78.39103">
        <ele>82.3</ele>
      </trkpt>
      <trkpt lat="35.89759" lon="-78.39104">
        <ele>82.4</ele>
      </trkpt>
      <trkpt lat="35.8973" lon="-78.39114">
        <ele>83.2</ele>
      </trkpt>
      <trkpt lat="35.89721" lon="-78.39117">
        <ele>83.6</ele>
      </trkpt>
      <trkpt lat="35.89712" lon="-78.39119">
        <ele>83.9</ele>
      </trkpt>
      <trkpt lat="35.89695" lon="-78.39125">
        <ele>84.6</ele>
      </trkpt>
      <trkpt lat="35.89684" lon="-78.39128">
        <ele>85.0</ele>
      </trkpt>
      <trkpt lat="35.89653" lon="-78.39138">
        <ele>86.1</ele>
      </trkpt>
      <trkpt lat="35.89616" lon="-78.39148">
        <ele>87.4</ele>
      </trkpt>
      <trkpt lat="35.89602" lon="-78.39153">
        <ele>88.0</ele>
      </trkpt>
      <trkpt lat="35.89589" lon="-78.39156">
        <ele>88.4</ele>
      </trkpt>
      <trkpt lat="35.8957" lon="-78.39163">
        <ele>89.1</ele>
      </trkpt>
      <trkpt lat="35.89555" lon="-78.39168">
        <ele>89.7</ele>
      </trkpt>
      <trkpt lat="35.89541" lon="-78.39171">
        <ele>90.0</ele>
      </trkpt>
      <trkpt lat="35.89538" lon="-78.39173">
        <ele>90.1</ele>
      </trkpt>
      <trkpt lat="35.89528" lon="-78.39176">
        <ele>90.6</ele>
      </trkpt>
      <trkpt lat="35.89497" lon="-78.39185">
        <ele>91.7</ele>
      </trkpt>
      <trkpt lat="35.8948" lon="-78.39191">
        <ele>92.5</ele>
      </trkpt>
      <trkpt lat="35.89463" lon="-78.39195">
        <ele>93.3</ele>
      </trkpt>
      <trkpt lat="35.89433" lon="-78.39205">
        <ele>94.8</ele>
      </trkpt>
      <trkpt lat="35.89427" lon="-78.39207">
        <ele>95.0</ele>
      </trkpt>
      <trkpt lat="35.89416" lon="-78.3921">
        <ele>95.4</ele>
      </trkpt>
      <trkpt lat="35.89385" lon="-78.39219">
        <ele>96.2</ele>
      </trkpt>
      <trkpt lat="35.89362" lon="-78.39227">
        <ele>96.5</ele>
      </trkpt>
      <trkpt lat="35.8933" lon="-78.39237">
        <ele>97.2</ele>
      </trkpt>
      <trkpt lat="35.89329" lon="-78.39238">
        <ele>97.2</ele>
      </trkpt>
      <trkpt lat="35.89309" lon="-78.39246">
        <ele>97.6</ele>
      </trkpt>
      <trkpt lat="35.89291" lon="-78.39254">
        <ele>98.0</ele>
      </trkpt>
      <trkpt lat="35.89278" lon="-78.3926">
        <ele>98.4</ele>
      </trkpt>
      <trkpt lat="35.89274" lon="-78.39263">
        <ele>98.4</ele>
      </trkpt>
      <trkpt lat="35.89258" lon="-78.39271">
        <ele>98.5</ele>
      </trkpt>
      <trkpt lat="35.89246" lon="-78.3928">
        <ele>99.0</ele>
      </trkpt>
      <trkpt lat="35.89243" lon="-78.39281">
        <ele>99.0</ele>
      </trkpt>
      <trkpt lat="35.8923" lon="-78.39291">
        <ele>99.3</ele>
      </trkpt>
      <trkpt lat="35.89226" lon="-78.39294">
        <ele>99.5</ele>
      </trkpt>
      <trkpt lat="35.89198" lon="-78.39318">
        <ele>100.7</ele>
      </trkpt>
      <trkpt lat="35.89157" lon="-78.39356">
        <ele>102.8</ele>
      </trkpt>
      <trkpt lat="35.89156" lon="-78.39356">
        <ele>102.8</ele>
      </trkpt>
      <trkpt lat="35.89143" lon="-78.39369">
        <ele>103.4</ele>
      </trkpt>
      <trkpt lat="35.89142" lon="-78.3937">
        <ele>103.5</ele>
      </trkpt>
      <trkpt lat="35.89124" lon="-78.39387">
        <ele>104.5</ele>
      </trkpt>
      <trkpt lat="35.891" lon="-78.39409">
        <ele>106.3</ele>
      </trkpt>
      <trkpt lat="35.89092" lon="-78.39416">
        <ele>106.5</ele>
      </trkpt>
      <trkpt lat="35.89071" lon="-78.39437">
        <ele>108.0</ele>
      </trkpt>
      <trkpt lat="35.89059" lon="-78.39449">
        <ele>108.5</ele>
      </trkpt>
      <trkpt lat="35.89043" lon="-78.39462">
        <ele>108.6</ele>
      </trkpt>
      <trkpt lat="35.8903" lon="-78.39473">
        <ele>108.5</ele>
      </trkpt>
      <trkpt lat="35.8902" lon="-78.39479">
        <ele>108.4</ele>
      </trkpt>
      <trkpt lat="35.89008" lon="-78.39485">
        <ele>108.3</ele>
      </trkpt>
      <trkpt lat="35.88999" lon="-78.39489">
        <ele>108.4</ele>
      </trkpt>
      <trkpt lat="35.8898" lon="-78.39497">
        <ele>108.5</ele>
      </trkpt>
      <trkpt lat="35.88965" lon="-78.39504">
        <ele>108.5</ele>
      </trkpt>
      <trkpt lat="35.88935" lon="-78.39515">
        <ele>109.3</ele>
      </trkpt>
      <trkpt lat="35.88875" lon="-78.39537">
        <ele>110.3</ele>
      </trkpt>
      <trkpt lat="35.88823" lon="-78.39556">
        <ele>111.1</ele>
      </trkpt>
      <trkpt lat="35.88793" lon="-78.39567">
        <ele>111.7</ele>
      </trkpt>
      <trkpt lat="35.88754" lon="-78.39581">
        <ele>112.2</ele>
      </trkpt>
      <trkpt lat="35.88709" lon="-78.39598">
        <ele>113.2</ele>
      </trkpt>
      <trkpt lat="35.88691" lon="-78.39605">
        <ele>113.5</ele>
      </trkpt>
      <trkpt lat="35.88687" lon="-78.39607">
        <ele>113.5</ele>
      </trkpt>
      <trkpt lat="35.88674" lon="-78.39614">
        <ele>113.5</ele>
      </trkpt>
      <trkpt lat="35.88652" lon="-78.39625">
        <ele>113.1</ele>
      </trkpt>
      <trkpt lat="35.88611" lon="-78.39654">
        <ele>112.1</ele>
      </trkpt>
      <trkpt lat="35.8861" lon="-78.39654">
        <ele>112.1</ele>
      </trkpt>
      <trkpt lat="35.88579" lon="-78.39675">
        <ele>112.0</ele>
      </trkpt>
      <trkpt lat="35.88563" lon="-78.39686">
        <ele>112.1</ele>
      </trkpt>
      <trkpt lat="35.88548" lon="-78.39697">
        <ele>112.1</ele>
      </trkpt>
      <trkpt lat="35.88547" lon="-78.39697">
        <ele>112.1</ele>
      </trkpt>
      <trkpt lat="35.88532" lon="-78.39707">
        <ele>112.3</ele>
      </trkpt>
      <trkpt lat="35.88532" lon="-78.39708">
        <ele>112.3</ele>
      </trkpt>
      <trkpt lat="35.88437" lon="-78.39772">
        <ele>112.8</ele>
      </trkpt>
      <trkpt lat="35.88421" lon="-78.39783">
        <ele>113.0</ele>
      </trkpt>
      <trkpt lat="35.88406" lon="-78.39793">
        <ele>113.0</ele>
      </trkpt>
      <trkpt lat="35.8839" lon="-78.39804">
        <ele>113.2</ele>
      </trkpt>
      <trkpt lat="35.88374" lon="-78.39815">
        <ele>113.2</ele>
      </trkpt>
      <trkpt lat="35.88359" lon="-78.39825">
        <ele>113.2</ele>
      </trkpt>
      <trkpt lat="35.88358" lon="-78.39825">
        <ele>113.3</ele>
      </trkpt>
      <trkpt lat="35.88343" lon="-78.39836">
        <ele>113.4</ele>
      </trkpt>
      <trkpt lat="35.88238" lon="-78.39907">
        <ele>115.5</ele>
      </trkpt>
      <trkpt lat="35.88238" lon="-78.39907">
        <ele>115.5</ele>
      </trkpt>
      <trkpt lat="35.88219" lon="-78.39911">
        <ele>115.7</ele>
      </trkpt>
      <trkpt lat="35.88206" lon="-78.39913">
        <ele>115.4</ele>
      </trkpt>
      <trkpt lat="35.88205" lon="-78.39914">
        <ele>115.4</ele>
      </trkpt>
      <trkpt lat="35.88147" lon="-78.39911">
        <ele>113.4</ele>
      </trkpt>
      <trkpt lat="35.88134" lon="-78.3991">
        <ele>113.0</ele>
      </trkpt>
      <trkpt lat="35.88129" lon="-78.3991">
        <ele>112.8</ele>
      </trkpt>
      <trkpt lat="35.8808" lon="-78.39908">
        <ele>111.9</ele>
      </trkpt>
      <trkpt lat="35.88062" lon="-78.39907">
        <ele>111.7</ele>
      </trkpt>
      <trkpt lat="35.88044" lon="-78.39906">
        <ele>111.7</ele>
      </trkpt>
      <trkpt lat="35.87972" lon="-78.39902">
        <ele>113.7</ele>
      </trkpt>
      <trkpt lat="35.87954" lon="-78.39901">
        <ele>114.0</ele>
      </trkpt>
      <trkpt lat="35.87939" lon="-78.399">
        <ele>114.2</ele>
      </trkpt>
      <trkpt lat="35.87928" lon="-78.399">
        <ele>114.4</ele>
      </trkpt>
      <trkpt lat="35.87882" lon="-78.39897">
        <ele>113.9</ele>
      </trkpt>
      <trkpt lat="35.87856" lon="-78.39896">
        <ele>113.8</ele>
      </trkpt>
      <trkpt lat="35.87846" lon="-78.39895">
        <ele>113.7</ele>
      </trkpt>
      <trkpt lat="35.87827" lon="-78.39894">
        <ele>113.4</ele>
      </trkpt>
      <trkpt lat="35.87827" lon="-78.39894">
        <ele>113.4</ele>
      </trkpt>
      <trkpt lat="35.8782" lon="-78.39894">
        <ele>113.2</ele>
      </trkpt>
      <trkpt lat="35.87766" lon="-78.39891">
        <ele>111.4</ele>
      </trkpt>
      <trkpt lat="35.87756" lon="-78.3989">
        <ele>111.0</ele>
      </trkpt>
      <trkpt lat="35.87748" lon="-78.3989">
        <ele>110.7</ele>
      </trkpt>
      <trkpt lat="35.8767" lon="-78.39886">
        <ele>109.6</ele>
      </trkpt>
      <trkpt lat="35.87644" lon="-78.39884">
        <ele>109.0</ele>
      </trkpt>
      <trkpt lat="35.87583" lon="-78.39881">
        <ele>107.7</ele>
      </trkpt>
      <trkpt lat="35.87558" lon="-78.39879">
        <ele>107.3</ele>
      </trkpt>
      <trkpt lat="35.87546" lon="-78.39878">
        <ele>107.1</ele>
      </trkpt>
      <trkpt lat="35.87528" lon="-78.39876">
        <ele>107.2</ele>
      </trkpt>
      <trkpt lat="35.87524" lon="-78.39875">
        <ele>107.2</ele>
      </trkpt>
      <trkpt lat="35.87518" lon="-78.39875">
        <ele>107.3</ele>
      </trkpt>
      <trkpt lat="35.87504" lon="-78.39873">
        <ele>107.4</ele>
      </trkpt>
      <trkpt lat="35.87487" lon="-78.39872">
        <ele>107.7</ele>
      </trkpt>
      <trkpt lat="35.87467" lon="-78.3987">
        <ele>107.8</ele>
      </trkpt>
      <trkpt lat="35.87457" lon="-78.3987">
        <ele>107.8</ele>
      </trkpt>
      <trkpt lat="35.87448" lon="-78.3987">
        <ele>107.7</ele>
      </trkpt>
      <trkpt lat="35.87421" lon="-78.3987">
        <ele>107.9</ele>
      </trkpt>
      <trkpt lat="35.87403" lon="-78.39869">
        <ele>108.5</ele>
      </trkpt>
      <trkpt lat="35.87402" lon="-78.39869">
        <ele>108.6</ele>
      </trkpt>
      <trkpt lat="35.87392" lon="-78.39869">
        <ele>108.7</ele>
      </trkpt>
      <trkpt lat="35.87367" lon="-78.3987">
        <ele>108.4</ele>
      </trkpt>
      <trkpt lat="35.87356" lon="-78.3987">
        <ele>108.0</ele>
      </trkpt>
      <trkpt lat="35.87339" lon="-78.3987">
        <ele>107.2</ele>
      </trkpt>
      <trkpt lat="35.87319" lon="-78.39871">
        <ele>106.4</ele>
      </trkpt>
      <trkpt lat="35.87313" lon="-78.39871">
        <ele>106.1</ele>
      </trkpt>
      <trkpt lat="35.87296" lon="-78.39872">
        <ele>105.6</ele>
      </trkpt>
      <trkpt lat="35.87279" lon="-78.39875">
        <ele>105.1</ele>
      </trkpt>
      <trkpt lat="35.87258" lon="-78.39878">
        <ele>104.8</ele>
      </trkpt>
      <trkpt lat="35.87232" lon="-78.39887">
        <ele>104.0</ele>
      </trkpt>
      <trkpt lat="35.87206" lon="-78.39896">
        <ele>103.4</ele>
      </trkpt>
      <trkpt lat="35.87166" lon="-78.39913">
        <ele>102.3</ele>
      </trkpt>
      <trkpt lat="35.87158" lon="-78.39916">
        <ele>102.1</ele>
      </trkpt>
      <trkpt lat="35.87124" lon="-78.3993">
        <ele>101.5</ele>
      </trkpt>
      <trkpt lat="35.87112" lon="-78.39936">
        <ele>101.1</ele>
      </trkpt>
      <trkpt lat="35.87042" lon="-78.39965">
        <ele>101.5</ele>
      </trkpt>
      <trkpt lat="35.87025" lon="-78.39972">
        <ele>101.7</ele>
      </trkpt>
      <trkpt lat="35.87008" lon="-78.39979">
        <ele>101.6</ele>
      </trkpt>
      <trkpt lat="35.86991" lon="-78.39986">
        <ele>101.1</ele>
      </trkpt>
      <trkpt lat="35.8699" lon="-78.39986">
        <ele>101.1</ele>
      </trkpt>
      <trkpt lat="35.86989" lon="-78.39987">
        <ele>101.0</ele>
      </trkpt>
      <trkpt lat="35.86978" lon="-78.39991">
        <ele>100.5</ele>
      </trkpt>
      <trkpt lat="35.86923" lon="-78.40015">
        <ele>97.6</ele>
      </trkpt>
      <trkpt lat="35.86906" lon="-78.40022">
        <ele>97.0</ele>
      </trkpt>
      <trkpt lat="35.8688" lon="-78.40032">
        <ele>96.0</ele>
      </trkpt>
      <trkpt lat="35.86863" lon="-78.40039">
        <ele>95.5</ele>
      </trkpt>
      <trkpt lat="35.86847" lon="-78.40046">
        <ele>95.3</ele>
      </trkpt>
      <trkpt lat="35.86846" lon="-78.40046">
        <ele>95.3</ele>
      </trkpt>
      <trkpt lat="35.86812" lon="-78.4006">
        <ele>94.5</ele>
      </trkpt>
      <trkpt lat="35.86788" lon="-78.40071">
        <ele>94.6</ele>
      </trkpt>
      <trkpt lat="35.86787" lon="-78.40071">
        <ele>94.6</ele>
      </trkpt>
      <trkpt lat="35.86771" lon="-78.40078">
        <ele>94.9</ele>
      </trkpt>
      <trkpt lat="35.8677" lon="-78.40078">
        <ele>94.9</ele>
      </trkpt>
      <trkpt lat="35.86766" lon="-78.4008">
        <ele>95.2</ele>
      </trkpt>
      <trkpt lat="35.86715" lon="-78.40101">
        <ele>99.4</ele>
      </trkpt>
      <trkpt lat="35.86703" lon="-78.40106">
        <ele>100.5</ele>
      </trkpt>
      <trkpt lat="35.86685" lon="-78.40114">
        <ele>101.9</ele>
      </trkpt>
      <trkpt lat="35.86669" lon="-78.4012">
        <ele>103.0</ele>
      </trkpt>
      <trkpt lat="35.86659" lon="-78.40124">
        <ele>103.5</ele>
      </trkpt>
      <trkpt lat="35.8665" lon="-78.40128">
        <ele>104.0</ele>
      </trkpt>
      <trkpt lat="35.86634" lon="-78.40134">
        <ele>104.6</ele>
      </trkpt>
      <trkpt lat="35.86633" lon="-78.40134">
        <ele>104.6</ele>
      </trkpt>
      <trkpt lat="35.86622" lon="-78.40138">
        <ele>104.8</ele>
      </trkpt>
      <trkpt lat="35.86617" lon="-78.40139">
        <ele>104.8</ele>
      </trkpt>
      <trkpt lat="35.86616" lon="-78.40139">
        <ele>104.8</ele>
      </trkpt>
      <trkpt lat="35.86606" lon="-78.40142">
        <ele>104.7</ele>
      </trkpt>
      <trkpt lat="35.86598" lon="-78.40144">
        <ele>104.6</ele>
      </trkpt>
      <trkpt lat="35.86595" lon="-78.40144">
        <ele>104.5</ele>
      </trkpt>
      <trkpt lat="35.86546" lon="-78.40152">
        <ele>101.9</ele>
      </trkpt>
      <trkpt lat="35.86545" lon="-78.40152">
        <ele>101.9</ele>
      </trkpt>
      <trkpt lat="35.86533" lon="-78.40154">
        <ele>101.7</ele>
      </trkpt>
      <trkpt lat="35.86527" lon="-78.40155">
        <ele>101.6</ele>
      </trkpt>
      <trkpt lat="35.8651" lon="-78.40157">
        <ele>101.3</ele>
      </trkpt>
      <trkpt lat="35.86509" lon="-78.40157">
        <ele>101.3</ele>
      </trkpt>
      <trkpt lat="35.86497" lon="-78.40159">
        <ele>101.2</ele>
      </trkpt>
      <trkpt lat="35.86491" lon="-78.4016">
        <ele>101.3</ele>
      </trkpt>
      <trkpt lat="35.86479" lon="-78.40161">
        <ele>101.4</ele>
      </trkpt>
      <trkpt lat="35.8646" lon="-78.40164">
        <ele>102.1</ele>
      </trkpt>
      <trkpt lat="35.86439" lon="-78.40167">
        <ele>102.9</ele>
      </trkpt>
      <trkpt lat="35.86437" lon="-78.40167">
        <ele>103.0</ele>
      </trkpt>
      <trkpt lat="35.86425" lon="-78.40169">
        <ele>103.7</ele>
      </trkpt>
      <trkpt lat="35.86421" lon="-78.40169">
        <ele>103.8</ele>
      </trkpt>
      <trkpt lat="35.86419" lon="-78.4017">
        <ele>103.8</ele>
      </trkpt>
      <trkpt lat="35.86402" lon="-78.40172">
        <ele>103.7</ele>
      </trkpt>
      <trkpt lat="35.86338" lon="-78.40182">
        <ele>101.7</ele>
      </trkpt>
      <trkpt lat="35.8633" lon="-78.40183">
        <ele>101.5</ele>
      </trkpt>
      <trkpt lat="35.86312" lon="-78.40185">
        <ele>101.3</ele>
      </trkpt>
      <trkpt lat="35.86277" lon="-78.40191">
        <ele>101.5</ele>
      </trkpt>
      <trkpt lat="35.86259" lon="-78.40193">
        <ele>101.5</ele>
      </trkpt>
      <trkpt lat="35.86235" lon="-78.40197">
        <ele>101.7</ele>
      </trkpt>
      <trkpt lat="35.86232" lon="-78.40197">
        <ele>101.7</ele>
      </trkpt>
      <trkpt lat="35.86143" lon="-78.4021">
        <ele>105.2</ele>
      </trkpt>
      <trkpt lat="35.86136" lon="-78.40211">
        <ele>105.4</ele>
      </trkpt>
      <trkpt lat="35.86134" lon="-78.40212">
        <ele>105.4</ele>
      </trkpt>
      <trkpt lat="35.86125" lon="-78.40213">
        <ele>105.7</ele>
      </trkpt>
      <trkpt lat="35.86116" lon="-78.40214">
        <ele>105.9</ele>
      </trkpt>
      <trkpt lat="35.861" lon="-78.40217">
        <ele>106.4</ele>
      </trkpt>
      <trkpt lat="35.86011" lon="-78.4023">
        <ele>107.9</ele>
      </trkpt>
      <trkpt lat="35.86006" lon="-78.40231">
        <ele>108.0</ele>
      </trkpt>
      <trkpt lat="35.86002" lon="-78.40231">
        <ele>108.0</ele>
      </trkpt>
      <trkpt lat="35.85958" lon="-78.40238">
        <ele>109.3</ele>
      </trkpt>
      <trkpt lat="35.85937" lon="-78.40241">
        <ele>109.6</ele>
      </trkpt>
      <trkpt lat="35.85932" lon="-78.40241">
        <ele>109.6</ele>
      </trkpt>
      <trkpt lat="35.85922" lon="-78.40243">
        <ele>109.6</ele>
      </trkpt>
      <trkpt lat="35.85887" lon="-78.40248">
        <ele>108.6</ele>
      </trkpt>
      <trkpt lat="35.85886" lon="-78.40248">
        <ele>108.5</ele>
      </trkpt>
      <trkpt lat="35.85823" lon="-78.40257">
        <ele>107.1</ele>
      </trkpt>
      <trkpt lat="35.85779" lon="-78.40264">
        <ele>106.1</ele>
      </trkpt>
      <trkpt lat="35.85768" lon="-78.40266">
        <ele>105.8</ele>
      </trkpt>
      <trkpt lat="35.85761" lon="-78.40267">
        <ele>105.6</ele>
      </trkpt>
      <trkpt lat="35.85744" lon="-78.4027">
        <ele>105.0</ele>
      </trkpt>
      <trkpt lat="35.85741" lon="-78.40272">
        <ele>105.0</ele>
      </trkpt>
      <trkpt lat="35.85738" lon="-78.40274">
        <ele>105.0</ele>
      </trkpt>
      <trkpt lat="35.85735" lon="-78.40276">
        <ele>105.0</ele>
      </trkpt>
      <trkpt lat="35.85726" lon="-78.40277">
        <ele>105.0</ele>
      </trkpt>
      <trkpt lat="35.85709" lon="-78.4028">
        <ele>105.0</ele>
      </trkpt>
      <trkpt lat="35.85706" lon="-78.40281">
        <ele>105.0</ele>
      </trkpt>
      <trkpt lat="35.85702" lon="-78.40281">
        <ele>105.1</ele>
      </trkpt>
      <trkpt lat="35.85689" lon="-78.40283">
        <ele>105.6</ele>
      </trkpt>
      <trkpt lat="35.85671" lon="-78.40287">
        <ele>106.2</ele>
      </trkpt>
      <trkpt lat="35.85664" lon="-78.40288">
        <ele>106.4</ele>
      </trkpt>
      <trkpt lat="35.85649" lon="-78.4029">
        <ele>106.9</ele>
      </trkpt>
      <trkpt lat="35.85637" lon="-78.40293">
        <ele>107.3</ele>
      </trkpt>
      <trkpt lat="35.85627" lon="-78.40295">
        <ele>107.4</ele>
      </trkpt>
      <trkpt lat="35.85618" lon="-78.40296">
        <ele>107.6</ele>
      </trkpt>
      <trkpt lat="35.85602" lon="-78.40298">
        <ele>107.9</ele>
      </trkpt>
      <trkpt lat="35.85597" lon="-78.40298">
        <ele>107.8</ele>
      </trkpt>
      <trkpt lat="35.85595" lon="-78.40299">
        <ele>107.8</ele>
      </trkpt>
      <trkpt lat="35.85567" lon="-78.40303">
        <ele>107.6</ele>
      </trkpt>
      <trkpt lat="35.85564" lon="-78.40303">
        <ele>107.6</ele>
      </trkpt>
      <trkpt lat="35.85498" lon="-78.40318">
        <ele>106.8</ele>
      </trkpt>
      <trkpt lat="35.8545" lon="-78.40328">
        <ele>106.4</ele>
      </trkpt>
      <trkpt lat="35.85443" lon="-78.40329">
        <ele>106.4</ele>
      </trkpt>
      <trkpt lat="35.85384" lon="-78.4034">
        <ele>107.2</ele>
      </trkpt>
      <trkpt lat="35.85345" lon="-78.40347">
        <ele>107.7</ele>
      </trkpt>
      <trkpt lat="35.85273" lon="-78.4036">
        <ele>108.4</ele>
      </trkpt>
      <trkpt lat="35.85255" lon="-78.40363">
        <ele>108.7</ele>
      </trkpt>
      <trkpt lat="35.85238" lon="-78.40366">
        <ele>108.9</ele>
      </trkpt>
      <trkpt lat="35.85237" lon="-78.40366">
        <ele>108.9</ele>
      </trkpt>
      <trkpt lat="35.85221" lon="-78.40369">
        <ele>109.0</ele>
      </trkpt>
      <trkpt lat="35.85219" lon="-78.40369">
        <ele>109.0</ele>
      </trkpt>
      <trkpt lat="35.85203" lon="-78.40372">
        <ele>109.0</ele>
      </trkpt>
      <trkpt lat="35.85201" lon="-78.40372">
        <ele>108.9</ele>
      </trkpt>
      <trkpt lat="35.85165" lon="-78.4038">
        <ele>107.9</ele>
      </trkpt>
      <trkpt lat="35.8513" lon="-78.40388">
        <ele>107.1</ele>
      </trkpt>
      <trkpt lat="35.85104" lon="-78.40394">
        <ele>106.7</ele>
      </trkpt>
      <trkpt lat="35.85095" lon="-78.40396">
        <ele>106.5</ele>
      </trkpt>
      <trkpt lat="35.85077" lon="-78.404">
        <ele>106.1</ele>
      </trkpt>
      <trkpt lat="35.85059" lon="-78.40404">
        <ele>105.6</ele>
      </trkpt>
      <trkpt lat="35.85024" lon="-78.40411">
        <ele>104.8</ele>
      </trkpt>
      <trkpt lat="35.84984" lon="-78.40417">
        <ele>104.1</ele>
      </trkpt>
      <trkpt lat="35.84971" lon="-78.40419">
        <ele>104.1</ele>
      </trkpt>
      <trkpt lat="35.8497" lon="-78.40419">
        <ele>104.1</ele>
      </trkpt>
      <trkpt lat="35.84952" lon="-78.4042">
        <ele>103.6</ele>
      </trkpt>
      <trkpt lat="35.84934" lon="-78.40422">
        <ele>103.2</ele>
      </trkpt>
      <trkpt lat="35.8493" lon="-78.40422">
        <ele>103.1</ele>
      </trkpt>
      <trkpt lat="35.84916" lon="-78.40423">
        <ele>102.7</ele>
      </trkpt>
      <trkpt lat="35.84903" lon="-78.40425">
        <ele>102.3</ele>
      </trkpt>
      <trkpt lat="35.84898" lon="-78.40425">
        <ele>102.3</ele>
      </trkpt>
      <trkpt lat="35.84862" lon="-78.40427">
        <ele>102.2</ele>
      </trkpt>
      <trkpt lat="35.84845" lon="-78.40429">
        <ele>102.1</ele>
      </trkpt>
      <trkpt lat="35.84791" lon="-78.40434">
        <ele>102.0</ele>
      </trkpt>
      <trkpt lat="35.84778" lon="-78.40435">
        <ele>101.7</ele>
      </trkpt>
      <trkpt lat="35.84737" lon="-78.40438">
        <ele>100.5</ele>
      </trkpt>
      <trkpt lat="35.84732" lon="-78.40439">
        <ele>100.7</ele>
      </trkpt>
      <trkpt lat="35.84727" lon="-78.40439">
        <ele>100.8</ele>
      </trkpt>
      <trkpt lat="35.84719" lon="-78.4044">
        <ele>100.9</ele>
      </trkpt>
      <trkpt lat="35.84683" lon="-78.40443">
        <ele>101.0</ele>
      </trkpt>
      <trkpt lat="35.84678" lon="-78.40443">
        <ele>101.1</ele>
      </trkpt>
      <trkpt lat="35.84657" lon="-78.40445">
        <ele>100.8</ele>
      </trkpt>
      <trkpt lat="35.84606" lon="-78.40449">
        <ele>102.8</ele>
      </trkpt>
      <trkpt lat="35.84593" lon="-78.4045">
        <ele>103.0</ele>
      </trkpt>
      <trkpt lat="35.84575" lon="-78.40451">
        <ele>103.1</ele>
      </trkpt>
      <trkpt lat="35.8457" lon="-78.40451">
        <ele>103.1</ele>
      </trkpt>
      <trkpt lat="35.84569" lon="-78.40451">
        <ele>103.1</ele>
      </trkpt>
      <trkpt lat="35.84568" lon="-78.40451">
        <ele>103.1</ele>
      </trkpt>
      <trkpt lat="35.84549" lon="-78.40453">
        <ele>103.2</ele>
      </trkpt>
      <trkpt lat="35.84545" lon="-78.40453">
        <ele>103.1</ele>
      </trkpt>
      <trkpt lat="35.84477" lon="-78.40457">
        <ele>102.9</ele>
      </trkpt>
      <trkpt lat="35.84462" lon="-78.40457">
        <ele>103.1</ele>
      </trkpt>
      <trkpt lat="35.84461" lon="-78.40457">
        <ele>103.1</ele>
      </trkpt>
      <trkpt lat="35.84459" lon="-78.40458">
        <ele>103.1</ele>
      </trkpt>
      <trkpt lat="35.8445" lon="-78.40458">
        <ele>103.2</ele>
      </trkpt>
      <trkpt lat="35.84444" lon="-78.40458">
        <ele>103.3</ele>
      </trkpt>
      <trkpt lat="35.84432" lon="-78.40459">
        <ele>103.9</ele>
      </trkpt>
      <trkpt lat="35.84426" lon="-78.40459">
        <ele>104.0</ele>
      </trkpt>
      <trkpt lat="35.84408" lon="-78.4046">
        <ele>104.3</ele>
      </trkpt>
      <trkpt lat="35.84407" lon="-78.4046">
        <ele>104.3</ele>
      </trkpt>
      <trkpt lat="35.84348" lon="-78.40464">
        <ele>105.9</ele>
      </trkpt>
      <trkpt lat="35.84288" lon="-78.40466">
        <ele>107.8</ele>
      </trkpt>
      <trkpt lat="35.84117" lon="-78.40474">
        <ele>110.7</ele>
      </trkpt>
      <trkpt lat="35.84096" lon="-78.40475">
        <ele>110.9</ele>
      </trkpt>
      <trkpt lat="35.84042" lon="-78.40477">
        <ele>111.4</ele>
      </trkpt>
      <trkpt lat="35.83945" lon="-78.40481">
        <ele>110.3</ele>
      </trkpt>
      <trkpt lat="35.83928" lon="-78.40482">
        <ele>110.6</ele>
      </trkpt>
      <trkpt lat="35.83902" lon="-78.40483">
        <ele>110.8</ele>
      </trkpt>
      <trkpt lat="35.83875" lon="-78.40483">
        <ele>111.2</ele>
      </trkpt>
      <trkpt lat="35.83862" lon="-78.40483">
        <ele>111.0</ele>
      </trkpt>
      <trkpt lat="35.83829" lon="-78.40482">
        <ele>110.2</ele>
      </trkpt>
      <trkpt lat="35.83814" lon="-78.4048">
        <ele>109.8</ele>
      </trkpt>
      <trkpt lat="35.838" lon="-78.40479">
        <ele>109.4</ele>
      </trkpt>
      <trkpt lat="35.83777" lon="-78.40477">
        <ele>109.6</ele>
      </trkpt>
      <trkpt lat="35.83744" lon="-78.40474">
        <ele>109.7</ele>
      </trkpt>
      <trkpt lat="35.83736" lon="-78.40473">
        <ele>109.6</ele>
      </trkpt>
      <trkpt lat="35.83711" lon="-78.4047">
        <ele>109.2</ele>
      </trkpt>
      <trkpt lat="35.83703" lon="-78.40469">
        <ele>109.2</ele>
      </trkpt>
      <trkpt lat="35.83699" lon="-78.40468">
        <ele>109.2</ele>
      </trkpt>
      <trkpt lat="35.83653" lon="-78.40463">
        <ele>109.7</ele>
      </trkpt>
      <trkpt lat="35.83642" lon="-78.40463">
        <ele>109.9</ele>
      </trkpt>
      <trkpt lat="35.83616" lon="-78.40461">
        <ele>110.1</ele>
      </trkpt>
      <trkpt lat="35.8361" lon="-78.40461">
        <ele>110.1</ele>
      </trkpt>
      <trkpt lat="35.83588" lon="-78.4046">
        <ele>109.6</ele>
      </trkpt>
      <trkpt lat="35.8357" lon="-78.40459">
        <ele>109.1</ele>
      </trkpt>
      <trkpt lat="35.8351" lon="-78.40461">
        <ele>109.1</ele>
      </trkpt>
      <trkpt lat="35.83434" lon="-78.40463">
        <ele>111.0</ele>
      </trkpt>
      <trkpt lat="35.8338" lon="-78.40464">
        <ele>111.3</ele>
      </trkpt>
      <trkpt lat="35.83319" lon="-78.40466">
        <ele>110.2</ele>
      </trkpt>
      <trkpt lat="35.833" lon="-78.40467">
        <ele>110.1</ele>
      </trkpt>
      <trkpt lat="35.83282" lon="-78.40467">
        <ele>110.0</ele>
      </trkpt>
      <trkpt lat="35.83202" lon="-78.40468">
        <ele>110.3</ele>
      </trkpt>
      <trkpt lat="35.83186" lon="-78.40468">
        <ele>110.4</ele>
      </trkpt>
      <trkpt lat="35.83161" lon="-78.40467">
        <ele>110.3</ele>
      </trkpt>
      <trkpt lat="35.83154" lon="-78.40466">
        <ele>110.2</ele>
      </trkpt>
      <trkpt lat="35.83138" lon="-78.40464">
        <ele>109.7</ele>
      </trkpt>
      <trkpt lat="35.83124" lon="-78.4046">
        <ele>109.4</ele>
      </trkpt>
      <trkpt lat="35.83114" lon="-78.40455">
        <ele>109.3</ele>
      </trkpt>
      <trkpt lat="35.83113" lon="-78.40455">
        <ele>109.3</ele>
      </trkpt>
      <trkpt lat="35.83104" lon="-78.40451">
        <ele>109.1</ele>
      </trkpt>
      <trkpt lat="35.83095" lon="-78.40445">
        <ele>109.1</ele>
      </trkpt>
      <trkpt lat="35.83079" lon="-78.40431">
        <ele>109.2</ele>
      </trkpt>
      <trkpt lat="35.83064" lon="-78.40411">
        <ele>109.7</ele>
      </trkpt>
      <trkpt lat="35.83061" lon="-78.40407">
        <ele>109.8</ele>
      </trkpt>
      <trkpt lat="35.83056" lon="-78.40399">
        <ele>110.0</ele>
      </trkpt>
      <trkpt lat="35.8305" lon="-78.40387">
        <ele>110.3</ele>
      </trkpt>
      <trkpt lat="35.83044" lon="-78.40374">
        <ele>110.8</ele>
      </trkpt>
      <trkpt lat="35.83041" lon="-78.40369">
        <ele>110.9</ele>
      </trkpt>
      <trkpt lat="35.83035" lon="-78.40355">
        <ele>111.3</ele>
      </trkpt>
      <trkpt lat="35.83034" lon="-78.40353">
        <ele>111.4</ele>
      </trkpt>
      <trkpt lat="35.83032" lon="-78.40349">
        <ele>111.5</ele>
      </trkpt>
      <trkpt lat="35.83024" lon="-78.40331">
        <ele>111.8</ele>
      </trkpt>
      <trkpt lat="35.83016" lon="-78.40311">
        <ele>111.9</ele>
      </trkpt>
      <trkpt lat="35.82993" lon="-78.40256">
        <ele>112.0</ele>
      </trkpt>
      <trkpt lat="35.82969" lon="-78.40199">
        <ele>111.5</ele>
      </trkpt>
      <trkpt lat="35.82963" lon="-78.40187">
        <ele>111.2</ele>
      </trkpt>
      <trkpt lat="35.82962" lon="-78.40185">
        <ele>111.1</ele>
      </trkpt>
      <trkpt lat="35.82962" lon="-78.40184">
        <ele>111.1</ele>
      </trkpt>
      <trkpt lat="35.82956" lon="-78.4017">
        <ele>110.9</ele>
      </trkpt>
      <trkpt lat="35.82949" lon="-78.40154">
        <ele>110.9</ele>
      </trkpt>
      <trkpt lat="35.82943" lon="-78.40141">
        <ele>110.9</ele>
      </trkpt>
      <trkpt lat="35.82938" lon="-78.40131">
        <ele>111.1</ele>
      </trkpt>
      <trkpt lat="35.82934" lon="-78.40124">
        <ele>111.1</ele>
      </trkpt>
      <trkpt lat="35.82932" lon="-78.40118">
        <ele>111.2</ele>
      </trkpt>
      <trkpt lat="35.8293" lon="-78.40116">
        <ele>111.3</ele>
      </trkpt>
      <trkpt lat="35.82922" lon="-78.40101">
        <ele>111.5</ele>
      </trkpt>
      <trkpt lat="35.82914" lon="-78.40089">
        <ele>111.7</ele>
      </trkpt>
      <trkpt lat="35.82913" lon="-78.40087">
        <ele>111.7</ele>
      </trkpt>
      <trkpt lat="35.82904" lon="-78.40075">
        <ele>111.9</ele>
      </trkpt>
      <trkpt lat="35.82896" lon="-78.40065">
        <ele>112.1</ele>
      </trkpt>
      <trkpt lat="35.82894" lon="-78.40063">
        <ele>112.0</ele>
      </trkpt>
      <trkpt lat="35.82892" lon="-78.4006">
        <ele>112.0</ele>
      </trkpt>
      <trkpt lat="35.82884" lon="-78.40051">
        <ele>111.8</ele>
      </trkpt>
      <trkpt lat="35.82882" lon="-78.40049">
        <ele>111.8</ele>
      </trkpt>
      <trkpt lat="35.82879" lon="-78.40046">
        <ele>111.7</ele>
      </trkpt>
      <trkpt lat="35.82878" lon="-78.40045">
        <ele>111.7</ele>
      </trkpt>
      <trkpt lat="35.82869" lon="-78.40037">
        <ele>111.5</ele>
      </trkpt>
      <trkpt lat="35.82861" lon="-78.4003">
        <ele>111.1</ele>
      </trkpt>
      <trkpt lat="35.82857" lon="-78.40026">
        <ele>111.0</ele>
      </trkpt>
      <trkpt lat="35.82849" lon="-78.4002">
        <ele>111.0</ele>
      </trkpt>
      <trkpt lat="35.82842" lon="-78.40015">
        <ele>110.9</ele>
      </trkpt>
      <trkpt lat="35.82827" lon="-78.40005">
        <ele>110.8</ele>
      </trkpt>
      <trkpt lat="35.82805" lon="-78.39991">
        <ele>110.5</ele>
      </trkpt>
      <trkpt lat="35.82787" lon="-78.39979">
        <ele>110.2</ele>
      </trkpt>
      <trkpt lat="35.82784" lon="-78.39978">
        <ele>110.2</ele>
      </trkpt>
      <trkpt lat="35.82769" lon="-78.39969">
        <ele>109.9</ele>
      </trkpt>
      <trkpt lat="35.82752" lon="-78.39958">
        <ele>109.4</ele>
      </trkpt>
      <trkpt lat="35.82737" lon="-78.39949">
        <ele>109.1</ele>
      </trkpt>
      <trkpt lat="35.82702" lon="-78.39929">
        <ele>108.5</ele>
      </trkpt>
      <trkpt lat="35.82672" lon="-78.39911">
        <ele>108.2</ele>
      </trkpt>
      <trkpt lat="35.82667" lon="-78.39908">
        <ele>108.1</ele>
      </trkpt>
      <trkpt lat="35.82637" lon="-78.3989">
        <ele>107.7</ele>
      </trkpt>
      <trkpt lat="35.82606" lon="-78.39871">
        <ele>107.3</ele>
      </trkpt>
      <trkpt lat="35.82594" lon="-78.39864">
        <ele>107.2</ele>
      </trkpt>
      <trkpt lat="35.82573" lon="-78.39852">
        <ele>107.0</ele>
      </trkpt>
      <trkpt lat="35.82556" lon="-78.39842">
        <ele>106.7</ele>
      </trkpt>
      <trkpt lat="35.82551" lon="-78.39839">
        <ele>106.6</ele>
      </trkpt>
      <trkpt lat="35.8254" lon="-78.39835">
        <ele>106.5</ele>
      </trkpt>
      <trkpt lat="35.82526" lon="-78.39829">
        <ele>106.5</ele>
      </trkpt>
      <trkpt lat="35.82514" lon="-78.39825">
        <ele>106.4</ele>
      </trkpt>
      <trkpt lat="35.82496" lon="-78.3982">
        <ele>106.4</ele>
      </trkpt>
      <trkpt lat="35.82485" lon="-78.39818">
        <ele>106.3</ele>
      </trkpt>
      <trkpt lat="35.82463" lon="-78.39814">
        <ele>106.2</ele>
      </trkpt>
      <trkpt lat="35.82455" lon="-78.39813">
        <ele>106.2</ele>
      </trkpt>
      <trkpt lat="35.82447" lon="-78.39812">
        <ele>106.1</ele>
      </trkpt>
      <trkpt lat="35.82442" lon="-78.39812">
        <ele>106.1</ele>
      </trkpt>
      <trkpt lat="35.82426" lon="-78.39811">
        <ele>105.9</ele>
      </trkpt>
      <trkpt lat="35.82417" lon="-78.39811">
        <ele>105.7</ele>
      </trkpt>
      <trkpt lat="35.8241" lon="-78.39811">
        <ele>105.5</ele>
      </trkpt>
      <trkpt lat="35.82398" lon="-78.3981">
        <ele>105.4</ele>
      </trkpt>
      <trkpt lat="35.82357" lon="-78.3981">
        <ele>104.7</ele>
      </trkpt>
      <trkpt lat="35.82298" lon="-78.3981">
        <ele>104.2</ele>
      </trkpt>
      <trkpt lat="35.82289" lon="-78.3981">
        <ele>104.1</ele>
      </trkpt>
      <trkpt lat="35.82275" lon="-78.3981">
        <ele>104.0</ele>
      </trkpt>
      <trkpt lat="35.82267" lon="-78.3981">
        <ele>104.0</ele>
      </trkpt>
      <trkpt lat="35.8226" lon="-78.3981">
        <ele>104.0</ele>
      </trkpt>
      <trkpt lat="35.82249" lon="-78.3981">
        <ele>104.1</ele>
      </trkpt>
      <trkpt lat="35.82235" lon="-78.3981">
        <ele>104.0</ele>
      </trkpt>
      <trkpt lat="35.82227" lon="-78.39809">
        <ele>104.0</ele>
      </trkpt>
      <trkpt lat="35.82213" lon="-78.39809">
        <ele>104.2</ele>
      </trkpt>
      <trkpt lat="35.82203" lon="-78.39809">
        <ele>104.5</ele>
      </trkpt>
      <trkpt lat="35.82199" lon="-78.39809">
        <ele>104.6</ele>
      </trkpt>
      <trkpt lat="35.82188" lon="-78.39809">
        <ele>104.9</ele>
      </trkpt>
      <trkpt lat="35.82147" lon="-78.3981">
        <ele>106.6</ele>
      </trkpt>
      <trkpt lat="35.82143" lon="-78.3981">
        <ele>106.8</ele>
      </trkpt>
      <trkpt lat="35.82142" lon="-78.3981">
        <ele>106.8</ele>
      </trkpt>
      <trkpt lat="35.82141" lon="-78.3981">
        <ele>106.9</ele>
      </trkpt>
      <trkpt lat="35.82134" lon="-78.3981">
        <ele>107.3</ele>
      </trkpt>
      <trkpt lat="35.82123" lon="-78.39811">
        <ele>108.0</ele>
      </trkpt>
      <trkpt lat="35.82121" lon="-78.39812">
        <ele>108.0</ele>
      </trkpt>
      <trkpt lat="35.82113" lon="-78.39813">
        <ele>108.2</ele>
      </trkpt>
      <trkpt lat="35.82107" lon="-78.39814">
        <ele>108.2</ele>
      </trkpt>
      <trkpt lat="35.82105" lon="-78.39814">
        <ele>108.2</ele>
      </trkpt>
      <trkpt lat="35.82102" lon="-78.39815">
        <ele>108.2</ele>
      </trkpt>
      <trkpt lat="35.82088" lon="-78.39819">
        <ele>108.1</ele>
      </trkpt>
      <trkpt lat="35.82074" lon="-78.39824">
        <ele>107.6</ele>
      </trkpt>
      <trkpt lat="35.8207" lon="-78.39825">
        <ele>107.5</ele>
      </trkpt>
      <trkpt lat="35.82068" lon="-78.39826">
        <ele>107.4</ele>
      </trkpt>
      <trkpt lat="35.82036" lon="-78.3984">
        <ele>105.7</ele>
      </trkpt>
      <trkpt lat="35.82004" lon="-78.39854">
        <ele>104.4</ele>
      </trkpt>
      <trkpt lat="35.82002" lon="-78.39855">
        <ele>104.4</ele>
      </trkpt>
      <trkpt lat="35.81986" lon="-78.39862">
        <ele>103.9</ele>
      </trkpt>
      <trkpt lat="35.81969" lon="-78.3987">
        <ele>103.7</ele>
      </trkpt>
      <trkpt lat="35.81953" lon="-78.39877">
        <ele>103.5</ele>
      </trkpt>
      <trkpt lat="35.81952" lon="-78.39878">
        <ele>103.5</ele>
      </trkpt>
      <trkpt lat="35.8192" lon="-78.39892">
        <ele>103.7</ele>
      </trkpt>
      <trkpt lat="35.81886" lon="-78.39907">
        <ele>104.6</ele>
      </trkpt>
      <trkpt lat="35.81867" lon="-78.39915">
        <ele>105.2</ele>
      </trkpt>
      <trkpt lat="35.81846" lon="-78.39924">
        <ele>106.0</ele>
      </trkpt>
      <trkpt lat="35.81832" lon="-78.3993">
        <ele>106.6</ele>
      </trkpt>
      <trkpt lat="35.81825" lon="-78.39933">
        <ele>106.9</ele>
      </trkpt>
      <trkpt lat="35.81814" lon="-78.39937">
        <ele>107.3</ele>
      </trkpt>
      <trkpt lat="35.81805" lon="-78.3994">
        <ele>107.5</ele>
      </trkpt>
      <trkpt lat="35.818" lon="-78.39941">
        <ele>107.6</ele>
      </trkpt>
      <trkpt lat="35.81783" lon="-78.39946">
        <ele>108.1</ele>
      </trkpt>
      <trkpt lat="35.81755" lon="-78.39954">
        <ele>109.1</ele>
      </trkpt>
      <trkpt lat="35.81755" lon="-78.39954">
        <ele>109.1</ele>
      </trkpt>
      <trkpt lat="35.81744" lon="-78.39996">
        <ele>108.6</ele>
      </trkpt>
      <trkpt lat="35.81744" lon="-78.39997">
        <ele>108.5</ele>
      </trkpt>
      <trkpt lat="35.81744" lon="-78.39998">
        <ele>108.4</ele>
      </trkpt>
      <trkpt lat="35.81734" lon="-78.40036">
        <ele>107.5</ele>
      </trkpt>
      <trkpt lat="35.81734" lon="-78.40038">
        <ele>107.3</ele>
      </trkpt>
      <trkpt lat="35.81729" lon="-78.40059">
        <ele>106.6</ele>
      </trkpt>
      <trkpt lat="35.81725" lon="-78.4008">
        <ele>105.9</ele>
      </trkpt>
      <trkpt lat="35.81724" lon="-78.40084">
        <ele>105.7</ele>
      </trkpt>
      <trkpt lat="35.81722" lon="-78.40096">
        <ele>105.1</ele>
      </trkpt>
      <trkpt lat="35.81721" lon="-78.40105">
        <ele>104.8</ele>
      </trkpt>
      <trkpt lat="35.8172" lon="-78.40111">
        <ele>104.7</ele>
      </trkpt>
      <trkpt lat="35.81719" lon="-78.40113">
        <ele>104.8</ele>
      </trkpt>
      <trkpt lat="35.81718" lon="-78.40121">
        <ele>104.7</ele>
      </trkpt>
      <trkpt lat="35.81718" lon="-78.4013">
        <ele>104.3</ele>
      </trkpt>
      <trkpt lat="35.81717" lon="-78.40134">
        <ele>104.2</ele>
      </trkpt>
      <trkpt lat="35.81716" lon="-78.40147">
        <ele>103.9</ele>
      </trkpt>
      <trkpt lat="35.81716" lon="-78.40149">
        <ele>103.9</ele>
      </trkpt>
      <trkpt lat="35.81716" lon="-78.40156">
        <ele>103.9</ele>
      </trkpt>
      <trkpt lat="35.81715" lon="-78.40166">
        <ele>103.9</ele>
      </trkpt>
      <trkpt lat="35.81715" lon="-78.40172">
        <ele>103.8</ele>
      </trkpt>
      <trkpt lat="35.81714" lon="-78.40186">
        <ele>103.7</ele>
      </trkpt>
      <trkpt lat="35.81714" lon="-78.40186">
        <ele>103.7</ele>
      </trkpt>
      <trkpt lat="35.81708" lon="-78.40349">
        <ele>103.7</ele>
      </trkpt>
      <trkpt lat="35.81708" lon="-78.40351">
        <ele>103.7</ele>
      </trkpt>
      <trkpt lat="35.81708" lon="-78.40355">
        <ele>103.6</ele>
      </trkpt>
      <trkpt lat="35.81708" lon="-78.40361">
        <ele>103.5</ele>
      </trkpt>
      <trkpt lat="35.81708" lon="-78.40371">
        <ele>103.3</ele>
      </trkpt>
      <trkpt lat="35.81707" lon="-78.40383">
        <ele>103.1</ele>
      </trkpt>
      <trkpt lat="35.81707" lon="-78.40393">
        <ele>102.9</ele>
      </trkpt>
      <trkpt lat="35.81707" lon="-78.40401">
        <ele>102.8</ele>
      </trkpt>
      <trkpt lat="35.81706" lon="-78.40435">
        <ele>102.6</ele>
      </trkpt>
      <trkpt lat="35.81705" lon="-78.40534">
        <ele>100.5</ele>
      </trkpt>
      <trkpt lat="35.81704" lon="-78.40571">
        <ele>100.2</ele>
      </trkpt>
      <trkpt lat="35.81704" lon="-78.4058">
        <ele>100.1</ele>
      </trkpt>
      <trkpt lat="35.81704" lon="-78.40601">
        <ele>100.0</ele>
      </trkpt>
      <trkpt lat="35.81704" lon="-78.40627">
        <ele>99.8</ele>
      </trkpt>
      <trkpt lat="35.81703" lon="-78.40643">
        <ele>99.8</ele>
      </trkpt>
      <trkpt lat="35.81703" lon="-78.40644">
        <ele>99.9</ele>
      </trkpt>
      <trkpt lat="35.81703" lon="-78.40664">
        <ele>100.0</ele>
      </trkpt>
      <trkpt lat="35.81703" lon="-78.40666">
        <ele>99.9</ele>
      </trkpt>
      <trkpt lat="35.81703" lon="-78.40681">
        <ele>99.9</ele>
      </trkpt>
      <trkpt lat="35.81702" lon="-78.40781">
        <ele>97.4</ele>
      </trkpt>
      <trkpt lat="35.817" lon="-78.40876">
        <ele>95.0</ele>
      </trkpt>
      <trkpt lat="35.817" lon="-78.4088">
        <ele>94.9</ele>
      </trkpt>
      <trkpt lat="35.817" lon="-78.40885">
        <ele>94.9</ele>
      </trkpt>
      <trkpt lat="35.817" lon="-78.40908">
        <ele>94.2</ele>
      </trkpt>
      <trkpt lat="35.817" lon="-78.40909">
        <ele>94.2</ele>
      </trkpt>
      <trkpt lat="35.81699" lon="-78.4093">
        <ele>93.8</ele>
      </trkpt>
      <trkpt lat="35.81699" lon="-78.40938">
        <ele>93.6</ele>
      </trkpt>
      <trkpt lat="35.81699" lon="-78.40956">
        <ele>93.4</ele>
      </trkpt>
      <trkpt lat="35.81698" lon="-78.40972">
        <ele>93.5</ele>
      </trkpt>
      <trkpt lat="35.81696" lon="-78.40998">
        <ele>93.0</ele>
      </trkpt>
      <trkpt lat="35.81694" lon="-78.41018">
        <ele>92.7</ele>
      </trkpt>
      <trkpt lat="35.81692" lon="-78.41035">
        <ele>92.6</ele>
      </trkpt>
      <trkpt lat="35.81692" lon="-78.4104">
        <ele>92.6</ele>
      </trkpt>
      <trkpt lat="35.8169" lon="-78.41057">
        <ele>92.6</ele>
      </trkpt>
      <trkpt lat="35.81689" lon="-78.41062">
        <ele>92.6</ele>
      </trkpt>
      <trkpt lat="35.81684" lon="-78.4111">
        <ele>91.7</ele>
      </trkpt>
      <trkpt lat="35.81681" lon="-78.41136">
        <ele>91.1</ele>
      </trkpt>
      <trkpt lat="35.81681" lon="-78.4115">
        <ele>90.7</ele>
      </trkpt>
      <trkpt lat="35.8168" lon="-78.41161">
        <ele>90.3</ele>
      </trkpt>
      <trkpt lat="35.81681" lon="-78.4118">
        <ele>89.8</ele>
      </trkpt>
      <trkpt lat="35.81681" lon="-78.41193">
        <ele>89.7</ele>
      </trkpt>
      <trkpt lat="35.81681" lon="-78.41207">
        <ele>89.5</ele>
      </trkpt>
      <trkpt lat="35.81682" lon="-78.41222">
        <ele>89.3</ele>
      </trkpt>
      <trkpt lat="35.81683" lon="-78.41239">
        <ele>88.7</ele>
      </trkpt>
      <trkpt lat="35.81685" lon="-78.4127">
        <ele>88.5</ele>
      </trkpt>
      <trkpt lat="35.81686" lon="-78.41282">
        <ele>88.4</ele>
      </trkpt>
      <trkpt lat="35.81687" lon="-78.41304">
        <ele>88.3</ele>
      </trkpt>
      <trkpt lat="35.81693" lon="-78.41399">
        <ele>87.8</ele>
      </trkpt>
      <trkpt lat="35.81694" lon="-78.41415">
        <ele>87.7</ele>
      </trkpt>
      <trkpt lat="35.81699" lon="-78.4149">
        <ele>89.7</ele>
      </trkpt>
      <trkpt lat="35.817" lon="-78.41508">
        <ele>90.1</ele>
      </trkpt>
      <trkpt lat="35.81701" lon="-78.41522">
        <ele>90.3</ele>
      </trkpt>
      <trkpt lat="35.81701" lon="-78.41544">
        <ele>90.9</ele>
      </trkpt>
      <trkpt lat="35.81701" lon="-78.41557">
        <ele>91.2</ele>
      </trkpt>
      <trkpt lat="35.81701" lon="-78.41566">
        <ele>91.3</ele>
      </trkpt>
      <trkpt lat="35.817" lon="-78.41575">
        <ele>91.5</ele>
      </trkpt>
      <trkpt lat="35.817" lon="-78.41582">
        <ele>91.6</ele>
      </trkpt>
      <trkpt lat="35.81699" lon="-78.41593">
        <ele>91.7</ele>
      </trkpt>
      <trkpt lat="35.81696" lon="-78.41611">
        <ele>92.0</ele>
      </trkpt>
      <trkpt lat="35.81686" lon="-78.41684">
        <ele>92.9</ele>
      </trkpt>
      <trkpt lat="35.81676" lon="-78.41749">
        <ele>93.6</ele>
      </trkpt>
      <trkpt lat="35.81672" lon="-78.4177">
        <ele>94.0</ele>
      </trkpt>
      <trkpt lat="35.81663" lon="-78.41836">
        <ele>94.9</ele>
      </trkpt>
      <trkpt lat="35.8166" lon="-78.41857">
        <ele>95.6</ele>
      </trkpt>
      <trkpt lat="35.81658" lon="-78.41871">
        <ele>96.0</ele>
      </trkpt>
      <trkpt lat="35.81655" lon="-78.41886">
        <ele>96.5</ele>
      </trkpt>
      <trkpt lat="35.81653" lon="-78.41902">
        <ele>97.4</ele>
      </trkpt>
      <trkpt lat="35.8165" lon="-78.41919">
        <ele>98.2</ele>
      </trkpt>
      <trkpt lat="35.81648" lon="-78.41929">
        <ele>98.7</ele>
      </trkpt>
      <trkpt lat="35.81648" lon="-78.41932">
        <ele>98.9</ele>
      </trkpt>
      <trkpt lat="35.81646" lon="-78.41944">
        <ele>99.3</ele>
      </trkpt>
      <trkpt lat="35.81641" lon="-78.41966">
        <ele>99.1</ele>
      </trkpt>
      <trkpt lat="35.81641" lon="-78.4197">
        <ele>99.1</ele>
      </trkpt>
      <trkpt lat="35.81636" lon="-78.41989">
        <ele>99.1</ele>
      </trkpt>
      <trkpt lat="35.81628" lon="-78.42027">
        <ele>99.4</ele>
      </trkpt>
      <trkpt lat="35.81624" lon="-78.42045">
        <ele>99.7</ele>
      </trkpt>
      <trkpt lat="35.81616" lon="-78.42075">
        <ele>100.1</ele>
      </trkpt>
      <trkpt lat="35.81578" lon="-78.42229">
        <ele>100.7</ele>
      </trkpt>
      <trkpt lat="35.81568" lon="-78.42266">
        <ele>100.9</ele>
      </trkpt>
      <trkpt lat="35.81565" lon="-78.42277">
        <ele>100.9</ele>
      </trkpt>
      <trkpt lat="35.81565" lon="-78.42278">
        <ele>100.9</ele>
      </trkpt>
      <trkpt lat="35.81535" lon="-78.42398">
        <ele>103.8</ele>
      </trkpt>
      <trkpt lat="35.81532" lon="-78.42414">
        <ele>104.1</ele>
      </trkpt>
      <trkpt lat="35.81529" lon="-78.42431">
        <ele>104.1</ele>
      </trkpt>
      <trkpt lat="35.81528" lon="-78.42442">
        <ele>104.3</ele>
      </trkpt>
      <trkpt lat="35.81528" lon="-78.42444">
        <ele>104.4</ele>
      </trkpt>
      <trkpt lat="35.81526" lon="-78.4246">
        <ele>104.8</ele>
      </trkpt>
      <trkpt lat="35.81525" lon="-78.42466">
        <ele>104.9</ele>
      </trkpt>
      <trkpt lat="35.81524" lon="-78.42479">
        <ele>105.1</ele>
      </trkpt>
      <trkpt lat="35.81523" lon="-78.4252">
        <ele>105.8</ele>
      </trkpt>
      <trkpt lat="35.81523" lon="-78.42529">
        <ele>105.9</ele>
      </trkpt>
      <trkpt lat="35.81522" lon="-78.42553">
        <ele>106.2</ele>
      </trkpt>
      <trkpt lat="35.81521" lon="-78.42561">
        <ele>106.3</ele>
      </trkpt>
      <trkpt lat="35.81519" lon="-78.42604">
        <ele>106.9</ele>
      </trkpt>
      <trkpt lat="35.81519" lon="-78.42613">
        <ele>107.0</ele>
      </trkpt>
      <trkpt lat="35.81519" lon="-78.42614">
        <ele>107.0</ele>
      </trkpt>
      <trkpt lat="35.81519" lon="-78.42619">
        <ele>107.2</ele>
      </trkpt>
      <trkpt lat="35.81518" lon="-78.42634">
        <ele>107.2</ele>
      </trkpt>
      <trkpt lat="35.81516" lon="-78.4268">
        <ele>106.2</ele>
      </trkpt>
      <trkpt lat="35.81511" lon="-78.42809">
        <ele>104.2</ele>
      </trkpt>
      <trkpt lat="35.81511" lon="-78.42833">
        <ele>103.7</ele>
      </trkpt>
      <trkpt lat="35.81508" lon="-78.429">
        <ele>102.3</ele>
      </trkpt>
      <trkpt lat="35.81508" lon="-78.429">
        <ele>102.3</ele>
      </trkpt>
      <trkpt lat="35.81496" lon="-78.42889">
        <ele>102.7</ele>
      </trkpt>
      <trkpt lat="35.81472" lon="-78.4287">
        <ele>104.0</ele>
      </trkpt>
      <trkpt lat="35.81461" lon="-78.42861">
        <ele>104.2</ele>
      </trkpt>
      <trkpt lat="35.81441" lon="-78.42845">
        <ele>104.7</ele>
      </trkpt>
      <trkpt lat="35.81416" lon="-78.42826">
        <ele>105.3</ele>
      </trkpt>
      <trkpt lat="35.81416" lon="-78.42826">
        <ele>105.3</ele>
      </trkpt>
      <trkpt lat="35.81409" lon="-78.4282">
        <ele>105.3</ele>
      </trkpt>
      <trkpt lat="35.81395" lon="-78.4281">
        <ele>105.4</ele>
      </trkpt>
      <trkpt lat="35.81383" lon="-78.428">
        <ele>105.4</ele>
      </trkpt>
      <trkpt lat="35.81368" lon="-78.42788">
        <ele>105.1</ele>
      </trkpt>
      <trkpt lat="35.81341" lon="-78.42765">
        <ele>104.1</ele>
      </trkpt>
      <trkpt lat="35.81321" lon="-78.4275">
        <ele>102.8</ele>
      </trkpt>
      <trkpt lat="35.81277" lon="-78.42713">
        <ele>101.1</ele>
      </trkpt>
      <trkpt lat="35.81264" lon="-78.42703">
        <ele>101.1</ele>
      </trkpt>
      <trkpt lat="35.8125" lon="-78.42691">
        <ele>101.3</ele>
      </trkpt>
      <trkpt lat="35.81238" lon="-78.42683">
        <ele>101.4</ele>
      </trkpt>
      <trkpt lat="35.81218" lon="-78.42668">
        <ele>101.7</ele>
      </trkpt>
      <trkpt lat="35.81214" lon="-78.42664">
        <ele>101.8</ele>
      </trkpt>
      <trkpt lat="35.8119" lon="-78.42646">
        <ele>102.1</ele>
      </trkpt>
      <trkpt lat="35.81168" lon="-78.42628">
        <ele>102.8</ele>
      </trkpt>
      <trkpt lat="35.81137" lon="-78.42602">
        <ele>104.6</ele>
      </trkpt>
      <trkpt lat="35.8112" lon="-78.42587">
        <ele>105.5</ele>
      </trkpt>
      <trkpt lat="35.81109" lon="-78.42579">
        <ele>104.9</ele>
      </trkpt>
      <trkpt lat="35.81105" lon="-78.42575">
        <ele>104.7</ele>
      </trkpt>
      <trkpt lat="35.81081" lon="-78.42557">
        <ele>104.9</ele>
      </trkpt>
      <trkpt lat="35.81069" lon="-78.42547">
        <ele>104.7</ele>
      </trkpt>
      <trkpt lat="35.81065" lon="-78.42544">
        <ele>104.7</ele>
      </trkpt>
      <trkpt lat="35.81037" lon="-78.42522">
        <ele>102.8</ele>
      </trkpt>
      <trkpt lat="35.81033" lon="-78.4252">
        <ele>102.5</ele>
      </trkpt>
      <trkpt lat="35.81029" lon="-78.42516">
        <ele>102.3</ele>
      </trkpt>
      <trkpt lat="35.80999" lon="-78.42492">
        <ele>101.0</ele>
      </trkpt>
      <trkpt lat="35.80972" lon="-78.4247">
        <ele>99.8</ele>
      </trkpt>
      <trkpt lat="35.80922" lon="-78.42425">
        <ele>100.8</ele>
      </trkpt>
      <trkpt lat="35.80834" lon="-78.42351">
        <ele>100.8</ele>
      </trkpt>
      <trkpt lat="35.80831" lon="-78.42351">
        <ele>101.7</ele>
      </trkpt>
      <trkpt lat="35.8083" lon="-78.42351">
        <ele>102.1</ele>
      </trkpt>
      <trkpt lat="35.80828" lon="-78.42351">
        <ele>102.8</ele>
      </trkpt>
      <trkpt lat="35.80819" lon="-78.42347">
        <ele>104.7</ele>
      </trkpt>
      <trkpt lat="35.80814" lon="-78.42343">
        <ele>105.0</ele>
      </trkpt>
      <trkpt lat="35.80801" lon="-78.42333">
        <ele>103.7</ele>
      </trkpt>
      <trkpt lat="35.80787" lon="-78.42322">
        <ele>104.9</ele>
      </trkpt>
      <trkpt lat="35.80758" lon="-78.42296">
        <ele>106.6</ele>
      </trkpt>
      <trkpt lat="35.80747" lon="-78.42286">
        <ele>106.7</ele>
      </trkpt>
      <trkpt lat="35.80726" lon="-78.42269">
        <ele>106.5</ele>
      </trkpt>
      <trkpt lat="35.80717" lon="-78.42262">
        <ele>106.5</ele>
      </trkpt>
      <trkpt lat="35.80711" lon="-78.42257">
        <ele>106.4</ele>
      </trkpt>
      <trkpt lat="35.80708" lon="-78.42254">
        <ele>106.4</ele>
      </trkpt>
      <trkpt lat="35.80692" lon="-78.42242">
        <ele>106.3</ele>
      </trkpt>
      <trkpt lat="35.80689" lon="-78.4224">
        <ele>106.3</ele>
      </trkpt>
      <trkpt lat="35.80685" lon="-78.42237">
        <ele>106.3</ele>
      </trkpt>
      <trkpt lat="35.80684" lon="-78.42236">
        <ele>106.3</ele>
      </trkpt>
      <trkpt lat="35.80676" lon="-78.42229">
        <ele>106.2</ele>
      </trkpt>
      <trkpt lat="35.80668" lon="-78.42223">
        <ele>106.2</ele>
      </trkpt>
      <trkpt lat="35.80646" lon="-78.42205">
        <ele>106.1</ele>
      </trkpt>
      <trkpt lat="35.80625" lon="-78.42187">
        <ele>106.0</ele>
      </trkpt>
      <trkpt lat="35.80608" lon="-78.42174">
        <ele>105.0</ele>
      </trkpt>
      <trkpt lat="35.80578" lon="-78.4215">
        <ele>104.3</ele>
      </trkpt>
      <trkpt lat="35.80569" lon="-78.42142">
        <ele>104.3</ele>
      </trkpt>
      <trkpt lat="35.80561" lon="-78.42134">
        <ele>104.2</ele>
      </trkpt>
      <trkpt lat="35.80555" lon="-78.42123">
        <ele>104.1</ele>
      </trkpt>
      <trkpt lat="35.8054" lon="-78.42111">
        <ele>104.0</ele>
      </trkpt>
      <trkpt lat="35.80529" lon="-78.42101">
        <ele>103.6</ele>
      </trkpt>
      <trkpt lat="35.80485" lon="-78.42067">
        <ele>102.1</ele>
      </trkpt>
      <trkpt lat="35.80461" lon="-78.42046">
        <ele>100.7</ele>
      </trkpt>
      <trkpt lat="35.80453" lon="-78.4204">
        <ele>100.4</ele>
      </trkpt>
      <trkpt lat="35.80437" lon="-78.42027">
        <ele>100.7</ele>
      </trkpt>
      <trkpt lat="35.80425" lon="-78.42017">
        <ele>100.9</ele>
      </trkpt>
      <trkpt lat="35.8039" lon="-78.41989">
        <ele>100.2</ele>
      </trkpt>
      <trkpt lat="35.80382" lon="-78.41982">
        <ele>99.7</ele>
      </trkpt>
      <trkpt lat="35.80359" lon="-78.41965">
        <ele>98.3</ele>
      </trkpt>
      <trkpt lat="35.80318" lon="-78.4194">
        <ele>96.5</ele>
      </trkpt>
      <trkpt lat="35.80297" lon="-78.41926">
        <ele>96.8</ele>
      </trkpt>
      <trkpt lat="35.80297" lon="-78.41926">
        <ele>96.8</ele>
      </trkpt>
      <trkpt lat="35.80278" lon="-78.41907">
        <ele>97.0</ele>
      </trkpt>
      <trkpt lat="35.80269" lon="-78.41894">
        <ele>96.9</ele>
      </trkpt>
      <trkpt lat="35.80262" lon="-78.41882">
        <ele>97.0</ele>
      </trkpt>
      <trkpt lat="35.80257" lon="-78.41873">
        <ele>96.9</ele>
      </trkpt>
      <trkpt lat="35.80255" lon="-78.41868">
        <ele>96.9</ele>
      </trkpt>
      <trkpt lat="35.80254" lon="-78.41865">
        <ele>96.9</ele>
      </trkpt>
      <trkpt lat="35.80243" lon="-78.41837">
        <ele>96.8</ele>
      </trkpt>
      <trkpt lat="35.8024" lon="-78.41827">
        <ele>96.8</ele>
      </trkpt>
      <trkpt lat="35.80233" lon="-78.41807">
        <ele>96.8</ele>
      </trkpt>
      <trkpt lat="35.80224" lon="-78.41777">
        <ele>97.0</ele>
      </trkpt>
      <trkpt lat="35.80216" lon="-78.41754">
        <ele>97.1</ele>
      </trkpt>
      <trkpt lat="35.80212" lon="-78.41743">
        <ele>97.2</ele>
      </trkpt>
      <trkpt lat="35.80211" lon="-78.41739">
        <ele>97.2</ele>
      </trkpt>
      <trkpt lat="35.80211" lon="-78.41739">
        <ele>97.2</ele>
      </trkpt>
      <trkpt lat="35.80201" lon="-78.41707">
        <ele>96.6</ele>
      </trkpt>
      <trkpt lat="35.80193" lon="-78.41684">
        <ele>96.6</ele>
      </trkpt>
      <trkpt lat="35.80189" lon="-78.41672">
        <ele>96.7</ele>
      </trkpt>
      <trkpt lat="35.80183" lon="-78.41655">
        <ele>96.9</ele>
      </trkpt>
      <trkpt lat="35.80183" lon="-78.41654">
        <ele>96.9</ele>
      </trkpt>
      <trkpt lat="35.80182" lon="-78.41651">
        <ele>96.9</ele>
      </trkpt>
      <trkpt lat="35.80172" lon="-78.41621">
        <ele>96.4</ele>
      </trkpt>
      <trkpt lat="35.80162" lon="-78.41593">
        <ele>95.8</ele>
      </trkpt>
      <trkpt lat="35.80152" lon="-78.41562">
        <ele>95.1</ele>
      </trkpt>
      <trkpt lat="35.80148" lon="-78.4155">
        <ele>95.0</ele>
      </trkpt>
      <trkpt lat="35.80142" lon="-78.41535">
        <ele>95.0</ele>
      </trkpt>
      <trkpt lat="35.80134" lon="-78.41518">
        <ele>94.5</ele>
      </trkpt>
      <trkpt lat="35.80116" lon="-78.41504">
        <ele>93.6</ele>
      </trkpt>
      <trkpt lat="35.80095" lon="-78.41487">
        <ele>93.1</ele>
      </trkpt>
      <trkpt lat="35.80088" lon="-78.41482">
        <ele>93.3</ele>
      </trkpt>
      <trkpt lat="35.80074" lon="-78.41471">
        <ele>93.5</ele>
      </trkpt>
      <trkpt lat="35.80045" lon="-78.4145">
        <ele>94.0</ele>
      </trkpt>
      <trkpt lat="35.80019" lon="-78.4143">
        <ele>94.4</ele>
      </trkpt>
      <trkpt lat="35.80016" lon="-78.41428">
        <ele>94.5</ele>
      </trkpt>
      <trkpt lat="35.79998" lon="-78.41414">
        <ele>95.0</ele>
      </trkpt>
      <trkpt lat="35.79998" lon="-78.41414">
        <ele>95.0</ele>
      </trkpt>
      <trkpt lat="35.79943" lon="-78.41372">
        <ele>97.1</ele>
      </trkpt>
      <trkpt lat="35.79892" lon="-78.41333">
        <ele>98.1</ele>
      </trkpt>
      <trkpt lat="35.79889" lon="-78.4133">
        <ele>98.0</ele>
      </trkpt>
      <trkpt lat="35.79862" lon="-78.41309">
        <ele>98.0</ele>
      </trkpt>
      <trkpt lat="35.79832" lon="-78.41285">
        <ele>98.4</ele>
      </trkpt>
      <trkpt lat="35.79828" lon="-78.41283">
        <ele>98.5</ele>
      </trkpt>
      <trkpt lat="35.79816" lon="-78.41273">
        <ele>98.7</ele>
      </trkpt>
      <trkpt lat="35.79813" lon="-78.4127">
        <ele>98.8</ele>
      </trkpt>
      <trkpt lat="35.79801" lon="-78.41261">
        <ele>98.7</ele>
      </trkpt>
      <trkpt lat="35.79768" lon="-78.41235">
        <ele>98.3</ele>
      </trkpt>
      <trkpt lat="35.79764" lon="-78.41232">
        <ele>98.2</ele>
      </trkpt>
      <trkpt lat="35.7976" lon="-78.41229">
        <ele>98.2</ele>
      </trkpt>
      <trkpt lat="35.79756" lon="-78.41226">
        <ele>97.9</ele>
      </trkpt>
      <trkpt lat="35.79748" lon="-78.41219">
        <ele>97.6</ele>
      </trkpt>
      <trkpt lat="35.7974" lon="-78.41214">
        <ele>96.9</ele>
      </trkpt>
      <trkpt lat="35.79725" lon="-78.41202">
        <ele>95.3</ele>
      </trkpt>
      <trkpt lat="35.79715" lon="-78.41194">
        <ele>94.4</ele>
      </trkpt>
      <trkpt lat="35.7971" lon="-78.4119">
        <ele>94.8</ele>
      </trkpt>
      <trkpt lat="35.79699" lon="-78.41182">
        <ele>95.5</ele>
      </trkpt>
      <trkpt lat="35.79684" lon="-78.4117">
        <ele>95.9</ele>
      </trkpt>
      <trkpt lat="35.7968" lon="-78.41166">
        <ele>96.0</ele>
      </trkpt>
      <trkpt lat="35.79675" lon="-78.41162">
        <ele>96.1</ele>
      </trkpt>
      <trkpt lat="35.79669" lon="-78.41158">
        <ele>96.2</ele>
      </trkpt>
      <trkpt lat="35.79665" lon="-78.41154">
        <ele>96.3</ele>
      </trkpt>
      <trkpt lat="35.79664" lon="-78.41154">
        <ele>96.4</ele>
      </trkpt>
      <trkpt lat="35.79638" lon="-78.41133">
        <ele>97.0</ele>
      </trkpt>
      <trkpt lat="35.79635" lon="-78.41132">
        <ele>97.1</ele>
      </trkpt>
      <trkpt lat="35.79618" lon="-78.41119">
        <ele>97.7</ele>
      </trkpt>
      <trkpt lat="35.79593" lon="-78.411">
        <ele>99.2</ele>
      </trkpt>
      <trkpt lat="35.79586" lon="-78.41095">
        <ele>99.8</ele>
      </trkpt>
      <trkpt lat="35.79581" lon="-78.41091">
        <ele>100.2</ele>
      </trkpt>
      <trkpt lat="35.79572" lon="-78.41085">
        <ele>100.8</ele>
      </trkpt>
      <trkpt lat="35.79565" lon="-78.41079">
        <ele>101.4</ele>
      </trkpt>
      <trkpt lat="35.79554" lon="-78.41071">
        <ele>102.2</ele>
      </trkpt>
      <trkpt lat="35.79534" lon="-78.41056">
        <ele>103.1</ele>
      </trkpt>
      <trkpt lat="35.79504" lon="-78.41032">
        <ele>102.3</ele>
      </trkpt>
      <trkpt lat="35.7948" lon="-78.41014">
        <ele>101.1</ele>
      </trkpt>
      <trkpt lat="35.79458" lon="-78.40997">
        <ele>100.3</ele>
      </trkpt>
      <trkpt lat="35.79435" lon="-78.4098">
        <ele>99.6</ele>
      </trkpt>
      <trkpt lat="35.79411" lon="-78.40962">
        <ele>99.0</ele>
      </trkpt>
      <trkpt lat="35.79386" lon="-78.40943">
        <ele>98.3</ele>
      </trkpt>
      <trkpt lat="35.79373" lon="-78.40933">
        <ele>98.0</ele>
      </trkpt>
      <trkpt lat="35.79367" lon="-78.40928">
        <ele>97.9</ele>
      </trkpt>
      <trkpt lat="35.7934" lon="-78.40909">
        <ele>97.6</ele>
      </trkpt>
      <trkpt lat="35.79317" lon="-78.40891">
        <ele>97.5</ele>
      </trkpt>
      <trkpt lat="35.79304" lon="-78.40881">
        <ele>97.4</ele>
      </trkpt>
      <trkpt lat="35.79259" lon="-78.40847">
        <ele>96.0</ele>
      </trkpt>
      <trkpt lat="35.79255" lon="-78.40844">
        <ele>95.8</ele>
      </trkpt>
      <trkpt lat="35.79246" lon="-78.40836">
        <ele>95.3</ele>
      </trkpt>
      <trkpt lat="35.79236" lon="-78.40829">
        <ele>94.8</ele>
      </trkpt>
      <trkpt lat="35.79228" lon="-78.40823">
        <ele>94.5</ele>
      </trkpt>
      <trkpt lat="35.79225" lon="-78.40821">
        <ele>94.4</ele>
      </trkpt>
      <trkpt lat="35.79222" lon="-78.40819">
        <ele>94.3</ele>
      </trkpt>
      <trkpt lat="35.79217" lon="-78.40816">
        <ele>94.5</ele>
      </trkpt>
      <trkpt lat="35.79204" lon="-78.40808">
        <ele>94.6</ele>
      </trkpt>
      <trkpt lat="35.79201" lon="-78.40807">
        <ele>94.6</ele>
      </trkpt>
      <trkpt lat="35.79198" lon="-78.40806">
        <ele>94.5</ele>
      </trkpt>
      <trkpt lat="35.79192" lon="-78.40805">
        <ele>94.6</ele>
      </trkpt>
      <trkpt lat="35.79188" lon="-78.40805">
        <ele>94.7</ele>
      </trkpt>
      <trkpt lat="35.79184" lon="-78.40805">
        <ele>94.9</ele>
      </trkpt>
      <trkpt lat="35.79172" lon="-78.40805">
        <ele>95.2</ele>
      </trkpt>
      <trkpt lat="35.79163" lon="-78.40805">
        <ele>95.4</ele>
      </trkpt>
      <trkpt lat="35.79158" lon="-78.40805">
        <ele>95.6</ele>
      </trkpt>
      <trkpt lat="35.79158" lon="-78.40805">
        <ele>95.6</ele>
      </trkpt>
      <trkpt lat="35.79154" lon="-78.40806">
        <ele>95.8</ele>
      </trkpt>
      <trkpt lat="35.79152" lon="-78.40806">
        <ele>95.8</ele>
      </trkpt>
      <trkpt lat="35.79117" lon="-78.40808">
        <ele>96.4</ele>
      </trkpt>
      <trkpt lat="35.79117" lon="-78.40808">
        <ele>96.4</ele>
      </trkpt>
      <trkpt lat="35.79117" lon="-78.40834">
        <ele>96.1</ele>
      </trkpt>
      <trkpt lat="35.79118" lon="-78.40837">
        <ele>96.1</ele>
      </trkpt>
      <trkpt lat="35.7912" lon="-78.409">
        <ele>97.5</ele>
      </trkpt>
      <trkpt lat="35.7912" lon="-78.409">
        <ele>97.5</ele>
      </trkpt>
      <trkpt lat="35.7912" lon="-78.40901">
        <ele>97.5</ele>
      </trkpt>
      <trkpt lat="35.7912" lon="-78.40904">
        <ele>97.6</ele>
      </trkpt>
      <trkpt lat="35.79122" lon="-78.4097">
        <ele>96.4</ele>
      </trkpt>
      <trkpt lat="35.79123" lon="-78.41011">
        <ele>96.4</ele>
      </trkpt>
      <trkpt lat="35.79124" lon="-78.41037">
        <ele>96.7</ele>
      </trkpt>
      <trkpt lat="35.79125" lon="-78.41058">
        <ele>96.9</ele>
      </trkpt>
      <trkpt lat="35.79128" lon="-78.41146">
        <ele>99.4</ele>
      </trkpt>
      <trkpt lat="35.79128" lon="-78.41163">
        <ele>99.7</ele>
      </trkpt>
      <trkpt lat="35.79129" lon="-78.41176">
        <ele>100.1</ele>
      </trkpt>
      <trkpt lat="35.79131" lon="-78.41182">
        <ele>100.2</ele>
      </trkpt>
      <trkpt lat="35.79135" lon="-78.4119">
        <ele>100.4</ele>
      </trkpt>
      <trkpt lat="35.79139" lon="-78.41194">
        <ele>100.6</ele>
      </trkpt>
      <trkpt lat="35.79144" lon="-78.41197">
        <ele>100.8</ele>
      </trkpt>
      <trkpt lat="35.7915" lon="-78.41197">
        <ele>100.9</ele>
      </trkpt>
      <trkpt lat="35.79173" lon="-78.41198">
        <ele>100.9</ele>
      </trkpt>
      <trkpt lat="35.79209" lon="-78.41198">
        <ele>100.2</ele>
      </trkpt>
      <trkpt lat="35.79217" lon="-78.412">
        <ele>100.1</ele>
      </trkpt>
      <trkpt lat="35.7922" lon="-78.41201">
        <ele>100.2</ele>
      </trkpt>
      <trkpt lat="35.79222" lon="-78.41202">
        <ele>100.2</ele>
      </trkpt>
      <trkpt lat="35.79224" lon="-78.41204">
        <ele>100.3</ele>
      </trkpt>
      <trkpt lat="35.79225" lon="-78.41205">
        <ele>100.2</ele>
      </trkpt>
      <trkpt lat="35.79228" lon="-78.4121">
        <ele>100.0</ele>
      </trkpt>
      <trkpt lat="35.79229" lon="-78.41213">
        <ele>99.9</ele>
      </trkpt>
      <trkpt lat="35.79229" lon="-78.41217">
        <ele>99.9</ele>
      </trkpt>
      <trkpt lat="35.7923" lon="-78.41221">
        <ele>99.8</ele>
      </trkpt>
      <trkpt lat="35.7923" lon="-78.41225">
        <ele>99.8</ele>
      </trkpt>
      <trkpt lat="35.79231" lon="-78.41233">
        <ele>99.8</ele>
      </trkpt>
      <trkpt lat="35.79232" lon="-78.41254">
        <ele>99.9</ele>
      </trkpt>
      <trkpt lat="35.79232" lon="-78.41258">
        <ele>99.9</ele>
      </trkpt>
      <trkpt lat="35.79232" lon="-78.41263">
        <ele>100.0</ele>
      </trkpt>
      <trkpt lat="35.79232" lon="-78.4128">
        <ele>100.2</ele>
      </trkpt>
      <trkpt lat="35.79233" lon="-78.41283">
        <ele>100.2</ele>
      </trkpt>
      <trkpt lat="35.79233" lon="-78.41302">
        <ele>100.6</ele>
      </trkpt>
      <trkpt lat="35.79234" lon="-78.41323">
        <ele>100.9</ele>
      </trkpt>
      <trkpt lat="35.79234" lon="-78.41324">
        <ele>100.9</ele>
      </trkpt>
      <trkpt lat="35.79235" lon="-78.41344">
        <ele>101.1</ele>
      </trkpt>
      <trkpt lat="35.79235" lon="-78.41347">
        <ele>101.1</ele>
      </trkpt>
      <trkpt lat="35.79236" lon="-78.41369">
        <ele>100.9</ele>
      </trkpt>
      <trkpt lat="35.79238" lon="-78.41418">
        <ele>100.1</ele>
      </trkpt>
      <trkpt lat="35.79239" lon="-78.41435">
        <ele>99.7</ele>
      </trkpt>
      <trkpt lat="35.79241" lon="-78.41479">
        <ele>99.1</ele>
      </trkpt>
      <trkpt lat="35.79242" lon="-78.41488">
        <ele>99.0</ele>
      </trkpt>
      <trkpt lat="35.79242" lon="-78.415">
        <ele>98.7</ele>
      </trkpt>
      <trkpt lat="35.79243" lon="-78.41511">
        <ele>98.6</ele>
      </trkpt>
      <trkpt lat="35.79243" lon="-78.41519">
        <ele>98.5</ele>
      </trkpt>
      <trkpt lat="35.79243" lon="-78.41525">
        <ele>98.3</ele>
      </trkpt>
      <trkpt lat="35.79244" lon="-78.41532">
        <ele>98.3</ele>
      </trkpt>
      <trkpt lat="35.79244" lon="-78.4154">
        <ele>98.3</ele>
      </trkpt>
      <trkpt lat="35.79244" lon="-78.41543">
        <ele>98.2</ele>
      </trkpt>
      <trkpt lat="35.79244" lon="-78.41546">
        <ele>98.2</ele>
      </trkpt>
      <trkpt lat="35.79245" lon="-78.41562">
        <ele>98.1</ele>
      </trkpt>
      <trkpt lat="35.79246" lon="-78.41575">
        <ele>97.9</ele>
      </trkpt>
      <trkpt lat="35.79246" lon="-78.41581">
        <ele>97.8</ele>
      </trkpt>
      <trkpt lat="35.79246" lon="-78.41586">
        <ele>97.8</ele>
      </trkpt>
      <trkpt lat="35.79246" lon="-78.4159">
        <ele>97.7</ele>
      </trkpt>
      <trkpt lat="35.79246" lon="-78.41591">
        <ele>97.7</ele>
      </trkpt>
      <trkpt lat="35.79247" lon="-78.41597">
        <ele>97.7</ele>
      </trkpt>
      <trkpt lat="35.79247" lon="-78.41606">
        <ele>97.9</ele>
      </trkpt>
      <trkpt lat="35.79248" lon="-78.41626">
        <ele>98.4</ele>
      </trkpt>
      <trkpt lat="35.79249" lon="-78.41641">
        <ele>98.9</ele>
      </trkpt>
      <trkpt lat="35.79249" lon="-78.41646">
        <ele>99.1</ele>
      </trkpt>
      <trkpt lat="35.79249" lon="-78.41648">
        <ele>99.1</ele>
      </trkpt>
      <trkpt lat="35.7925" lon="-78.41658">
        <ele>99.6</ele>
      </trkpt>
      <trkpt lat="35.79251" lon="-78.41682">
        <ele>100.4</ele>
      </trkpt>
      <trkpt lat="35.79251" lon="-78.417">
        <ele>100.9</ele>
      </trkpt>
      <trkpt lat="35.79251" lon="-78.41701">
        <ele>100.9</ele>
      </trkpt>
      <trkpt lat="35.79252" lon="-78.41707">
        <ele>101.2</ele>
      </trkpt>
      <trkpt lat="35.79252" lon="-78.41714">
        <ele>101.4</ele>
      </trkpt>
      <trkpt lat="35.79252" lon="-78.41717">
        <ele>101.4</ele>
      </trkpt>
      <trkpt lat="35.79252" lon="-78.41718">
        <ele>101.4</ele>
      </trkpt>
      <trkpt lat="35.79252" lon="-78.41723">
        <ele>101.5</ele>
      </trkpt>
      <trkpt lat="35.79252" lon="-78.41724">
        <ele>101.5</ele>
      </trkpt>
      <trkpt lat="35.79252" lon="-78.41734">
        <ele>101.6</ele>
      </trkpt>
      <trkpt lat="35.79252" lon="-78.41746">
        <ele>101.7</ele>
      </trkpt>
      <trkpt lat="35.79252" lon="-78.41748">
        <ele>101.7</ele>
      </trkpt>
      <trkpt lat="35.79252" lon="-78.41752">
        <ele>101.8</ele>
      </trkpt>
      <trkpt lat="35.79252" lon="-78.41758">
        <ele>101.8</ele>
      </trkpt>
      <trkpt lat="35.79251" lon="-78.41763">
        <ele>101.7</ele>
      </trkpt>
      <trkpt lat="35.79251" lon="-78.41764">
        <ele>101.7</ele>
      </trkpt>
      <trkpt lat="35.79251" lon="-78.41767">
        <ele>101.6</ele>
      </trkpt>
      <trkpt lat="35.79251" lon="-78.41768">
        <ele>101.6</ele>
      </trkpt>
      <trkpt lat="35.79251" lon="-78.41773">
        <ele>101.5</ele>
      </trkpt>
      <trkpt lat="35.7925" lon="-78.41775">
        <ele>101.5</ele>
      </trkpt>
      <trkpt lat="35.7925" lon="-78.41782">
        <ele>101.3</ele>
      </trkpt>
      <trkpt lat="35.79249" lon="-78.41784">
        <ele>101.2</ele>
      </trkpt>
      <trkpt lat="35.79249" lon="-78.41788">
        <ele>101.1</ele>
      </trkpt>
      <trkpt lat="35.79249" lon="-78.41792">
        <ele>101.0</ele>
      </trkpt>
      <trkpt lat="35.79248" lon="-78.418">
        <ele>100.7</ele>
      </trkpt>
      <trkpt lat="35.79247" lon="-78.41806">
        <ele>100.6</ele>
      </trkpt>
      <trkpt lat="35.79246" lon="-78.41812">
        <ele>100.4</ele>
      </trkpt>
      <trkpt lat="35.79246" lon="-78.41813">
        <ele>100.3</ele>
      </trkpt>
      <trkpt lat="35.79246" lon="-78.41818">
        <ele>100.2</ele>
      </trkpt>
      <trkpt lat="35.79245" lon="-78.41824">
        <ele>100.0</ele>
      </trkpt>
      <trkpt lat="35.79244" lon="-78.41829">
        <ele>99.9</ele>
      </trkpt>
      <trkpt lat="35.79244" lon="-78.41833">
        <ele>99.9</ele>
      </trkpt>
      <trkpt lat="35.79244" lon="-78.41834">
        <ele>99.9</ele>
      </trkpt>
      <trkpt lat="35.79243" lon="-78.41838">
        <ele>99.8</ele>
      </trkpt>
      <trkpt lat="35.79243" lon="-78.41839">
        <ele>99.8</ele>
      </trkpt>
      <trkpt lat="35.79243" lon="-78.4184">
        <ele>99.7</ele>
      </trkpt>
      <trkpt lat="35.79242" lon="-78.41845">
        <ele>99.6</ele>
      </trkpt>
      <trkpt lat="35.79241" lon="-78.41849">
        <ele>99.6</ele>
      </trkpt>
      <trkpt lat="35.7924" lon="-78.41855">
        <ele>99.5</ele>
      </trkpt>
      <trkpt lat="35.7924" lon="-78.41857">
        <ele>99.4</ele>
      </trkpt>
      <trkpt lat="35.79239" lon="-78.41861">
        <ele>99.4</ele>
      </trkpt>
      <trkpt lat="35.79237" lon="-78.41871">
        <ele>99.1</ele>
      </trkpt>
      <trkpt lat="35.79236" lon="-78.41876">
        <ele>99.0</ele>
      </trkpt>
      <trkpt lat="35.79236" lon="-78.41876">
        <ele>99.0</ele>
      </trkpt>
      <trkpt lat="35.79235" lon="-78.41881">
        <ele>98.8</ele>
      </trkpt>
      <trkpt lat="35.79233" lon="-78.41893">
        <ele>98.5</ele>
      </trkpt>
      <trkpt lat="35.79231" lon="-78.41908">
        <ele>98.0</ele>
      </trkpt>
      <trkpt lat="35.79229" lon="-78.41915">
        <ele>97.7</ele>
      </trkpt>
      <trkpt lat="35.79228" lon="-78.41925">
        <ele>97.3</ele>
      </trkpt>
      <trkpt lat="35.79225" lon="-78.4194">
        <ele>96.6</ele>
      </trkpt>
      <trkpt lat="35.79225" lon="-78.41943">
        <ele>96.5</ele>
      </trkpt>
      <trkpt lat="35.79224" lon="-78.41948">
        <ele>96.2</ele>
      </trkpt>
      <trkpt lat="35.79224" lon="-78.41949">
        <ele>96.1</ele>
      </trkpt>
      <trkpt lat="35.79223" lon="-78.41954">
        <ele>95.8</ele>
      </trkpt>
      <trkpt lat="35.79221" lon="-78.41963">
        <ele>95.5</ele>
      </trkpt>
      <trkpt lat="35.79219" lon="-78.41976">
        <ele>95.1</ele>
      </trkpt>
      <trkpt lat="35.79218" lon="-78.41981">
        <ele>95.0</ele>
      </trkpt>
      <trkpt lat="35.79218" lon="-78.41982">
        <ele>95.0</ele>
      </trkpt>
      <trkpt lat="35.79218" lon="-78.41985">
        <ele>95.0</ele>
      </trkpt>
      <trkpt lat="35.79217" lon="-78.41986">
        <ele>95.0</ele>
      </trkpt>
      <trkpt lat="35.79216" lon="-78.41991">
        <ele>95.1</ele>
      </trkpt>
      <trkpt lat="35.79215" lon="-78.41997">
        <ele>95.0</ele>
      </trkpt>
      <trkpt lat="35.79214" lon="-78.42007">
        <ele>95.0</ele>
      </trkpt>
      <trkpt lat="35.79211" lon="-78.42024">
        <ele>95.7</ele>
      </trkpt>
      <trkpt lat="35.7921" lon="-78.42028">
        <ele>95.8</ele>
      </trkpt>
      <trkpt lat="35.7921" lon="-78.42029">
        <ele>95.9</ele>
      </trkpt>
      <trkpt lat="35.79209" lon="-78.42035">
        <ele>96.0</ele>
      </trkpt>
      <trkpt lat="35.79208" lon="-78.42041">
        <ele>96.2</ele>
      </trkpt>
      <trkpt lat="35.792" lon="-78.42085">
        <ele>97.1</ele>
      </trkpt>
      <trkpt lat="35.79198" lon="-78.421">
        <ele>97.3</ele>
      </trkpt>
      <trkpt lat="35.79195" lon="-78.42116">
        <ele>97.6</ele>
      </trkpt>
      <trkpt lat="35.79195" lon="-78.42117">
        <ele>97.6</ele>
      </trkpt>
      <trkpt lat="35.79194" lon="-78.42121">
        <ele>97.7</ele>
      </trkpt>
      <trkpt lat="35.79192" lon="-78.42134">
        <ele>97.9</ele>
      </trkpt>
      <trkpt lat="35.79191" lon="-78.42143">
        <ele>98.0</ele>
      </trkpt>
      <trkpt lat="35.79191" lon="-78.42145">
        <ele>98.0</ele>
      </trkpt>
      <trkpt lat="35.7919" lon="-78.42149">
        <ele>98.1</ele>
      </trkpt>
      <trkpt lat="35.79188" lon="-78.42162">
        <ele>98.1</ele>
      </trkpt>
      <trkpt lat="35.79187" lon="-78.42168">
        <ele>98.1</ele>
      </trkpt>
      <trkpt lat="35.79187" lon="-78.42171">
        <ele>98.2</ele>
      </trkpt>
      <trkpt lat="35.79186" lon="-78.42176">
        <ele>98.3</ele>
      </trkpt>
      <trkpt lat="35.79186" lon="-78.42177">
        <ele>98.4</ele>
      </trkpt>
      <trkpt lat="35.79185" lon="-78.42181">
        <ele>98.4</ele>
      </trkpt>
      <trkpt lat="35.79183" lon="-78.42196">
        <ele>98.5</ele>
      </trkpt>
      <trkpt lat="35.79182" lon="-78.42206">
        <ele>98.5</ele>
      </trkpt>
      <trkpt lat="35.7918" lon="-78.42215">
        <ele>98.6</ele>
      </trkpt>
      <trkpt lat="35.7918" lon="-78.42218">
        <ele>98.6</ele>
      </trkpt>
      <trkpt lat="35.79177" lon="-78.42239">
        <ele>98.7</ele>
      </trkpt>
      <trkpt lat="35.79173" lon="-78.42278">
        <ele>98.8</ele>
      </trkpt>
      <trkpt lat="35.79172" lon="-78.42281">
        <ele>98.8</ele>
      </trkpt>
      <trkpt lat="35.79166" lon="-78.42323">
        <ele>99.2</ele>
      </trkpt>
      <trkpt lat="35.79166" lon="-78.42324">
        <ele>99.2</ele>
      </trkpt>
      <trkpt lat="35.79166" lon="-78.42331">
        <ele>99.2</ele>
      </trkpt>
      <trkpt lat="35.79165" lon="-78.42336">
        <ele>99.2</ele>
      </trkpt>
      <trkpt lat="35.79165" lon="-78.42343">
        <ele>99.3</ele>
      </trkpt>
      <trkpt lat="35.79163" lon="-78.42366">
        <ele>99.2</ele>
      </trkpt>
      <trkpt lat="35.79163" lon="-78.42381">
        <ele>98.9</ele>
      </trkpt>
      <trkpt lat="35.79163" lon="-78.42387">
        <ele>98.7</ele>
      </trkpt>
      <trkpt lat="35.79163" lon="-78.42402">
        <ele>98.4</ele>
      </trkpt>
      <trkpt lat="35.79163" lon="-78.42409">
        <ele>98.3</ele>
      </trkpt>
      <trkpt lat="35.79163" lon="-78.4241">
        <ele>98.3</ele>
      </trkpt>
      <trkpt lat="35.79163" lon="-78.42414">
        <ele>98.2</ele>
      </trkpt>
      <trkpt lat="35.79164" lon="-78.42422">
        <ele>98.0</ele>
      </trkpt>
      <trkpt lat="35.79164" lon="-78.42433">
        <ele>97.7</ele>
      </trkpt>
      <trkpt lat="35.79165" lon="-78.42442">
        <ele>97.5</ele>
      </trkpt>
      <trkpt lat="35.79166" lon="-78.4245">
        <ele>97.3</ele>
      </trkpt>
      <trkpt lat="35.79168" lon="-78.42463">
        <ele>97.2</ele>
      </trkpt>
      <trkpt lat="35.79169" lon="-78.42477">
        <ele>97.1</ele>
      </trkpt>
      <trkpt lat="35.79171" lon="-78.42493">
        <ele>97.0</ele>
      </trkpt>
      <trkpt lat="35.79173" lon="-78.42507">
        <ele>96.9</ele>
      </trkpt>
      <trkpt lat="35.79174" lon="-78.42518">
        <ele>96.8</ele>
      </trkpt>
      <trkpt lat="35.79175" lon="-78.4252">
        <ele>96.9</ele>
      </trkpt>
      <trkpt lat="35.79175" lon="-78.42525">
        <ele>96.8</ele>
      </trkpt>
      <trkpt lat="35.79176" lon="-78.42527">
        <ele>96.9</ele>
      </trkpt>
      <trkpt lat="35.79178" lon="-78.42541">
        <ele>96.8</ele>
      </trkpt>
      <trkpt lat="35.79178" lon="-78.42543">
        <ele>96.7</ele>
      </trkpt>
      <trkpt lat="35.79181" lon="-78.42561">
        <ele>96.5</ele>
      </trkpt>
      <trkpt lat="35.79181" lon="-78.42563">
        <ele>96.5</ele>
      </trkpt>
      <trkpt lat="35.79184" lon="-78.42583">
        <ele>96.0</ele>
      </trkpt>
      <trkpt lat="35.79185" lon="-78.4259">
        <ele>95.9</ele>
      </trkpt>
      <trkpt lat="35.79188" lon="-78.4261">
        <ele>95.3</ele>
      </trkpt>
      <trkpt lat="35.79191" lon="-78.42634">
        <ele>94.1</ele>
      </trkpt>
      <trkpt lat="35.79193" lon="-78.42647">
        <ele>93.7</ele>
      </trkpt>
      <trkpt lat="35.79193" lon="-78.42653">
        <ele>93.4</ele>
      </trkpt>
      <trkpt lat="35.792" lon="-78.4269">
        <ele>91.8</ele>
      </trkpt>
      <trkpt lat="35.79203" lon="-78.4271">
        <ele>91.2</ele>
      </trkpt>
      <trkpt lat="35.79219" lon="-78.42799">
        <ele>89.5</ele>
      </trkpt>
      <trkpt lat="35.7922" lon="-78.42805">
        <ele>89.4</ele>
      </trkpt>
      <trkpt lat="35.79221" lon="-78.42815">
        <ele>89.1</ele>
      </trkpt>
      <trkpt lat="35.79222" lon="-78.42817">
        <ele>89.0</ele>
      </trkpt>
      <trkpt lat="35.79222" lon="-78.42821">
        <ele>89.0</ele>
      </trkpt>
      <trkpt lat="35.79223" lon="-78.42826">
        <ele>88.9</ele>
      </trkpt>
      <trkpt lat="35.79224" lon="-78.42831">
        <ele>88.8</ele>
      </trkpt>
      <trkpt lat="35.79225" lon="-78.42836">
        <ele>88.7</ele>
      </trkpt>
      <trkpt lat="35.79227" lon="-78.42848">
        <ele>88.3</ele>
      </trkpt>
      <trkpt lat="35.79228" lon="-78.42857">
        <ele>88.1</ele>
      </trkpt>
      <trkpt lat="35.79229" lon="-78.42863">
        <ele>88.1</ele>
      </trkpt>
      <trkpt lat="35.79231" lon="-78.42873">
        <ele>88.5</ele>
      </trkpt>
      <trkpt lat="35.79231" lon="-78.42881">
        <ele>88.9</ele>
      </trkpt>
      <trkpt lat="35.79233" lon="-78.42906">
        <ele>89.4</ele>
      </trkpt>
      <trkpt lat="35.79233" lon="-78.42917">
        <ele>89.4</ele>
      </trkpt>
      <trkpt lat="35.79233" lon="-78.42929">
        <ele>89.7</ele>
      </trkpt>
      <trkpt lat="35.79231" lon="-78.42947">
        <ele>89.7</ele>
      </trkpt>
      <trkpt lat="35.79229" lon="-78.42959">
        <ele>89.6</ele>
      </trkpt>
      <trkpt lat="35.79229" lon="-78.42963">
        <ele>89.6</ele>
      </trkpt>
      <trkpt lat="35.79226" lon="-78.42976">
        <ele>89.7</ele>
      </trkpt>
      <trkpt lat="35.79225" lon="-78.4298">
        <ele>89.7</ele>
      </trkpt>
      <trkpt lat="35.79224" lon="-78.42983">
        <ele>89.7</ele>
      </trkpt>
      <trkpt lat="35.79224" lon="-78.42986">
        <ele>89.8</ele>
      </trkpt>
      <trkpt lat="35.7922" lon="-78.43001">
        <ele>89.8</ele>
      </trkpt>
      <trkpt lat="35.79219" lon="-78.43003">
        <ele>89.8</ele>
      </trkpt>
      <trkpt lat="35.79219" lon="-78.43004">
        <ele>89.8</ele>
      </trkpt>
      <trkpt lat="35.79218" lon="-78.43008">
        <ele>89.7</ele>
      </trkpt>
      <trkpt lat="35.79215" lon="-78.43015">
        <ele>89.7</ele>
      </trkpt>
      <trkpt lat="35.79209" lon="-78.43029">
        <ele>89.4</ele>
      </trkpt>
      <trkpt lat="35.79205" lon="-78.43038">
        <ele>89.2</ele>
      </trkpt>
      <trkpt lat="35.79205" lon="-78.43039">
        <ele>89.2</ele>
      </trkpt>
      <trkpt lat="35.79204" lon="-78.43041">
        <ele>89.2</ele>
      </trkpt>
      <trkpt lat="35.79201" lon="-78.43047">
        <ele>89.0</ele>
      </trkpt>
      <trkpt lat="35.79197" lon="-78.43054">
        <ele>88.8</ele>
      </trkpt>
      <trkpt lat="35.79195" lon="-78.43057">
        <ele>88.7</ele>
      </trkpt>
      <trkpt lat="35.79194" lon="-78.43059">
        <ele>88.6</ele>
      </trkpt>
      <trkpt lat="35.79188" lon="-78.43069">
        <ele>88.4</ele>
      </trkpt>
      <trkpt lat="35.79176" lon="-78.43085">
        <ele>87.9</ele>
      </trkpt>
      <trkpt lat="35.79167" lon="-78.43098">
        <ele>87.4</ele>
      </trkpt>
      <trkpt lat="35.7916" lon="-78.43108">
        <ele>87.0</ele>
      </trkpt>
      <trkpt lat="35.7915" lon="-78.43121">
        <ele>86.5</ele>
      </trkpt>
      <trkpt lat="35.79127" lon="-78.43151">
        <ele>85.5</ele>
      </trkpt>
      <trkpt lat="35.79124" lon="-78.43155">
        <ele>85.4</ele>
      </trkpt>
      <trkpt lat="35.7912" lon="-78.4316">
        <ele>85.4</ele>
      </trkpt>
      <trkpt lat="35.79115" lon="-78.43167">
        <ele>85.2</ele>
      </trkpt>
      <trkpt lat="35.79109" lon="-78.43174">
        <ele>85.0</ele>
      </trkpt>
      <trkpt lat="35.79097" lon="-78.4319">
        <ele>84.6</ele>
      </trkpt>
      <trkpt lat="35.7907" lon="-78.43224">
        <ele>83.7</ele>
      </trkpt>
      <trkpt lat="35.79061" lon="-78.43236">
        <ele>83.4</ele>
      </trkpt>
      <trkpt lat="35.79038" lon="-78.43268">
        <ele>82.6</ele>
      </trkpt>
      <trkpt lat="35.79036" lon="-78.4327">
        <ele>82.5</ele>
      </trkpt>
      <trkpt lat="35.79014" lon="-78.43299">
        <ele>81.9</ele>
      </trkpt>
      <trkpt lat="35.79014" lon="-78.433">
        <ele>81.8</ele>
      </trkpt>
      <trkpt lat="35.78967" lon="-78.43362">
        <ele>80.4</ele>
      </trkpt>
      <trkpt lat="35.78956" lon="-78.43377">
        <ele>80.0</ele>
      </trkpt>
      <trkpt lat="35.78944" lon="-78.43391">
        <ele>79.7</ele>
      </trkpt>
      <trkpt lat="35.78922" lon="-78.43421">
        <ele>79.0</ele>
      </trkpt>
      <trkpt lat="35.78908" lon="-78.43439">
        <ele>78.7</ele>
      </trkpt>
      <trkpt lat="35.78899" lon="-78.4345">
        <ele>78.3</ele>
      </trkpt>
      <trkpt lat="35.78888" lon="-78.43465">
        <ele>77.8</ele>
      </trkpt>
      <trkpt lat="35.78877" lon="-78.4348">
        <ele>77.2</ele>
      </trkpt>
      <trkpt lat="35.7887" lon="-78.43489">
        <ele>76.6</ele>
      </trkpt>
      <trkpt lat="35.78865" lon="-78.43495">
        <ele>76.6</ele>
      </trkpt>
      <trkpt lat="35.78835" lon="-78.43534">
        <ele>74.7</ele>
      </trkpt>
      <trkpt lat="35.78822" lon="-78.4355">
        <ele>73.9</ele>
      </trkpt>
      <trkpt lat="35.78818" lon="-78.43555">
        <ele>73.6</ele>
      </trkpt>
      <trkpt lat="35.78806" lon="-78.43571">
        <ele>72.6</ele>
      </trkpt>
      <trkpt lat="35.78801" lon="-78.43578">
        <ele>72.3</ele>
      </trkpt>
      <trkpt lat="35.78794" lon="-78.43588">
        <ele>71.8</ele>
      </trkpt>
      <trkpt lat="35.78792" lon="-78.4359">
        <ele>71.6</ele>
      </trkpt>
      <trkpt lat="35.78782" lon="-78.43604">
        <ele>71.1</ele>
      </trkpt>
      <trkpt lat="35.78764" lon="-78.43627">
        <ele>69.7</ele>
      </trkpt>
      <trkpt lat="35.78757" lon="-78.43636">
        <ele>69.3</ele>
      </trkpt>
      <trkpt lat="35.78742" lon="-78.43657">
        <ele>68.6</ele>
      </trkpt>
      <trkpt lat="35.78716" lon="-78.43692">
        <ele>68.4</ele>
      </trkpt>
      <trkpt lat="35.78703" lon="-78.43708">
        <ele>68.3</ele>
      </trkpt>
      <trkpt lat="35.78685" lon="-78.4373">
        <ele>68.3</ele>
      </trkpt>
      <trkpt lat="35.78666" lon="-78.43758">
        <ele>68.2</ele>
      </trkpt>
      <trkpt lat="35.78642" lon="-78.43788">
        <ele>69.1</ele>
      </trkpt>
      <trkpt lat="35.7863" lon="-78.43804">
        <ele>68.7</ele>
      </trkpt>
      <trkpt lat="35.78622" lon="-78.43813">
        <ele>68.7</ele>
      </trkpt>
      <trkpt lat="35.78617" lon="-78.4382">
        <ele>68.6</ele>
      </trkpt>
      <trkpt lat="35.78605" lon="-78.43836">
        <ele>68.8</ele>
      </trkpt>
      <trkpt lat="35.78593" lon="-78.43853">
        <ele>68.9</ele>
      </trkpt>
      <trkpt lat="35.78591" lon="-78.43856">
        <ele>69.1</ele>
      </trkpt>
      <trkpt lat="35.78581" lon="-78.43869">
        <ele>69.5</ele>
      </trkpt>
      <trkpt lat="35.78565" lon="-78.43891">
        <ele>70.6</ele>
      </trkpt>
      <trkpt lat="35.78556" lon="-78.43901">
        <ele>71.3</ele>
      </trkpt>
      <trkpt lat="35.78538" lon="-78.43924">
        <ele>72.8</ele>
      </trkpt>
      <trkpt lat="35.78532" lon="-78.43932">
        <ele>73.2</ele>
      </trkpt>
      <trkpt lat="35.78526" lon="-78.43941">
        <ele>73.7</ele>
      </trkpt>
      <trkpt lat="35.78514" lon="-78.43957">
        <ele>74.3</ele>
      </trkpt>
      <trkpt lat="35.78511" lon="-78.43961">
        <ele>74.4</ele>
      </trkpt>
      <trkpt lat="35.78502" lon="-78.43974">
        <ele>74.6</ele>
      </trkpt>
      <trkpt lat="35.78495" lon="-78.43985">
        <ele>74.5</ele>
      </trkpt>
      <trkpt lat="35.78486" lon="-78.44">
        <ele>74.2</ele>
      </trkpt>
      <trkpt lat="35.78464" lon="-78.44041">
        <ele>72.4</ele>
      </trkpt>
      <trkpt lat="35.78461" lon="-78.44047">
        <ele>72.2</ele>
      </trkpt>
      <trkpt lat="35.78452" lon="-78.44066">
        <ele>72.4</ele>
      </trkpt>
      <trkpt lat="35.78435" lon="-78.44105">
        <ele>74.6</ele>
      </trkpt>
      <trkpt lat="35.78427" lon="-78.44132">
        <ele>76.6</ele>
      </trkpt>
      <trkpt lat="35.78426" lon="-78.44138">
        <ele>77.2</ele>
      </trkpt>
      <trkpt lat="35.78419" lon="-78.44159">
        <ele>79.1</ele>
      </trkpt>
      <trkpt lat="35.78417" lon="-78.44165">
        <ele>79.2</ele>
      </trkpt>
      <trkpt lat="35.78413" lon="-78.4418">
        <ele>80.2</ele>
      </trkpt>
      <trkpt lat="35.78409" lon="-78.44191">
        <ele>80.4</ele>
      </trkpt>
      <trkpt lat="35.78408" lon="-78.44197">
        <ele>80.5</ele>
      </trkpt>
      <trkpt lat="35.78407" lon="-78.44198">
        <ele>80.5</ele>
      </trkpt>
      <trkpt lat="35.78405" lon="-78.44203">
        <ele>80.7</ele>
      </trkpt>
      <trkpt lat="35.78402" lon="-78.44208">
        <ele>80.8</ele>
      </trkpt>
      <trkpt lat="35.78398" lon="-78.44215">
        <ele>80.9</ele>
      </trkpt>
      <trkpt lat="35.78393" lon="-78.44226">
        <ele>80.5</ele>
      </trkpt>
      <trkpt lat="35.7839" lon="-78.44231">
        <ele>80.3</ele>
      </trkpt>
      <trkpt lat="35.78387" lon="-78.44236">
        <ele>80.0</ele>
      </trkpt>
      <trkpt lat="35.78383" lon="-78.44241">
        <ele>79.6</ele>
      </trkpt>
      <trkpt lat="35.7838" lon="-78.44244">
        <ele>79.3</ele>
      </trkpt>
      <trkpt lat="35.78376" lon="-78.44249">
        <ele>79.0</ele>
      </trkpt>
      <trkpt lat="35.78367" lon="-78.44259">
        <ele>78.0</ele>
      </trkpt>
      <trkpt lat="35.78365" lon="-78.44269">
        <ele>77.9</ele>
      </trkpt>
      <trkpt lat="35.78365" lon="-78.44269">
        <ele>77.9</ele>
      </trkpt>
      <trkpt lat="35.78372" lon="-78.44284">
        <ele>79.1</ele>
      </trkpt>
      <trkpt lat="35.78374" lon="-78.44289">
        <ele>79.4</ele>
      </trkpt>
      <trkpt lat="35.78382" lon="-78.44308">
        <ele>80.5</ele>
      </trkpt>
      <trkpt lat="35.78391" lon="-78.44328">
        <ele>79.9</ele>
      </trkpt>
      <trkpt lat="35.78399" lon="-78.44348">
        <ele>79.0</ele>
      </trkpt>
      <trkpt lat="35.78403" lon="-78.44356">
        <ele>78.7</ele>
      </trkpt>
      <trkpt lat="35.78405" lon="-78.44363">
        <ele>78.5</ele>
      </trkpt>
      <trkpt lat="35.78405" lon="-78.44363">
        <ele>78.5</ele>
      </trkpt>
      <trkpt lat="35.78407" lon="-78.44367">
        <ele>78.5</ele>
      </trkpt>
      <trkpt lat="35.78415" lon="-78.44387">
        <ele>78.6</ele>
      </trkpt>
      <trkpt lat="35.78424" lon="-78.44407">
        <ele>80.2</ele>
      </trkpt>
      <trkpt lat="35.78432" lon="-78.44427">
        <ele>80.7</ele>
      </trkpt>
      <trkpt lat="35.78449" lon="-78.44468">
        <ele>82.2</ele>
      </trkpt>
      <trkpt lat="35.78457" lon="-78.44486">
        <ele>82.7</ele>
      </trkpt>
      <trkpt lat="35.78457" lon="-78.44487">
        <ele>82.7</ele>
      </trkpt>
      <trkpt lat="35.78471" lon="-78.44521">
        <ele>83.0</ele>
      </trkpt>
      <trkpt lat="35.78491" lon="-78.44566">
        <ele>83.5</ele>
      </trkpt>
      <trkpt lat="35.78493" lon="-78.44578">
        <ele>82.8</ele>
      </trkpt>
      <trkpt lat="35.78493" lon="-78.44578">
        <ele>82.8</ele>
      </trkpt>
      <trkpt lat="35.78509" lon="-78.44613">
        <ele>83.7</ele>
      </trkpt>
      <trkpt lat="35.7852" lon="-78.44636">
        <ele>84.2</ele>
      </trkpt>
      <trkpt lat="35.7852" lon="-78.44638">
        <ele>84.1</ele>
      </trkpt>
      <trkpt lat="35.78528" lon="-78.44656">
        <ele>84.9</ele>
      </trkpt>
      <trkpt lat="35.78545" lon="-78.44693">
        <ele>85.5</ele>
      </trkpt>
      <trkpt lat="35.78545" lon="-78.44693">
        <ele>85.5</ele>
      </trkpt>
      <trkpt lat="35.78553" lon="-78.44712">
        <ele>85.7</ele>
      </trkpt>
      <trkpt lat="35.78571" lon="-78.44756">
        <ele>86.8</ele>
      </trkpt>
      <trkpt lat="35.78577" lon="-78.44773">
        <ele>87.0</ele>
      </trkpt>
      <trkpt lat="35.78577" lon="-78.44774">
        <ele>87.0</ele>
      </trkpt>
      <trkpt lat="35.78578" lon="-78.44774">
        <ele>87.0</ele>
      </trkpt>
      <trkpt lat="35.78584" lon="-78.44793">
        <ele>87.3</ele>
      </trkpt>
      <trkpt lat="35.78585" lon="-78.44794">
        <ele>87.4</ele>
      </trkpt>
      <trkpt lat="35.78589" lon="-78.44805">
        <ele>87.7</ele>
      </trkpt>
      <trkpt lat="35.78598" lon="-78.44837">
        <ele>88.7</ele>
      </trkpt>
      <trkpt lat="35.78603" lon="-78.44857">
        <ele>88.9</ele>
      </trkpt>
      <trkpt lat="35.78608" lon="-78.44878">
        <ele>89.3</ele>
      </trkpt>
      <trkpt lat="35.7861" lon="-78.44884">
        <ele>89.4</ele>
      </trkpt>
      <trkpt lat="35.78612" lon="-78.44898">
        <ele>89.7</ele>
      </trkpt>
      <trkpt lat="35.78613" lon="-78.44899">
        <ele>89.8</ele>
      </trkpt>
      <trkpt lat="35.78616" lon="-78.44919">
        <ele>90.2</ele>
      </trkpt>
      <trkpt lat="35.78616" lon="-78.44921">
        <ele>90.3</ele>
      </trkpt>
      <trkpt lat="35.7862" lon="-78.44942">
        <ele>90.0</ele>
      </trkpt>
      <trkpt lat="35.7862" lon="-78.44943">
        <ele>90.0</ele>
      </trkpt>
      <trkpt lat="35.78622" lon="-78.44956">
        <ele>90.2</ele>
      </trkpt>
      <trkpt lat="35.78633" lon="-78.45029">
        <ele>90.2</ele>
      </trkpt>
      <trkpt lat="35.78633" lon="-78.4503">
        <ele>90.2</ele>
      </trkpt>
      <trkpt lat="35.78635" lon="-78.45044">
        <ele>90.3</ele>
      </trkpt>
      <trkpt lat="35.78636" lon="-78.45051">
        <ele>90.3</ele>
      </trkpt>
      <trkpt lat="35.78636" lon="-78.45052">
        <ele>90.3</ele>
      </trkpt>
      <trkpt lat="35.7864" lon="-78.45086">
        <ele>90.7</ele>
      </trkpt>
      <trkpt lat="35.78644" lon="-78.45113">
        <ele>90.9</ele>
      </trkpt>
      <trkpt lat="35.78645" lon="-78.45118">
        <ele>91.0</ele>
      </trkpt>
      <trkpt lat="35.78651" lon="-78.45162">
        <ele>91.4</ele>
      </trkpt>
      <trkpt lat="35.78656" lon="-78.45202">
        <ele>91.7</ele>
      </trkpt>
      <trkpt lat="35.78656" lon="-78.45204">
        <ele>91.7</ele>
      </trkpt>
      <trkpt lat="35.78656" lon="-78.45205">
        <ele>91.7</ele>
      </trkpt>
      <trkpt lat="35.78657" lon="-78.45209">
        <ele>91.7</ele>
      </trkpt>
      <trkpt lat="35.7866" lon="-78.45227">
        <ele>91.9</ele>
      </trkpt>
      <trkpt lat="35.78665" lon="-78.45256">
        <ele>92.5</ele>
      </trkpt>
      <trkpt lat="35.78667" lon="-78.45272">
        <ele>92.7</ele>
      </trkpt>
      <trkpt lat="35.78679" lon="-78.45344">
        <ele>93.1</ele>
      </trkpt>
      <trkpt lat="35.78681" lon="-78.45351">
        <ele>93.4</ele>
      </trkpt>
      <trkpt lat="35.78684" lon="-78.45367">
        <ele>93.6</ele>
      </trkpt>
      <trkpt lat="35.78687" lon="-78.45376">
        <ele>93.7</ele>
      </trkpt>
      <trkpt lat="35.78689" lon="-78.45385">
        <ele>93.9</ele>
      </trkpt>
      <trkpt lat="35.78697" lon="-78.4541">
        <ele>94.5</ele>
      </trkpt>
      <trkpt lat="35.78699" lon="-78.45415">
        <ele>94.6</ele>
      </trkpt>
      <trkpt lat="35.78703" lon="-78.45426">
        <ele>94.8</ele>
      </trkpt>
      <trkpt lat="35.78707" lon="-78.45436">
        <ele>94.9</ele>
      </trkpt>
      <trkpt lat="35.7871" lon="-78.45443">
        <ele>95.0</ele>
      </trkpt>
      <trkpt lat="35.7872" lon="-78.45464">
        <ele>95.1</ele>
      </trkpt>
      <trkpt lat="35.78724" lon="-78.45472">
        <ele>95.2</ele>
      </trkpt>
      <trkpt lat="35.78726" lon="-78.45477">
        <ele>95.2</ele>
      </trkpt>
      <trkpt lat="35.78742" lon="-78.45509">
        <ele>95.3</ele>
      </trkpt>
      <trkpt lat="35.78745" lon="-78.45514">
        <ele>95.1</ele>
      </trkpt>
      <trkpt lat="35.78763" lon="-78.45551">
        <ele>94.9</ele>
      </trkpt>
      <trkpt lat="35.78771" lon="-78.45567">
        <ele>94.7</ele>
      </trkpt>
      <trkpt lat="35.78773" lon="-78.45571">
        <ele>94.7</ele>
      </trkpt>
      <trkpt lat="35.7878" lon="-78.45585">
        <ele>94.8</ele>
      </trkpt>
      <trkpt lat="35.78783" lon="-78.4559">
        <ele>94.9</ele>
      </trkpt>
      <trkpt lat="35.78785" lon="-78.45595">
        <ele>95.0</ele>
      </trkpt>
      <trkpt lat="35.78794" lon="-78.45614">
        <ele>95.2</ele>
      </trkpt>
      <trkpt lat="35.78796" lon="-78.45617">
        <ele>95.3</ele>
      </trkpt>
      <trkpt lat="35.78797" lon="-78.4562">
        <ele>95.3</ele>
      </trkpt>
      <trkpt lat="35.78798" lon="-78.45622">
        <ele>95.4</ele>
      </trkpt>
      <trkpt lat="35.78798" lon="-78.45624">
        <ele>95.4</ele>
      </trkpt>
      <trkpt lat="35.78799" lon="-78.45626">
        <ele>95.4</ele>
      </trkpt>
      <trkpt lat="35.788" lon="-78.45627">
        <ele>95.4</ele>
      </trkpt>
      <trkpt lat="35.788" lon="-78.45629">
        <ele>95.4</ele>
      </trkpt>
      <trkpt lat="35.78801" lon="-78.45633">
        <ele>95.7</ele>
      </trkpt>
      <trkpt lat="35.78802" lon="-78.45636">
        <ele>95.8</ele>
      </trkpt>
      <trkpt lat="35.78804" lon="-78.45645">
        <ele>96.3</ele>
      </trkpt>
      <trkpt lat="35.78807" lon="-78.45666">
        <ele>96.8</ele>
      </trkpt>
      <trkpt lat="35.78814" lon="-78.45733">
        <ele>97.7</ele>
      </trkpt>
      <trkpt lat="35.78815" lon="-78.45735">
        <ele>97.7</ele>
      </trkpt>
      <trkpt lat="35.78817" lon="-78.45754">
        <ele>98.0</ele>
      </trkpt>
      <trkpt lat="35.78819" lon="-78.45772">
        <ele>98.3</ele>
      </trkpt>
      <trkpt lat="35.7882" lon="-78.45776">
        <ele>98.3</ele>
      </trkpt>
      <trkpt lat="35.78822" lon="-78.45798">
        <ele>98.6</ele>
      </trkpt>
      <trkpt lat="35.78825" lon="-78.4582">
        <ele>98.5</ele>
      </trkpt>
      <trkpt lat="35.78827" lon="-78.45834">
        <ele>98.2</ele>
      </trkpt>
      <trkpt lat="35.78828" lon="-78.4584">
        <ele>98.0</ele>
      </trkpt>
      <trkpt lat="35.78829" lon="-78.45855">
        <ele>97.6</ele>
      </trkpt>
      <trkpt lat="35.78831" lon="-78.4587">
        <ele>96.9</ele>
      </trkpt>
      <trkpt lat="35.78835" lon="-78.45897">
        <ele>95.5</ele>
      </trkpt>
      <trkpt lat="35.78837" lon="-78.45908">
        <ele>95.4</ele>
      </trkpt>
      <trkpt lat="35.78838" lon="-78.45916">
        <ele>95.6</ele>
      </trkpt>
      <trkpt lat="35.78838" lon="-78.45921">
        <ele>95.8</ele>
      </trkpt>
      <trkpt lat="35.78839" lon="-78.45924">
        <ele>95.8</ele>
      </trkpt>
      <trkpt lat="35.7884" lon="-78.4593">
        <ele>95.8</ele>
      </trkpt>
      <trkpt lat="35.78843" lon="-78.45948">
        <ele>96.2</ele>
      </trkpt>
      <trkpt lat="35.78845" lon="-78.45958">
        <ele>96.3</ele>
      </trkpt>
      <trkpt lat="35.78849" lon="-78.45972">
        <ele>96.6</ele>
      </trkpt>
      <trkpt lat="35.7885" lon="-78.45978">
        <ele>96.9</ele>
      </trkpt>
      <trkpt lat="35.78852" lon="-78.45986">
        <ele>97.3</ele>
      </trkpt>
      <trkpt lat="35.78854" lon="-78.45991">
        <ele>97.5</ele>
      </trkpt>
      <trkpt lat="35.78858" lon="-78.46004">
        <ele>97.6</ele>
      </trkpt>
      <trkpt lat="35.78859" lon="-78.46005">
        <ele>97.7</ele>
      </trkpt>
      <trkpt lat="35.7886" lon="-78.46009">
        <ele>97.8</ele>
      </trkpt>
      <trkpt lat="35.78862" lon="-78.46014">
        <ele>97.9</ele>
      </trkpt>
      <trkpt lat="35.78865" lon="-78.46025">
        <ele>97.9</ele>
      </trkpt>
      <trkpt lat="35.78878" lon="-78.46061">
        <ele>97.6</ele>
      </trkpt>
      <trkpt lat="35.78881" lon="-78.46068">
        <ele>97.5</ele>
      </trkpt>
      <trkpt lat="35.78883" lon="-78.46074">
        <ele>97.5</ele>
      </trkpt>
      <trkpt lat="35.78885" lon="-78.46079">
        <ele>97.5</ele>
      </trkpt>
      <trkpt lat="35.78889" lon="-78.4609">
        <ele>97.5</ele>
      </trkpt>
      <trkpt lat="35.78891" lon="-78.46098">
        <ele>97.6</ele>
      </trkpt>
      <trkpt lat="35.78891" lon="-78.46098">
        <ele>97.6</ele>
      </trkpt>
      <trkpt lat="35.78903" lon="-78.46128">
        <ele>97.5</ele>
      </trkpt>
      <trkpt lat="35.78932" lon="-78.46207">
        <ele>96.1</ele>
      </trkpt>
      <trkpt lat="35.78933" lon="-78.46208">
        <ele>96.1</ele>
      </trkpt>
      <trkpt lat="35.78933" lon="-78.46209">
        <ele>96.1</ele>
      </trkpt>
      <trkpt lat="35.78935" lon="-78.46215">
        <ele>96.0</ele>
      </trkpt>
      <trkpt lat="35.7897" lon="-78.46307">
        <ele>97.4</ele>
      </trkpt>
      <trkpt lat="35.78973" lon="-78.46316">
        <ele>97.5</ele>
      </trkpt>
      <trkpt lat="35.78984" lon="-78.46345">
        <ele>97.2</ele>
      </trkpt>
      <trkpt lat="35.79007" lon="-78.46408">
        <ele>96.3</ele>
      </trkpt>
      <trkpt lat="35.79014" lon="-78.46428">
        <ele>96.0</ele>
      </trkpt>
      <trkpt lat="35.79022" lon="-78.46449">
        <ele>96.3</ele>
      </trkpt>
      <trkpt lat="35.79029" lon="-78.46469">
        <ele>96.7</ele>
      </trkpt>
      <trkpt lat="35.79051" lon="-78.46527">
        <ele>99.2</ele>
      </trkpt>
      <trkpt lat="35.79058" lon="-78.46544">
        <ele>99.4</ele>
      </trkpt>
      <trkpt lat="35.79067" lon="-78.4657">
        <ele>100.1</ele>
      </trkpt>
      <trkpt lat="35.79089" lon="-78.46629">
        <ele>100.2</ele>
      </trkpt>
      <trkpt lat="35.79097" lon="-78.4665">
        <ele>100.5</ele>
      </trkpt>
      <trkpt lat="35.79101" lon="-78.46661">
        <ele>100.8</ele>
      </trkpt>
      <trkpt lat="35.79104" lon="-78.4667">
        <ele>101.2</ele>
      </trkpt>
      <trkpt lat="35.7911" lon="-78.46688">
        <ele>101.9</ele>
      </trkpt>
      <trkpt lat="35.79111" lon="-78.46691">
        <ele>102.0</ele>
      </trkpt>
      <trkpt lat="35.7912" lon="-78.46717">
        <ele>102.1</ele>
      </trkpt>
      <trkpt lat="35.79127" lon="-78.46745">
        <ele>101.0</ele>
      </trkpt>
      <trkpt lat="35.7914" lon="-78.46796">
        <ele>100.2</ele>
      </trkpt>
      <trkpt lat="35.7914" lon="-78.46797">
        <ele>100.2</ele>
      </trkpt>
      <trkpt lat="35.79148" lon="-78.46826">
        <ele>101.0</ele>
      </trkpt>
      <trkpt lat="35.79161" lon="-78.46878">
        <ele>101.4</ele>
      </trkpt>
      <trkpt lat="35.79166" lon="-78.46902">
        <ele>101.3</ele>
      </trkpt>
      <trkpt lat="35.79171" lon="-78.46927">
        <ele>100.9</ele>
      </trkpt>
      <trkpt lat="35.79172" lon="-78.46936">
        <ele>100.8</ele>
      </trkpt>
      <trkpt lat="35.79173" lon="-78.46941">
        <ele>100.6</ele>
      </trkpt>
      <trkpt lat="35.79174" lon="-78.46948">
        <ele>100.4</ele>
      </trkpt>
      <trkpt lat="35.79173" lon="-78.46958">
        <ele>100.2</ele>
      </trkpt>
      <trkpt lat="35.79173" lon="-78.46964">
        <ele>100.1</ele>
      </trkpt>
      <trkpt lat="35.79172" lon="-78.4698">
        <ele>99.7</ele>
      </trkpt>
      <trkpt lat="35.7917" lon="-78.4699">
        <ele>99.5</ele>
      </trkpt>
      <trkpt lat="35.79167" lon="-78.47004">
        <ele>99.1</ele>
      </trkpt>
      <trkpt lat="35.79158" lon="-78.4704">
        <ele>97.5</ele>
      </trkpt>
      <trkpt lat="35.79152" lon="-78.47065">
        <ele>95.9</ele>
      </trkpt>
      <trkpt lat="35.79151" lon="-78.47065">
        <ele>95.9</ele>
      </trkpt>
      <trkpt lat="35.79145" lon="-78.47086">
        <ele>94.8</ele>
      </trkpt>
      <trkpt lat="35.79139" lon="-78.47107">
        <ele>94.0</ele>
      </trkpt>
      <trkpt lat="35.79136" lon="-78.47118">
        <ele>93.7</ele>
      </trkpt>
      <trkpt lat="35.79133" lon="-78.47128">
        <ele>93.6</ele>
      </trkpt>
      <trkpt lat="35.79126" lon="-78.47148">
        <ele>93.3</ele>
      </trkpt>
      <trkpt lat="35.79124" lon="-78.47155">
        <ele>93.0</ele>
      </trkpt>
      <trkpt lat="35.7912" lon="-78.47163">
        <ele>93.0</ele>
      </trkpt>
      <trkpt lat="35.79118" lon="-78.47168">
        <ele>93.0</ele>
      </trkpt>
      <trkpt lat="35.79116" lon="-78.47174">
        <ele>93.2</ele>
      </trkpt>
      <trkpt lat="35.7911" lon="-78.47183">
        <ele>93.3</ele>
      </trkpt>
      <trkpt lat="35.79105" lon="-78.47192">
        <ele>93.0</ele>
      </trkpt>
      <trkpt lat="35.79097" lon="-78.47204">
        <ele>92.9</ele>
      </trkpt>
      <trkpt lat="35.79089" lon="-78.47212">
        <ele>92.7</ele>
      </trkpt>
      <trkpt lat="35.7907" lon="-78.47227">
        <ele>92.5</ele>
      </trkpt>
      <trkpt lat="35.79068" lon="-78.47229">
        <ele>92.6</ele>
      </trkpt>
      <trkpt lat="35.79053" lon="-78.47241">
        <ele>93.4</ele>
      </trkpt>
      <trkpt lat="35.79052" lon="-78.47242">
        <ele>93.5</ele>
      </trkpt>
      <trkpt lat="35.79038" lon="-78.47254">
        <ele>94.0</ele>
      </trkpt>
      <trkpt lat="35.79028" lon="-78.47262">
        <ele>94.5</ele>
      </trkpt>
      <trkpt lat="35.79023" lon="-78.47267">
        <ele>94.6</ele>
      </trkpt>
      <trkpt lat="35.79012" lon="-78.47278">
        <ele>95.2</ele>
      </trkpt>
      <trkpt lat="35.79009" lon="-78.47281">
        <ele>95.3</ele>
      </trkpt>
      <trkpt lat="35.79006" lon="-78.47284">
        <ele>95.5</ele>
      </trkpt>
      <trkpt lat="35.79" lon="-78.47291">
        <ele>95.6</ele>
      </trkpt>
      <trkpt lat="35.78997" lon="-78.47296">
        <ele>95.7</ele>
      </trkpt>
      <trkpt lat="35.78996" lon="-78.47297">
        <ele>95.7</ele>
      </trkpt>
      <trkpt lat="35.78989" lon="-78.47308">
        <ele>95.4</ele>
      </trkpt>
      <trkpt lat="35.78986" lon="-78.47314">
        <ele>95.2</ele>
      </trkpt>
      <trkpt lat="35.78981" lon="-78.47325">
        <ele>94.5</ele>
      </trkpt>
      <trkpt lat="35.7898" lon="-78.47326">
        <ele>94.5</ele>
      </trkpt>
      <trkpt lat="35.78975" lon="-78.47341">
        <ele>93.5</ele>
      </trkpt>
      <trkpt lat="35.78971" lon="-78.47354">
        <ele>92.6</ele>
      </trkpt>
      <trkpt lat="35.78971" lon="-78.47355">
        <ele>92.6</ele>
      </trkpt>
      <trkpt lat="35.78968" lon="-78.47368">
        <ele>91.8</ele>
      </trkpt>
      <trkpt lat="35.78968" lon="-78.4737">
        <ele>91.7</ele>
      </trkpt>
      <trkpt lat="35.78965" lon="-78.47391">
        <ele>90.8</ele>
      </trkpt>
      <trkpt lat="35.78965" lon="-78.47411">
        <ele>90.3</ele>
      </trkpt>
      <trkpt lat="35.78965" lon="-78.47413">
        <ele>90.2</ele>
      </trkpt>
      <trkpt lat="35.78965" lon="-78.47423">
        <ele>89.7</ele>
      </trkpt>
      <trkpt lat="35.78965" lon="-78.47433">
        <ele>89.5</ele>
      </trkpt>
      <trkpt lat="35.78965" lon="-78.47438">
        <ele>89.6</ele>
      </trkpt>
      <trkpt lat="35.78966" lon="-78.4746">
        <ele>90.5</ele>
      </trkpt>
      <trkpt lat="35.78966" lon="-78.4749">
        <ele>91.0</ele>
      </trkpt>
      <trkpt lat="35.78966" lon="-78.47499">
        <ele>91.0</ele>
      </trkpt>
      <trkpt lat="35.78967" lon="-78.47514">
        <ele>91.0</ele>
      </trkpt>
      <trkpt lat="35.78967" lon="-78.47518">
        <ele>91.0</ele>
      </trkpt>
      <trkpt lat="35.78967" lon="-78.47521">
        <ele>91.0</ele>
      </trkpt>
      <trkpt lat="35.78967" lon="-78.47522">
        <ele>91.0</ele>
      </trkpt>
      <trkpt lat="35.78967" lon="-78.4755">
        <ele>91.9</ele>
      </trkpt>
      <trkpt lat="35.78968" lon="-78.47594">
        <ele>94.1</ele>
      </trkpt>
      <trkpt lat="35.7897" lon="-78.47652">
        <ele>94.8</ele>
      </trkpt>
      <trkpt lat="35.78971" lon="-78.4768">
        <ele>94.4</ele>
      </trkpt>
      <trkpt lat="35.78972" lon="-78.47709">
        <ele>94.9</ele>
      </trkpt>
      <trkpt lat="35.78973" lon="-78.47777">
        <ele>98.1</ele>
      </trkpt>
      <trkpt lat="35.78974" lon="-78.47792">
        <ele>99.0</ele>
      </trkpt>
      <trkpt lat="35.78974" lon="-78.47821">
        <ele>99.3</ele>
      </trkpt>
      <trkpt lat="35.78977" lon="-78.47836">
        <ele>99.0</ele>
      </trkpt>
      <trkpt lat="35.7898" lon="-78.47847">
        <ele>98.8</ele>
      </trkpt>
      <trkpt lat="35.78983" lon="-78.47856">
        <ele>98.7</ele>
      </trkpt>
      <trkpt lat="35.78986" lon="-78.47864">
        <ele>98.5</ele>
      </trkpt>
      <trkpt lat="35.78987" lon="-78.47868">
        <ele>98.5</ele>
      </trkpt>
      <trkpt lat="35.78988" lon="-78.47872">
        <ele>98.4</ele>
      </trkpt>
      <trkpt lat="35.7899" lon="-78.47877">
        <ele>98.1</ele>
      </trkpt>
      <trkpt lat="35.78993" lon="-78.47886">
        <ele>97.5</ele>
      </trkpt>
      <trkpt lat="35.78997" lon="-78.47898">
        <ele>97.0</ele>
      </trkpt>
      <trkpt lat="35.78997" lon="-78.47898">
        <ele>97.0</ele>
      </trkpt>
      <trkpt lat="35.79001" lon="-78.47895">
        <ele>96.9</ele>
      </trkpt>
      <trkpt lat="35.79027" lon="-78.47881">
        <ele>97.0</ele>
      </trkpt>
      <trkpt lat="35.79032" lon="-78.47879">
        <ele>97.1</ele>
      </trkpt>
      <trkpt lat="35.79061" lon="-78.47863">
        <ele>97.5</ele>
      </trkpt>
      <trkpt lat="35.79074" lon="-78.47854">
        <ele>98.0</ele>
      </trkpt>
      <trkpt lat="35.79079" lon="-78.4785">
        <ele>98.2</ele>
      </trkpt>
      <trkpt lat="35.79086" lon="-78.47847">
        <ele>98.4</ele>
      </trkpt>
      <trkpt lat="35.79093" lon="-78.47843">
        <ele>98.8</ele>
      </trkpt>
      <trkpt lat="35.79097" lon="-78.47841">
        <ele>98.9</ele>
      </trkpt>
      <trkpt lat="35.79102" lon="-78.47839">
        <ele>99.0</ele>
      </trkpt>
      <trkpt lat="35.79107" lon="-78.47837">
        <ele>99.2</ele>
      </trkpt>
      <trkpt lat="35.79114" lon="-78.47834">
        <ele>99.4</ele>
      </trkpt>
      <trkpt lat="35.79122" lon="-78.47831">
        <ele>99.7</ele>
      </trkpt>
      <trkpt lat="35.79131" lon="-78.47828">
        <ele>99.8</ele>
      </trkpt>
      <trkpt lat="35.79138" lon="-78.47826">
        <ele>99.9</ele>
      </trkpt>
      <trkpt lat="35.79145" lon="-78.47824">
        <ele>100.1</ele>
      </trkpt>
      <trkpt lat="35.79156" lon="-78.47821">
        <ele>100.5</ele>
      </trkpt>
      <trkpt lat="35.79162" lon="-78.47819">
        <ele>100.7</ele>
      </trkpt>
      <trkpt lat="35.79163" lon="-78.47819">
        <ele>100.7</ele>
      </trkpt>
      <trkpt lat="35.79174" lon="-78.47816">
        <ele>101.1</ele>
      </trkpt>
      <trkpt lat="35.79186" lon="-78.47813">
        <ele>101.7</ele>
      </trkpt>
      <trkpt lat="35.79192" lon="-78.47811">
        <ele>101.9</ele>
      </trkpt>
      <trkpt lat="35.79198" lon="-78.4781">
        <ele>102.2</ele>
      </trkpt>
      <trkpt lat="35.79214" lon="-78.47804">
        <ele>102.9</ele>
      </trkpt>
      <trkpt lat="35.79225" lon="-78.478">
        <ele>103.5</ele>
      </trkpt>
      <trkpt lat="35.79234" lon="-78.47796">
        <ele>103.7</ele>
      </trkpt>
      <trkpt lat="35.79238" lon="-78.47794">
        <ele>103.8</ele>
      </trkpt>
      <trkpt lat="35.79244" lon="-78.47791">
        <ele>104.0</ele>
      </trkpt>
      <trkpt lat="35.79249" lon="-78.47788">
        <ele>104.1</ele>
      </trkpt>
      <trkpt lat="35.79255" lon="-78.47785">
        <ele>104.2</ele>
      </trkpt>
      <trkpt lat="35.79262" lon="-78.4778">
        <ele>104.3</ele>
      </trkpt>
      <trkpt lat="35.79278" lon="-78.4777">
        <ele>104.7</ele>
      </trkpt>
      <trkpt lat="35.79281" lon="-78.47768">
        <ele>104.8</ele>
      </trkpt>
      <trkpt lat="35.79286" lon="-78.47765">
        <ele>104.9</ele>
      </trkpt>
      <trkpt lat="35.7929" lon="-78.47763">
        <ele>105.0</ele>
      </trkpt>
      <trkpt lat="35.79308" lon="-78.47752">
        <ele>105.3</ele>
      </trkpt>
      <trkpt lat="35.79317" lon="-78.47745">
        <ele>105.4</ele>
      </trkpt>
      <trkpt lat="35.79328" lon="-78.47737">
        <ele>105.6</ele>
      </trkpt>
      <trkpt lat="35.79343" lon="-78.47728">
        <ele>106.0</ele>
      </trkpt>
      <trkpt lat="35.7938" lon="-78.47704">
        <ele>106.9</ele>
      </trkpt>
      <trkpt lat="35.79385" lon="-78.47702">
        <ele>107.0</ele>
      </trkpt>
      <trkpt lat="35.79393" lon="-78.47697">
        <ele>107.1</ele>
      </trkpt>
      <trkpt lat="35.79407" lon="-78.47688">
        <ele>106.9</ele>
      </trkpt>
      <trkpt lat="35.79409" lon="-78.47687">
        <ele>106.9</ele>
      </trkpt>
      <trkpt lat="35.79413" lon="-78.47685">
        <ele>106.8</ele>
      </trkpt>
      <trkpt lat="35.79423" lon="-78.4768">
        <ele>106.6</ele>
      </trkpt>
      <trkpt lat="35.79436" lon="-78.47673">
        <ele>106.2</ele>
      </trkpt>
      <trkpt lat="35.79437" lon="-78.47672">
        <ele>106.2</ele>
      </trkpt>
      <trkpt lat="35.79444" lon="-78.47669">
        <ele>106.1</ele>
      </trkpt>
      <trkpt lat="35.79451" lon="-78.47665">
        <ele>106.0</ele>
      </trkpt>
      <trkpt lat="35.79451" lon="-78.47665">
        <ele>106.0</ele>
      </trkpt>
      <trkpt lat="35.79468" lon="-78.47703">
        <ele>105.0</ele>
      </trkpt>
      <trkpt lat="35.79469" lon="-78.47707">
        <ele>104.9</ele>
      </trkpt>
      <trkpt lat="35.79477" lon="-78.47727">
        <ele>104.1</ele>
      </trkpt>
      <trkpt lat="35.79486" lon="-78.47754">
        <ele>103.4</ele>
      </trkpt>
      <trkpt lat="35.79487" lon="-78.47758">
        <ele>103.3</ele>
      </trkpt>
      <trkpt lat="35.79487" lon="-78.4776">
        <ele>103.3</ele>
      </trkpt>
      <trkpt lat="35.79486" lon="-78.47762">
        <ele>103.3</ele>
      </trkpt>
      <trkpt lat="35.79486" lon="-78.47762">
        <ele>103.3</ele>
      </trkpt>
      <trkpt lat="35.79485" lon="-78.47765">
        <ele>103.4</ele>
      </trkpt>
      <trkpt lat="35.79483" lon="-78.47766">
        <ele>103.5</ele>
      </trkpt>
      <trkpt lat="35.79481" lon="-78.47769">
        <ele>103.7</ele>
      </trkpt>
      <trkpt lat="35.79475" lon="-78.47772">
        <ele>104.0</ele>
      </trkpt>
      <trkpt lat="35.7946" lon="-78.47781">
        <ele>104.9</ele>
      </trkpt>
      <trkpt lat="35.79456" lon="-78.47784">
        <ele>105.2</ele>
      </trkpt>
      <trkpt lat="35.79439" lon="-78.47793">
        <ele>106.0</ele>
      </trkpt>
      <trkpt lat="35.79417" lon="-78.47805">
        <ele>106.2</ele>
      </trkpt>
      <trkpt lat="35.79406" lon="-78.47811">
        <ele>106.2</ele>
      </trkpt>
      <trkpt lat="35.7939" lon="-78.4782">
        <ele>106.2</ele>
      </trkpt>
      <trkpt lat="35.79373" lon="-78.47829">
        <ele>106.6</ele>
      </trkpt>
      <trkpt lat="35.79368" lon="-78.47832">
        <ele>106.7</ele>
      </trkpt>
      <trkpt lat="35.79341" lon="-78.47847">
        <ele>106.6</ele>
      </trkpt>
      <trkpt lat="35.79306" lon="-78.47866">
        <ele>105.9</ele>
      </trkpt>
      <trkpt lat="35.79232" lon="-78.47907">
        <ele>103.1</ele>
      </trkpt>
      <trkpt lat="35.79199" lon="-78.47925">
        <ele>102.2</ele>
      </trkpt>
      <trkpt lat="35.79199" lon="-78.47926">
        <ele>102.2</ele>
      </trkpt>
      <trkpt lat="35.7915" lon="-78.47953">
        <ele>98.1</ele>
      </trkpt>
      <trkpt lat="35.79134" lon="-78.47962">
        <ele>96.7</ele>
      </trkpt>
      <trkpt lat="35.79103" lon="-78.47979">
        <ele>95.0</ele>
      </trkpt>
      <trkpt lat="35.79072" lon="-78.47996">
        <ele>93.5</ele>
      </trkpt>
      <trkpt lat="35.79056" lon="-78.48005">
        <ele>92.9</ele>
      </trkpt>
      <trkpt lat="35.79039" lon="-78.48014">
        <ele>92.6</ele>
      </trkpt>
      <trkpt lat="35.79038" lon="-78.48014">
        <ele>92.6</ele>
      </trkpt>
      <trkpt lat="35.79023" lon="-78.48022">
        <ele>92.4</ele>
      </trkpt>
      <trkpt lat="35.79006" lon="-78.48031">
        <ele>92.2</ele>
      </trkpt>
      <trkpt lat="35.78973" lon="-78.48049">
        <ele>93.3</ele>
      </trkpt>
      <trkpt lat="35.78973" lon="-78.48049">
        <ele>93.3</ele>
      </trkpt>
      <trkpt lat="35.78949" lon="-78.48062">
        <ele>94.4</ele>
      </trkpt>
      <trkpt lat="35.78941" lon="-78.48067">
        <ele>94.5</ele>
      </trkpt>
      <trkpt lat="35.78916" lon="-78.4808">
        <ele>94.2</ele>
      </trkpt>
      <trkpt lat="35.78884" lon="-78.48098">
        <ele>93.5</ele>
      </trkpt>
      <trkpt lat="35.78875" lon="-78.48103">
        <ele>93.3</ele>
      </trkpt>
      <trkpt lat="35.78842" lon="-78.48121">
        <ele>93.8</ele>
      </trkpt>
      <trkpt lat="35.78806" lon="-78.48141">
        <ele>94.9</ele>
      </trkpt>
      <trkpt lat="35.78784" lon="-78.48153">
        <ele>95.6</ele>
      </trkpt>
      <trkpt lat="35.78784" lon="-78.48153">
        <ele>95.6</ele>
      </trkpt>
      <trkpt lat="35.78785" lon="-78.48162">
        <ele>95.6</ele>
      </trkpt>
      <trkpt lat="35.78785" lon="-78.48168">
        <ele>95.7</ele>
      </trkpt>
      <trkpt lat="35.78786" lon="-78.48179">
        <ele>95.8</ele>
      </trkpt>
      <trkpt lat="35.78786" lon="-78.4819">
        <ele>95.8</ele>
      </trkpt>
      <trkpt lat="35.78788" lon="-78.48205">
        <ele>95.6</ele>
      </trkpt>
      <trkpt lat="35.78792" lon="-78.48231">
        <ele>94.9</ele>
      </trkpt>
      <trkpt lat="35.78793" lon="-78.48244">
        <ele>94.4</ele>
      </trkpt>
      <trkpt lat="35.78793" lon="-78.48256">
        <ele>94.3</ele>
      </trkpt>
      <trkpt lat="35.78794" lon="-78.48267">
        <ele>94.3</ele>
      </trkpt>
      <trkpt lat="35.78793" lon="-78.48281">
        <ele>94.1</ele>
      </trkpt>
      <trkpt lat="35.78793" lon="-78.48288">
        <ele>93.9</ele>
      </trkpt>
      <trkpt lat="35.78792" lon="-78.48289">
        <ele>93.9</ele>
      </trkpt>
      <trkpt lat="35.78792" lon="-78.48291">
        <ele>93.9</ele>
      </trkpt>
      <trkpt lat="35.78792" lon="-78.48297">
        <ele>93.7</ele>
      </trkpt>
      <trkpt lat="35.7879" lon="-78.48306">
        <ele>93.8</ele>
      </trkpt>
      <trkpt lat="35.78789" lon="-78.48313">
        <ele>94.1</ele>
      </trkpt>
      <trkpt lat="35.78786" lon="-78.48324">
        <ele>94.4</ele>
      </trkpt>
      <trkpt lat="35.78782" lon="-78.48335">
        <ele>94.6</ele>
      </trkpt>
      <trkpt lat="35.78774" lon="-78.48353">
        <ele>95.0</ele>
      </trkpt>
      <trkpt lat="35.78767" lon="-78.48365">
        <ele>95.3</ele>
      </trkpt>
      <trkpt lat="35.78762" lon="-78.48374">
        <ele>95.4</ele>
      </trkpt>
      <trkpt lat="35.78756" lon="-78.48383">
        <ele>95.5</ele>
      </trkpt>
      <trkpt lat="35.78753" lon="-78.48389">
        <ele>95.6</ele>
      </trkpt>
      <trkpt lat="35.78744" lon="-78.48404">
        <ele>95.8</ele>
      </trkpt>
      <trkpt lat="35.7874" lon="-78.4841">
        <ele>95.8</ele>
      </trkpt>
      <trkpt lat="35.7874" lon="-78.48411">
        <ele>95.8</ele>
      </trkpt>
      <trkpt lat="35.78738" lon="-78.48415">
        <ele>95.7</ele>
      </trkpt>
      <trkpt lat="35.78735" lon="-78.48419">
        <ele>95.7</ele>
      </trkpt>
      <trkpt lat="35.78732" lon="-78.48423">
        <ele>95.8</ele>
      </trkpt>
      <trkpt lat="35.78719" lon="-78.48445">
        <ele>95.9</ele>
      </trkpt>
      <trkpt lat="35.78697" lon="-78.48476">
        <ele>95.4</ele>
      </trkpt>
      <trkpt lat="35.7868" lon="-78.485">
        <ele>95.1</ele>
      </trkpt>
      <trkpt lat="35.78674" lon="-78.48509">
        <ele>95.0</ele>
      </trkpt>
      <trkpt lat="35.78666" lon="-78.4852">
        <ele>95.0</ele>
      </trkpt>
      <trkpt lat="35.78661" lon="-78.48528">
        <ele>94.9</ele>
      </trkpt>
      <trkpt lat="35.78656" lon="-78.48535">
        <ele>94.9</ele>
      </trkpt>
      <trkpt lat="35.78652" lon="-78.48539">
        <ele>94.8</ele>
      </trkpt>
      <trkpt lat="35.78636" lon="-78.48559">
        <ele>94.5</ele>
      </trkpt>
      <trkpt lat="35.78628" lon="-78.48562">
        <ele>94.4</ele>
      </trkpt>
      <trkpt lat="35.78623" lon="-78.48563">
        <ele>94.3</ele>
      </trkpt>
      <trkpt lat="35.78618" lon="-78.48564">
        <ele>94.2</ele>
      </trkpt>
      <trkpt lat="35.78611" lon="-78.48565">
        <ele>94.1</ele>
      </trkpt>
      <trkpt lat="35.78595" lon="-78.48572">
        <ele>94.0</ele>
      </trkpt>
      <trkpt lat="35.78595" lon="-78.48572">
        <ele>94.0</ele>
      </trkpt>
      <trkpt lat="35.78576" lon="-78.48579">
        <ele>93.8</ele>
      </trkpt>
      <trkpt lat="35.78553" lon="-78.48589">
        <ele>93.9</ele>
      </trkpt>
      <trkpt lat="35.78548" lon="-78.48591">
        <ele>93.9</ele>
      </trkpt>
      <trkpt lat="35.78527" lon="-78.48602">
        <ele>94.0</ele>
      </trkpt>
      <trkpt lat="35.78513" lon="-78.4861">
        <ele>94.2</ele>
      </trkpt>
      <trkpt lat="35.78486" lon="-78.48626">
        <ele>94.3</ele>
      </trkpt>
      <trkpt lat="35.78479" lon="-78.48632">
        <ele>94.3</ele>
      </trkpt>
      <trkpt lat="35.78472" lon="-78.48637">
        <ele>94.3</ele>
      </trkpt>
      <trkpt lat="35.78458" lon="-78.48647">
        <ele>94.2</ele>
      </trkpt>
      <trkpt lat="35.78414" lon="-78.48678">
        <ele>93.8</ele>
      </trkpt>
      <trkpt lat="35.78379" lon="-78.48703">
        <ele>93.7</ele>
      </trkpt>
      <trkpt lat="35.78372" lon="-78.48709">
        <ele>93.7</ele>
      </trkpt>
      <trkpt lat="35.78358" lon="-78.48721">
        <ele>93.7</ele>
      </trkpt>
      <trkpt lat="35.78331" lon="-78.48741">
        <ele>93.7</ele>
      </trkpt>
      <trkpt lat="35.7833" lon="-78.48742">
        <ele>93.7</ele>
      </trkpt>
      <trkpt lat="35.78321" lon="-78.48749">
        <ele>93.7</ele>
      </trkpt>
      <trkpt lat="35.78321" lon="-78.48749">
        <ele>93.7</ele>
      </trkpt>
      <trkpt lat="35.78321" lon="-78.48749">
        <ele>93.7</ele>
      </trkpt>
      <trkpt lat="35.78307" lon="-78.4876">
        <ele>93.7</ele>
      </trkpt>
      <trkpt lat="35.78306" lon="-78.48762">
        <ele>93.6</ele>
      </trkpt>
      <trkpt lat="35.78292" lon="-78.48772">
        <ele>93.8</ele>
      </trkpt>
      <trkpt lat="35.78265" lon="-78.48794">
        <ele>94.1</ele>
      </trkpt>
      <trkpt lat="35.78257" lon="-78.48801">
        <ele>94.2</ele>
      </trkpt>
      <trkpt lat="35.78234" lon="-78.48819">
        <ele>94.3</ele>
      </trkpt>
      <trkpt lat="35.78218" lon="-78.48831">
        <ele>94.4</ele>
      </trkpt>
      <trkpt lat="35.78206" lon="-78.4884">
        <ele>94.4</ele>
      </trkpt>
      <trkpt lat="35.78198" lon="-78.48847">
        <ele>94.4</ele>
      </trkpt>
      <trkpt lat="35.78194" lon="-78.48849">
        <ele>94.4</ele>
      </trkpt>
      <trkpt lat="35.78174" lon="-78.48865">
        <ele>94.5</ele>
      </trkpt>
      <trkpt lat="35.78166" lon="-78.4887">
        <ele>94.6</ele>
      </trkpt>
      <trkpt lat="35.78158" lon="-78.48877">
        <ele>94.6</ele>
      </trkpt>
      <trkpt lat="35.7815" lon="-78.48883">
        <ele>94.6</ele>
      </trkpt>
      <trkpt lat="35.78143" lon="-78.48888">
        <ele>94.7</ele>
      </trkpt>
      <trkpt lat="35.78103" lon="-78.4892">
        <ele>95.5</ele>
      </trkpt>
      <trkpt lat="35.78088" lon="-78.4893">
        <ele>95.7</ele>
      </trkpt>
      <trkpt lat="35.78084" lon="-78.48933">
        <ele>95.8</ele>
      </trkpt>
      <trkpt lat="35.78077" lon="-78.48939">
        <ele>96.0</ele>
      </trkpt>
      <trkpt lat="35.78069" lon="-78.48944">
        <ele>96.1</ele>
      </trkpt>
      <trkpt lat="35.78063" lon="-78.48949">
        <ele>96.3</ele>
      </trkpt>
      <trkpt lat="35.78062" lon="-78.48949">
        <ele>96.3</ele>
      </trkpt>
      <trkpt lat="35.78051" lon="-78.48956">
        <ele>96.4</ele>
      </trkpt>
      <trkpt lat="35.78046" lon="-78.48958">
        <ele>96.5</ele>
      </trkpt>
      <trkpt lat="35.78041" lon="-78.48962">
        <ele>96.6</ele>
      </trkpt>
      <trkpt lat="35.78034" lon="-78.48965">
        <ele>96.7</ele>
      </trkpt>
      <trkpt lat="35.78032" lon="-78.48967">
        <ele>96.7</ele>
      </trkpt>
      <trkpt lat="35.7803" lon="-78.48967">
        <ele>96.8</ele>
      </trkpt>
      <trkpt lat="35.78027" lon="-78.48969">
        <ele>96.8</ele>
      </trkpt>
      <trkpt lat="35.78018" lon="-78.48973">
        <ele>96.8</ele>
      </trkpt>
      <trkpt lat="35.78017" lon="-78.48974">
        <ele>96.8</ele>
      </trkpt>
      <trkpt lat="35.78011" lon="-78.48976">
        <ele>96.8</ele>
      </trkpt>
      <trkpt lat="35.77985" lon="-78.48988">
        <ele>96.8</ele>
      </trkpt>
      <trkpt lat="35.77977" lon="-78.48991">
        <ele>96.7</ele>
      </trkpt>
      <trkpt lat="35.77961" lon="-78.48998">
        <ele>96.6</ele>
      </trkpt>
      <trkpt lat="35.77945" lon="-78.49005">
        <ele>96.5</ele>
      </trkpt>
      <trkpt lat="35.77932" lon="-78.4901">
        <ele>96.5</ele>
      </trkpt>
      <trkpt lat="35.77859" lon="-78.49038">
        <ele>97.3</ele>
      </trkpt>
      <trkpt lat="35.77826" lon="-78.49042">
        <ele>97.6</ele>
      </trkpt>
      <trkpt lat="35.77823" lon="-78.49042">
        <ele>97.6</ele>
      </trkpt>
      <trkpt lat="35.77807" lon="-78.49042">
        <ele>97.3</ele>
      </trkpt>
      <trkpt lat="35.77803" lon="-78.49041">
        <ele>97.3</ele>
      </trkpt>
      <trkpt lat="35.77799" lon="-78.49041">
        <ele>97.2</ele>
      </trkpt>
      <trkpt lat="35.77772" lon="-78.49039">
        <ele>97.0</ele>
      </trkpt>
      <trkpt lat="35.77734" lon="-78.49035">
        <ele>96.7</ele>
      </trkpt>
      <trkpt lat="35.77727" lon="-78.49035">
        <ele>96.6</ele>
      </trkpt>
      <trkpt lat="35.77713" lon="-78.49034">
        <ele>96.4</ele>
      </trkpt>
      <trkpt lat="35.77693" lon="-78.49031">
        <ele>96.4</ele>
      </trkpt>
      <trkpt lat="35.77644" lon="-78.49025">
        <ele>95.9</ele>
      </trkpt>
      <trkpt lat="35.77618" lon="-78.4902">
        <ele>95.6</ele>
      </trkpt>
      <trkpt lat="35.77591" lon="-78.49013">
        <ele>95.2</ele>
      </trkpt>
      <trkpt lat="35.77556" lon="-78.48999">
        <ele>94.9</ele>
      </trkpt>
      <trkpt lat="35.7754" lon="-78.48991">
        <ele>94.5</ele>
      </trkpt>
      <trkpt lat="35.77508" lon="-78.48975">
        <ele>94.2</ele>
      </trkpt>
      <trkpt lat="35.77504" lon="-78.48973">
        <ele>94.2</ele>
      </trkpt>
      <trkpt lat="35.77468" lon="-78.48953">
        <ele>94.0</ele>
      </trkpt>
      <trkpt lat="35.77425" lon="-78.48931">
        <ele>94.4</ele>
      </trkpt>
      <trkpt lat="35.77418" lon="-78.48927">
        <ele>94.4</ele>
      </trkpt>
      <trkpt lat="35.77407" lon="-78.48921">
        <ele>94.3</ele>
      </trkpt>
      <trkpt lat="35.7738" lon="-78.48907">
        <ele>94.2</ele>
      </trkpt>
      <trkpt lat="35.7735" lon="-78.48891">
        <ele>93.7</ele>
      </trkpt>
      <trkpt lat="35.77344" lon="-78.48887">
        <ele>93.7</ele>
      </trkpt>
      <trkpt lat="35.77341" lon="-78.48886">
        <ele>93.7</ele>
      </trkpt>
      <trkpt lat="35.77312" lon="-78.48874">
        <ele>93.5</ele>
      </trkpt>
      <trkpt lat="35.77303" lon="-78.48871">
        <ele>93.3</ele>
      </trkpt>
      <trkpt lat="35.77294" lon="-78.48868">
        <ele>93.3</ele>
      </trkpt>
      <trkpt lat="35.77271" lon="-78.48864">
        <ele>93.1</ele>
      </trkpt>
      <trkpt lat="35.77265" lon="-78.48863">
        <ele>93.1</ele>
      </trkpt>
      <trkpt lat="35.77258" lon="-78.48863">
        <ele>93.1</ele>
      </trkpt>
      <trkpt lat="35.77254" lon="-78.48863">
        <ele>93.1</ele>
      </trkpt>
      <trkpt lat="35.77247" lon="-78.48863">
        <ele>93.1</ele>
      </trkpt>
      <trkpt lat="35.77243" lon="-78.48862">
        <ele>93.1</ele>
      </trkpt>
      <trkpt lat="35.77239" lon="-78.48862">
        <ele>93.2</ele>
      </trkpt>
      <trkpt lat="35.7723" lon="-78.48862">
        <ele>93.2</ele>
      </trkpt>
      <trkpt lat="35.77208" lon="-78.48863">
        <ele>92.9</ele>
      </trkpt>
      <trkpt lat="35.77165" lon="-78.48864">
        <ele>92.7</ele>
      </trkpt>
      <trkpt lat="35.77093" lon="-78.48866">
        <ele>92.4</ele>
      </trkpt>
      <trkpt lat="35.7709" lon="-78.48866">
        <ele>92.4</ele>
      </trkpt>
      <trkpt lat="35.77055" lon="-78.48867">
        <ele>92.6</ele>
      </trkpt>
      <trkpt lat="35.77008" lon="-78.48869">
        <ele>93.3</ele>
      </trkpt>
      <trkpt lat="35.76995" lon="-78.48868">
        <ele>93.5</ele>
      </trkpt>
      <trkpt lat="35.76987" lon="-78.48868">
        <ele>93.5</ele>
      </trkpt>
      <trkpt lat="35.76985" lon="-78.48868">
        <ele>93.5</ele>
      </trkpt>
      <trkpt lat="35.76983" lon="-78.48868">
        <ele>93.6</ele>
      </trkpt>
      <trkpt lat="35.76981" lon="-78.48868">
        <ele>93.6</ele>
      </trkpt>
      <trkpt lat="35.76965" lon="-78.48867">
        <ele>93.5</ele>
      </trkpt>
      <trkpt lat="35.76959" lon="-78.48866">
        <ele>93.4</ele>
      </trkpt>
      <trkpt lat="35.76955" lon="-78.48866">
        <ele>93.4</ele>
      </trkpt>
      <trkpt lat="35.76946" lon="-78.48864">
        <ele>93.3</ele>
      </trkpt>
      <trkpt lat="35.76934" lon="-78.48861">
        <ele>93.0</ele>
      </trkpt>
      <trkpt lat="35.76925" lon="-78.48858">
        <ele>92.9</ele>
      </trkpt>
      <trkpt lat="35.76918" lon="-78.48855">
        <ele>92.8</ele>
      </trkpt>
      <trkpt lat="35.76912" lon="-78.48853">
        <ele>92.8</ele>
      </trkpt>
      <trkpt lat="35.76906" lon="-78.4885">
        <ele>92.7</ele>
      </trkpt>
      <trkpt lat="35.76903" lon="-78.48848">
        <ele>92.7</ele>
      </trkpt>
      <trkpt lat="35.76893" lon="-78.48843">
        <ele>92.8</ele>
      </trkpt>
      <trkpt lat="35.76878" lon="-78.48834">
        <ele>93.2</ele>
      </trkpt>
      <trkpt lat="35.76866" lon="-78.48826">
        <ele>93.5</ele>
      </trkpt>
      <trkpt lat="35.76859" lon="-78.4882">
        <ele>93.6</ele>
      </trkpt>
      <trkpt lat="35.76845" lon="-78.4881">
        <ele>93.7</ele>
      </trkpt>
      <trkpt lat="35.76839" lon="-78.48806">
        <ele>93.7</ele>
      </trkpt>
      <trkpt lat="35.76832" lon="-78.48801">
        <ele>93.7</ele>
      </trkpt>
      <trkpt lat="35.7682" lon="-78.48792">
        <ele>93.6</ele>
      </trkpt>
      <trkpt lat="35.76814" lon="-78.48788">
        <ele>93.7</ele>
      </trkpt>
      <trkpt lat="35.76799" lon="-78.48776">
        <ele>93.3</ele>
      </trkpt>
      <trkpt lat="35.76782" lon="-78.48764">
        <ele>93.2</ele>
      </trkpt>
      <trkpt lat="35.76762" lon="-78.48748">
        <ele>93.2</ele>
      </trkpt>
      <trkpt lat="35.76746" lon="-78.48737">
        <ele>93.3</ele>
      </trkpt>
      <trkpt lat="35.76732" lon="-78.48725">
        <ele>93.4</ele>
      </trkpt>
      <trkpt lat="35.76731" lon="-78.48725">
        <ele>93.4</ele>
      </trkpt>
      <trkpt lat="35.7673" lon="-78.48724">
        <ele>93.4</ele>
      </trkpt>
      <trkpt lat="35.76716" lon="-78.48713">
        <ele>93.5</ele>
      </trkpt>
      <trkpt lat="35.76707" lon="-78.48706">
        <ele>93.6</ele>
      </trkpt>
      <trkpt lat="35.76706" lon="-78.48705">
        <ele>93.6</ele>
      </trkpt>
      <trkpt lat="35.76703" lon="-78.48703">
        <ele>93.7</ele>
      </trkpt>
      <trkpt lat="35.76701" lon="-78.48701">
        <ele>93.7</ele>
      </trkpt>
      <trkpt lat="35.76699" lon="-78.487">
        <ele>93.7</ele>
      </trkpt>
      <trkpt lat="35.76672" lon="-78.4868">
        <ele>93.9</ele>
      </trkpt>
      <trkpt lat="35.76622" lon="-78.48642">
        <ele>94.4</ele>
      </trkpt>
      <trkpt lat="35.766" lon="-78.48627">
        <ele>94.7</ele>
      </trkpt>
      <trkpt lat="35.76599" lon="-78.48627">
        <ele>94.7</ele>
      </trkpt>
      <trkpt lat="35.76598" lon="-78.48626">
        <ele>94.7</ele>
      </trkpt>
      <trkpt lat="35.76579" lon="-78.48615">
        <ele>94.7</ele>
      </trkpt>
      <trkpt lat="35.76571" lon="-78.48611">
        <ele>94.7</ele>
      </trkpt>
      <trkpt lat="35.76569" lon="-78.4861">
        <ele>94.7</ele>
      </trkpt>
      <trkpt lat="35.76567" lon="-78.48608">
        <ele>94.7</ele>
      </trkpt>
      <trkpt lat="35.76555" lon="-78.48602">
        <ele>94.7</ele>
      </trkpt>
      <trkpt lat="35.76532" lon="-78.48592">
        <ele>95.0</ele>
      </trkpt>
      <trkpt lat="35.7652" lon="-78.48586">
        <ele>95.1</ele>
      </trkpt>
      <trkpt lat="35.76489" lon="-78.48575">
        <ele>95.7</ele>
      </trkpt>
      <trkpt lat="35.76482" lon="-78.48572">
        <ele>95.8</ele>
      </trkpt>
      <trkpt lat="35.76468" lon="-78.48567">
        <ele>96.1</ele>
      </trkpt>
      <trkpt lat="35.76467" lon="-78.48567">
        <ele>96.1</ele>
      </trkpt>
      <trkpt lat="35.76447" lon="-78.48562">
        <ele>96.3</ele>
      </trkpt>
      <trkpt lat="35.76429" lon="-78.48557">
        <ele>96.4</ele>
      </trkpt>
      <trkpt lat="35.76414" lon="-78.48553">
        <ele>96.5</ele>
      </trkpt>
      <trkpt lat="35.76413" lon="-78.48552">
        <ele>96.5</ele>
      </trkpt>
      <trkpt lat="35.76359" lon="-78.4854">
        <ele>95.4</ele>
      </trkpt>
      <trkpt lat="35.76325" lon="-78.48533">
        <ele>95.0</ele>
      </trkpt>
      <trkpt lat="35.76308" lon="-78.48529">
        <ele>94.8</ele>
      </trkpt>
      <trkpt lat="35.76298" lon="-78.48527">
        <ele>94.9</ele>
      </trkpt>
      <trkpt lat="35.76272" lon="-78.48521">
        <ele>95.6</ele>
      </trkpt>
      <trkpt lat="35.76222" lon="-78.48509">
        <ele>96.5</ele>
      </trkpt>
      <trkpt lat="35.76204" lon="-78.48505">
        <ele>96.5</ele>
      </trkpt>
      <trkpt lat="35.76159" lon="-78.48495">
        <ele>96.8</ele>
      </trkpt>
      <trkpt lat="35.76153" lon="-78.48494">
        <ele>96.7</ele>
      </trkpt>
      <trkpt lat="35.76145" lon="-78.48492">
        <ele>96.6</ele>
      </trkpt>
      <trkpt lat="35.76118" lon="-78.48486">
        <ele>96.4</ele>
      </trkpt>
      <trkpt lat="35.76065" lon="-78.48475">
        <ele>95.9</ele>
      </trkpt>
      <trkpt lat="35.76047" lon="-78.48471">
        <ele>95.7</ele>
      </trkpt>
      <trkpt lat="35.75989" lon="-78.48458">
        <ele>95.1</ele>
      </trkpt>
      <trkpt lat="35.75984" lon="-78.48457">
        <ele>95.0</ele>
      </trkpt>
      <trkpt lat="35.75981" lon="-78.48456">
        <ele>94.9</ele>
      </trkpt>
      <trkpt lat="35.75954" lon="-78.48451">
        <ele>94.6</ele>
      </trkpt>
      <trkpt lat="35.75901" lon="-78.48439">
        <ele>94.0</ele>
      </trkpt>
      <trkpt lat="35.75879" lon="-78.48434">
        <ele>93.7</ele>
      </trkpt>
      <trkpt lat="35.75826" lon="-78.48423">
        <ele>92.7</ele>
      </trkpt>
      <trkpt lat="35.75773" lon="-78.48411">
        <ele>91.9</ele>
      </trkpt>
      <trkpt lat="35.75738" lon="-78.48403">
        <ele>91.5</ele>
      </trkpt>
      <trkpt lat="35.75716" lon="-78.48399">
        <ele>91.2</ele>
      </trkpt>
      <trkpt lat="35.75712" lon="-78.48398">
        <ele>91.1</ele>
      </trkpt>
      <trkpt lat="35.75679" lon="-78.48391">
        <ele>90.7</ele>
      </trkpt>
      <trkpt lat="35.7566" lon="-78.48386">
        <ele>90.6</ele>
      </trkpt>
      <trkpt lat="35.75625" lon="-78.48379">
        <ele>90.3</ele>
      </trkpt>
      <trkpt lat="35.75565" lon="-78.48366">
        <ele>90.6</ele>
      </trkpt>
      <trkpt lat="35.75553" lon="-78.48364">
        <ele>90.7</ele>
      </trkpt>
      <trkpt lat="35.7553" lon="-78.48359">
        <ele>90.7</ele>
      </trkpt>
      <trkpt lat="35.75506" lon="-78.48355">
        <ele>90.6</ele>
      </trkpt>
      <trkpt lat="35.75493" lon="-78.48352">
        <ele>90.5</ele>
      </trkpt>
      <trkpt lat="35.7544" lon="-78.4834">
        <ele>89.5</ele>
      </trkpt>
      <trkpt lat="35.75405" lon="-78.48332">
        <ele>88.6</ele>
      </trkpt>
      <trkpt lat="35.75373" lon="-78.48325">
        <ele>87.5</ele>
      </trkpt>
      <trkpt lat="35.75356" lon="-78.48321">
        <ele>87.0</ele>
      </trkpt>
      <trkpt lat="35.75333" lon="-78.48316">
        <ele>86.4</ele>
      </trkpt>
      <trkpt lat="35.7528" lon="-78.48304">
        <ele>83.7</ele>
      </trkpt>
      <trkpt lat="35.75262" lon="-78.48301">
        <ele>82.7</ele>
      </trkpt>
      <trkpt lat="35.75245" lon="-78.48297">
        <ele>82.0</ele>
      </trkpt>
      <trkpt lat="35.75227" lon="-78.48293">
        <ele>82.1</ele>
      </trkpt>
      <trkpt lat="35.75191" lon="-78.48286">
        <ele>82.8</ele>
      </trkpt>
      <trkpt lat="35.75174" lon="-78.48282">
        <ele>83.4</ele>
      </trkpt>
      <trkpt lat="35.75145" lon="-78.48276">
        <ele>85.1</ele>
      </trkpt>
      <trkpt lat="35.75131" lon="-78.48273">
        <ele>85.8</ele>
      </trkpt>
      <trkpt lat="35.75124" lon="-78.48272">
        <ele>86.0</ele>
      </trkpt>
      <trkpt lat="35.7512" lon="-78.48272">
        <ele>86.1</ele>
      </trkpt>
      <trkpt lat="35.75114" lon="-78.48271">
        <ele>86.4</ele>
      </trkpt>
      <trkpt lat="35.75112" lon="-78.48271">
        <ele>86.5</ele>
      </trkpt>
      <trkpt lat="35.75106" lon="-78.48271">
        <ele>86.8</ele>
      </trkpt>
      <trkpt lat="35.75102" lon="-78.48271">
        <ele>87.1</ele>
      </trkpt>
      <trkpt lat="35.75098" lon="-78.48272">
        <ele>87.3</ele>
      </trkpt>
      <trkpt lat="35.75089" lon="-78.48272">
        <ele>87.8</ele>
      </trkpt>
      <trkpt lat="35.75084" lon="-78.48276">
        <ele>88.1</ele>
      </trkpt>
      <trkpt lat="35.75082" lon="-78.48276">
        <ele>88.1</ele>
      </trkpt>
      <trkpt lat="35.75078" lon="-78.48276">
        <ele>88.3</ele>
      </trkpt>
      <trkpt lat="35.75071" lon="-78.48276">
        <ele>88.4</ele>
      </trkpt>
      <trkpt lat="35.75067" lon="-78.48276">
        <ele>88.4</ele>
      </trkpt>
      <trkpt lat="35.75056" lon="-78.48275">
        <ele>88.2</ele>
      </trkpt>
      <trkpt lat="35.75051" lon="-78.48274">
        <ele>88.2</ele>
      </trkpt>
      <trkpt lat="35.75036" lon="-78.48272">
        <ele>88.2</ele>
      </trkpt>
      <trkpt lat="35.75034" lon="-78.48272">
        <ele>88.2</ele>
      </trkpt>
      <trkpt lat="35.75027" lon="-78.48271">
        <ele>88.2</ele>
      </trkpt>
      <trkpt lat="35.75015" lon="-78.4827">
        <ele>88.2</ele>
      </trkpt>
      <trkpt lat="35.75013" lon="-78.4827">
        <ele>88.2</ele>
      </trkpt>
      <trkpt lat="35.74997" lon="-78.4827">
        <ele>88.2</ele>
      </trkpt>
      <trkpt lat="35.74989" lon="-78.4827">
        <ele>88.3</ele>
      </trkpt>
      <trkpt lat="35.7498" lon="-78.48271">
        <ele>88.5</ele>
      </trkpt>
      <trkpt lat="35.74968" lon="-78.48272">
        <ele>88.7</ele>
      </trkpt>
      <trkpt lat="35.74964" lon="-78.48272">
        <ele>88.8</ele>
      </trkpt>
      <trkpt lat="35.74932" lon="-78.48276">
        <ele>88.7</ele>
      </trkpt>
      <trkpt lat="35.74906" lon="-78.48279">
        <ele>88.5</ele>
      </trkpt>
      <trkpt lat="35.74883" lon="-78.48282">
        <ele>88.2</ele>
      </trkpt>
      <trkpt lat="35.74833" lon="-78.48287">
        <ele>88.3</ele>
      </trkpt>
      <trkpt lat="35.74809" lon="-78.4829">
        <ele>88.3</ele>
      </trkpt>
      <trkpt lat="35.74807" lon="-78.4829">
        <ele>88.3</ele>
      </trkpt>
      <trkpt lat="35.74806" lon="-78.48291">
        <ele>88.3</ele>
      </trkpt>
      <trkpt lat="35.74784" lon="-78.48294">
        <ele>88.2</ele>
      </trkpt>
      <trkpt lat="35.74778" lon="-78.48294">
        <ele>88.2</ele>
      </trkpt>
      <trkpt lat="35.74768" lon="-78.48296">
        <ele>88.1</ele>
      </trkpt>
      <trkpt lat="35.7476" lon="-78.48298">
        <ele>88.0</ele>
      </trkpt>
      <trkpt lat="35.74753" lon="-78.48299">
        <ele>88.0</ele>
      </trkpt>
      <trkpt lat="35.74735" lon="-78.48303">
        <ele>87.9</ele>
      </trkpt>
      <trkpt lat="35.74732" lon="-78.48304">
        <ele>87.9</ele>
      </trkpt>
      <trkpt lat="35.74726" lon="-78.48305">
        <ele>87.9</ele>
      </trkpt>
      <trkpt lat="35.74707" lon="-78.48309">
        <ele>87.7</ele>
      </trkpt>
      <trkpt lat="35.74697" lon="-78.48311">
        <ele>87.4</ele>
      </trkpt>
      <trkpt lat="35.74688" lon="-78.48313">
        <ele>87.1</ele>
      </trkpt>
      <trkpt lat="35.74668" lon="-78.48317">
        <ele>86.4</ele>
      </trkpt>
      <trkpt lat="35.74644" lon="-78.48323">
        <ele>85.9</ele>
      </trkpt>
      <trkpt lat="35.74636" lon="-78.48325">
        <ele>85.4</ele>
      </trkpt>
      <trkpt lat="35.74621" lon="-78.48328">
        <ele>85.0</ele>
      </trkpt>
      <trkpt lat="35.74597" lon="-78.48333">
        <ele>84.4</ele>
      </trkpt>
      <trkpt lat="35.74589" lon="-78.48335">
        <ele>84.2</ele>
      </trkpt>
      <trkpt lat="35.74573" lon="-78.48339">
        <ele>83.7</ele>
      </trkpt>
      <trkpt lat="35.74541" lon="-78.48345">
        <ele>82.7</ele>
      </trkpt>
      <trkpt lat="35.74498" lon="-78.48355">
        <ele>81.5</ele>
      </trkpt>
      <trkpt lat="35.74493" lon="-78.48356">
        <ele>81.4</ele>
      </trkpt>
      <trkpt lat="35.74488" lon="-78.48357">
        <ele>81.3</ele>
      </trkpt>
      <trkpt lat="35.7448" lon="-78.48359">
        <ele>81.2</ele>
      </trkpt>
      <trkpt lat="35.7447" lon="-78.48361">
        <ele>81.0</ele>
      </trkpt>
      <trkpt lat="35.74452" lon="-78.48365">
        <ele>80.8</ele>
      </trkpt>
      <trkpt lat="35.74436" lon="-78.48369">
        <ele>80.5</ele>
      </trkpt>
      <trkpt lat="35.74434" lon="-78.48369">
        <ele>80.5</ele>
      </trkpt>
      <trkpt lat="35.74427" lon="-78.48371">
        <ele>80.5</ele>
      </trkpt>
      <trkpt lat="35.74422" lon="-78.48372">
        <ele>80.4</ele>
      </trkpt>
      <trkpt lat="35.74417" lon="-78.48373">
        <ele>80.3</ele>
      </trkpt>
      <trkpt lat="35.74388" lon="-78.4838">
        <ele>80.1</ele>
      </trkpt>
      <trkpt lat="35.74364" lon="-78.48385">
        <ele>80.1</ele>
      </trkpt>
      <trkpt lat="35.74356" lon="-78.48387">
        <ele>80.0</ele>
      </trkpt>
      <trkpt lat="35.74352" lon="-78.48388">
        <ele>80.0</ele>
      </trkpt>
      <trkpt lat="35.74346" lon="-78.48389">
        <ele>80.1</ele>
      </trkpt>
      <trkpt lat="35.74319" lon="-78.48395">
        <ele>80.6</ele>
      </trkpt>
      <trkpt lat="35.74293" lon="-78.48401">
        <ele>81.2</ele>
      </trkpt>
      <trkpt lat="35.74285" lon="-78.48402">
        <ele>81.4</ele>
      </trkpt>
      <trkpt lat="35.74281" lon="-78.48403">
        <ele>81.5</ele>
      </trkpt>
      <trkpt lat="35.74275" lon="-78.48405">
        <ele>81.5</ele>
      </trkpt>
      <trkpt lat="35.74265" lon="-78.48407">
        <ele>81.6</ele>
      </trkpt>
      <trkpt lat="35.74258" lon="-78.48409">
        <ele>81.6</ele>
      </trkpt>
      <trkpt lat="35.74236" lon="-78.48415">
        <ele>81.4</ele>
      </trkpt>
      <trkpt lat="35.74221" lon="-78.48419">
        <ele>81.2</ele>
      </trkpt>
      <trkpt lat="35.74221" lon="-78.48419">
        <ele>81.2</ele>
      </trkpt>
      <trkpt lat="35.74224" lon="-78.48427">
        <ele>81.3</ele>
      </trkpt>
      <trkpt lat="35.74236" lon="-78.48459">
        <ele>81.9</ele>
      </trkpt>
      <trkpt lat="35.74237" lon="-78.48461">
        <ele>81.9</ele>
      </trkpt>
      <trkpt lat="35.74242" lon="-78.48476">
        <ele>81.8</ele>
      </trkpt>
      <trkpt lat="35.74244" lon="-78.48479">
        <ele>81.8</ele>
      </trkpt>
      <trkpt lat="35.74248" lon="-78.48491">
        <ele>81.5</ele>
      </trkpt>
      <trkpt lat="35.74249" lon="-78.48492">
        <ele>81.5</ele>
      </trkpt>
      <trkpt lat="35.74249" lon="-78.48492">
        <ele>81.5</ele>
      </trkpt>
      <trkpt lat="35.74255" lon="-78.48504">
        <ele>81.2</ele>
      </trkpt>
      <trkpt lat="35.74268" lon="-78.48528">
        <ele>80.9</ele>
      </trkpt>
      <trkpt lat="35.74272" lon="-78.48535">
        <ele>81.0</ele>
      </trkpt>
      <trkpt lat="35.74283" lon="-78.48553">
        <ele>81.2</ele>
      </trkpt>
      <trkpt lat="35.74288" lon="-78.4856">
        <ele>81.3</ele>
      </trkpt>
      <trkpt lat="35.74295" lon="-78.4857">
        <ele>81.5</ele>
      </trkpt>
      <trkpt lat="35.74307" lon="-78.48587">
        <ele>81.8</ele>
      </trkpt>
      <trkpt lat="35.74312" lon="-78.48595">
        <ele>82.1</ele>
      </trkpt>
      <trkpt lat="35.74353" lon="-78.48654">
        <ele>84.6</ele>
      </trkpt>
      <trkpt lat="35.74381" lon="-78.48694">
        <ele>84.2</ele>
      </trkpt>
      <trkpt lat="35.74381" lon="-78.48694">
        <ele>84.2</ele>
      </trkpt>
      <trkpt lat="35.74333" lon="-78.48751">
        <ele>83.1</ele>
      </trkpt>
      <trkpt lat="35.74329" lon="-78.48754">
        <ele>83.0</ele>
      </trkpt>
      <trkpt lat="35.74326" lon="-78.48758">
        <ele>83.0</ele>
      </trkpt>
      <trkpt lat="35.74303" lon="-78.48785">
        <ele>82.9</ele>
      </trkpt>
      <trkpt lat="35.74295" lon="-78.48794">
        <ele>82.8</ele>
      </trkpt>
      <trkpt lat="35.74295" lon="-78.48794">
        <ele>82.8</ele>
      </trkpt>
      <trkpt lat="35.74277" lon="-78.48816">
        <ele>82.6</ele>
      </trkpt>
      <trkpt lat="35.7422" lon="-78.48881">
        <ele>82.0</ele>
      </trkpt>
      <trkpt lat="35.74212" lon="-78.48891">
        <ele>82.1</ele>
      </trkpt>
      <trkpt lat="35.74211" lon="-78.48892">
        <ele>82.1</ele>
      </trkpt>
      <trkpt lat="35.74174" lon="-78.48936">
        <ele>81.2</ele>
      </trkpt>
      <trkpt lat="35.74146" lon="-78.48968">
        <ele>80.1</ele>
      </trkpt>
      <trkpt lat="35.74134" lon="-78.48983">
        <ele>79.7</ele>
      </trkpt>
      <trkpt lat="35.74133" lon="-78.48984">
        <ele>79.7</ele>
      </trkpt>
      <trkpt lat="35.74129" lon="-78.48988">
        <ele>79.7</ele>
      </trkpt>
      <trkpt lat="35.74105" lon="-78.49017">
        <ele>79.3</ele>
      </trkpt>
      <trkpt lat="35.74077" lon="-78.49049">
        <ele>79.7</ele>
      </trkpt>
      <trkpt lat="35.74038" lon="-78.49095">
        <ele>80.7</ele>
      </trkpt>
      <trkpt lat="35.7401" lon="-78.49127">
        <ele>81.0</ele>
      </trkpt>
      <trkpt lat="35.73977" lon="-78.49166">
        <ele>81.1</ele>
      </trkpt>
      <trkpt lat="35.73967" lon="-78.49177">
        <ele>81.2</ele>
      </trkpt>
      <trkpt lat="35.73952" lon="-78.49195">
        <ele>81.3</ele>
      </trkpt>
      <trkpt lat="35.73944" lon="-78.49204">
        <ele>81.5</ele>
      </trkpt>
      <trkpt lat="35.73929" lon="-78.49222">
        <ele>81.7</ele>
      </trkpt>
      <trkpt lat="35.73919" lon="-78.49233">
        <ele>82.2</ele>
      </trkpt>
      <trkpt lat="35.73911" lon="-78.49245">
        <ele>82.4</ele>
      </trkpt>
      <trkpt lat="35.73902" lon="-78.49258">
        <ele>82.8</ele>
      </trkpt>
      <trkpt lat="35.7389" lon="-78.49275">
        <ele>83.2</ele>
      </trkpt>
      <trkpt lat="35.73887" lon="-78.49278">
        <ele>83.2</ele>
      </trkpt>
      <trkpt lat="35.73878" lon="-78.49292">
        <ele>83.2</ele>
      </trkpt>
      <trkpt lat="35.73868" lon="-78.49305">
        <ele>83.1</ele>
      </trkpt>
      <trkpt lat="35.73841" lon="-78.49341">
        <ele>82.4</ele>
      </trkpt>
      <trkpt lat="35.73821" lon="-78.49363">
        <ele>81.8</ele>
      </trkpt>
      <trkpt lat="35.73785" lon="-78.49401">
        <ele>80.4</ele>
      </trkpt>
      <trkpt lat="35.73784" lon="-78.49402">
        <ele>80.3</ele>
      </trkpt>
      <trkpt lat="35.73771" lon="-78.49417">
        <ele>79.7</ele>
      </trkpt>
      <trkpt lat="35.73758" lon="-78.49431">
        <ele>79.4</ele>
      </trkpt>
      <trkpt lat="35.73741" lon="-78.4945">
        <ele>79.3</ele>
      </trkpt>
      <trkpt lat="35.73706" lon="-78.4949">
        <ele>80.0</ele>
      </trkpt>
      <trkpt lat="35.73706" lon="-78.49491">
        <ele>80.0</ele>
      </trkpt>
      <trkpt lat="35.73694" lon="-78.49504">
        <ele>80.1</ele>
      </trkpt>
      <trkpt lat="35.73693" lon="-78.49505">
        <ele>80.1</ele>
      </trkpt>
      <trkpt lat="35.73667" lon="-78.49535">
        <ele>79.6</ele>
      </trkpt>
      <trkpt lat="35.73664" lon="-78.49539">
        <ele>79.6</ele>
      </trkpt>
      <trkpt lat="35.73658" lon="-78.49545">
        <ele>79.3</ele>
      </trkpt>
      <trkpt lat="35.73647" lon="-78.49559">
        <ele>79.0</ele>
      </trkpt>
      <trkpt lat="35.73623" lon="-78.49591">
        <ele>78.3</ele>
      </trkpt>
      <trkpt lat="35.73585" lon="-78.49638">
        <ele>77.0</ele>
      </trkpt>
      <trkpt lat="35.73567" lon="-78.49663">
        <ele>76.4</ele>
      </trkpt>
      <trkpt lat="35.73544" lon="-78.49692">
        <ele>75.6</ele>
      </trkpt>
      <trkpt lat="35.73492" lon="-78.49759">
        <ele>74.2</ele>
      </trkpt>
      <trkpt lat="35.7348" lon="-78.49775">
        <ele>73.8</ele>
      </trkpt>
      <trkpt lat="35.73473" lon="-78.49782">
        <ele>73.8</ele>
      </trkpt>
      <trkpt lat="35.73464" lon="-78.49792">
        <ele>73.5</ele>
      </trkpt>
      <trkpt lat="35.73458" lon="-78.49798">
        <ele>73.4</ele>
      </trkpt>
      <trkpt lat="35.73428" lon="-78.49823">
        <ele>72.5</ele>
      </trkpt>
      <trkpt lat="35.73427" lon="-78.49824">
        <ele>72.5</ele>
      </trkpt>
      <trkpt lat="35.73422" lon="-78.49828">
        <ele>72.4</ele>
      </trkpt>
      <trkpt lat="35.73413" lon="-78.49836">
        <ele>72.1</ele>
      </trkpt>
      <trkpt lat="35.73383" lon="-78.4986">
        <ele>70.8</ele>
      </trkpt>
      <trkpt lat="35.73353" lon="-78.49884">
        <ele>69.7</ele>
      </trkpt>
      <trkpt lat="35.73349" lon="-78.49888">
        <ele>69.6</ele>
      </trkpt>
      <trkpt lat="35.73314" lon="-78.49916">
        <ele>68.2</ele>
      </trkpt>
      <trkpt lat="35.73308" lon="-78.49921">
        <ele>68.0</ele>
      </trkpt>
      <trkpt lat="35.73298" lon="-78.4993">
        <ele>67.5</ele>
      </trkpt>
      <trkpt lat="35.73279" lon="-78.49947">
        <ele>66.8</ele>
      </trkpt>
      <trkpt lat="35.73277" lon="-78.49948">
        <ele>66.8</ele>
      </trkpt>
      <trkpt lat="35.7327" lon="-78.49954">
        <ele>66.4</ele>
      </trkpt>
      <trkpt lat="35.73265" lon="-78.49961">
        <ele>66.2</ele>
      </trkpt>
      <trkpt lat="35.73264" lon="-78.49961">
        <ele>66.2</ele>
      </trkpt>
      <trkpt lat="35.73264" lon="-78.49962">
        <ele>66.1</ele>
      </trkpt>
      <trkpt lat="35.7326" lon="-78.49966">
        <ele>66.0</ele>
      </trkpt>
      <trkpt lat="35.73259" lon="-78.49967">
        <ele>65.9</ele>
      </trkpt>
      <trkpt lat="35.73257" lon="-78.49969">
        <ele>65.9</ele>
      </trkpt>
      <trkpt lat="35.73252" lon="-78.49976">
        <ele>65.6</ele>
      </trkpt>
      <trkpt lat="35.73251" lon="-78.49977">
        <ele>65.6</ele>
      </trkpt>
      <trkpt lat="35.73247" lon="-78.49982">
        <ele>65.5</ele>
      </trkpt>
      <trkpt lat="35.73244" lon="-78.49986">
        <ele>65.4</ele>
      </trkpt>
      <trkpt lat="35.7324" lon="-78.49992">
        <ele>65.2</ele>
      </trkpt>
      <trkpt lat="35.73236" lon="-78.49997">
        <ele>65.1</ele>
      </trkpt>
      <trkpt lat="35.7323" lon="-78.50006">
        <ele>64.7</ele>
      </trkpt>
      <trkpt lat="35.73227" lon="-78.5001">
        <ele>64.6</ele>
      </trkpt>
      <trkpt lat="35.73222" lon="-78.50017">
        <ele>64.4</ele>
      </trkpt>
      <trkpt lat="35.73216" lon="-78.50026">
        <ele>64.2</ele>
      </trkpt>
      <trkpt lat="35.73197" lon="-78.50055">
        <ele>63.5</ele>
      </trkpt>
      <trkpt lat="35.73193" lon="-78.5006">
        <ele>63.4</ele>
      </trkpt>
      <trkpt lat="35.73193" lon="-78.50061">
        <ele>63.3</ele>
      </trkpt>
      <trkpt lat="35.73189" lon="-78.50067">
        <ele>63.2</ele>
      </trkpt>
      <trkpt lat="35.73185" lon="-78.50074">
        <ele>63.0</ele>
      </trkpt>
      <trkpt lat="35.73182" lon="-78.50077">
        <ele>63.1</ele>
      </trkpt>
      <trkpt lat="35.73182" lon="-78.50079">
        <ele>63.0</ele>
      </trkpt>
      <trkpt lat="35.7318" lon="-78.50081">
        <ele>63.0</ele>
      </trkpt>
      <trkpt lat="35.73176" lon="-78.50089">
        <ele>62.8</ele>
      </trkpt>
      <trkpt lat="35.73172" lon="-78.50095">
        <ele>62.7</ele>
      </trkpt>
      <trkpt lat="35.73172" lon="-78.50096">
        <ele>62.7</ele>
      </trkpt>
      <trkpt lat="35.73168" lon="-78.50104">
        <ele>62.6</ele>
      </trkpt>
      <trkpt lat="35.73162" lon="-78.50116">
        <ele>62.4</ele>
      </trkpt>
      <trkpt lat="35.73155" lon="-78.50133">
        <ele>62.3</ele>
      </trkpt>
      <trkpt lat="35.73155" lon="-78.50134">
        <ele>62.3</ele>
      </trkpt>
      <trkpt lat="35.73149" lon="-78.50148">
        <ele>62.2</ele>
      </trkpt>
      <trkpt lat="35.73147" lon="-78.50154">
        <ele>62.3</ele>
      </trkpt>
      <trkpt lat="35.73144" lon="-78.50162">
        <ele>62.4</ele>
      </trkpt>
      <trkpt lat="35.73133" lon="-78.50195">
        <ele>62.4</ele>
      </trkpt>
      <trkpt lat="35.7313" lon="-78.50203">
        <ele>62.4</ele>
      </trkpt>
      <trkpt lat="35.73126" lon="-78.50216">
        <ele>62.4</ele>
      </trkpt>
      <trkpt lat="35.73125" lon="-78.50218">
        <ele>62.3</ele>
      </trkpt>
      <trkpt lat="35.73123" lon="-78.50224">
        <ele>62.2</ele>
      </trkpt>
      <trkpt lat="35.73119" lon="-78.50236">
        <ele>62.1</ele>
      </trkpt>
      <trkpt lat="35.73118" lon="-78.50237">
        <ele>62.1</ele>
      </trkpt>
      <trkpt lat="35.73116" lon="-78.50244">
        <ele>62.1</ele>
      </trkpt>
      <trkpt lat="35.73113" lon="-78.50252">
        <ele>62.0</ele>
      </trkpt>
      <trkpt lat="35.73112" lon="-78.50256">
        <ele>61.9</ele>
      </trkpt>
      <trkpt lat="35.73111" lon="-78.50258">
        <ele>61.9</ele>
      </trkpt>
      <trkpt lat="35.73105" lon="-78.50277">
        <ele>61.9</ele>
      </trkpt>
      <trkpt lat="35.73081" lon="-78.50348">
        <ele>61.9</ele>
      </trkpt>
      <trkpt lat="35.73077" lon="-78.50358">
        <ele>62.0</ele>
      </trkpt>
      <trkpt lat="35.73074" lon="-78.50366">
        <ele>62.1</ele>
      </trkpt>
      <trkpt lat="35.73066" lon="-78.50383">
        <ele>61.9</ele>
      </trkpt>
      <trkpt lat="35.7306" lon="-78.50396">
        <ele>61.9</ele>
      </trkpt>
      <trkpt lat="35.73048" lon="-78.50419">
        <ele>62.0</ele>
      </trkpt>
      <trkpt lat="35.73026" lon="-78.50458">
        <ele>62.6</ele>
      </trkpt>
      <trkpt lat="35.73025" lon="-78.50459">
        <ele>62.6</ele>
      </trkpt>
      <trkpt lat="35.73025" lon="-78.5046">
        <ele>62.6</ele>
      </trkpt>
      <trkpt lat="35.73019" lon="-78.50472">
        <ele>63.0</ele>
      </trkpt>
      <trkpt lat="35.73016" lon="-78.50478">
        <ele>63.0</ele>
      </trkpt>
      <trkpt lat="35.7301" lon="-78.5049">
        <ele>62.6</ele>
      </trkpt>
      <trkpt lat="35.73008" lon="-78.50493">
        <ele>62.5</ele>
      </trkpt>
      <trkpt lat="35.73001" lon="-78.50509">
        <ele>62.2</ele>
      </trkpt>
      <trkpt lat="35.72991" lon="-78.50527">
        <ele>61.5</ele>
      </trkpt>
      <trkpt lat="35.7299" lon="-78.50531">
        <ele>61.4</ele>
      </trkpt>
      <trkpt lat="35.72987" lon="-78.50535">
        <ele>61.3</ele>
      </trkpt>
      <trkpt lat="35.72985" lon="-78.5054">
        <ele>61.2</ele>
      </trkpt>
      <trkpt lat="35.72971" lon="-78.50569">
        <ele>60.8</ele>
      </trkpt>
      <trkpt lat="35.7297" lon="-78.50574">
        <ele>60.7</ele>
      </trkpt>
      <trkpt lat="35.72963" lon="-78.50589">
        <ele>60.9</ele>
      </trkpt>
      <trkpt lat="35.72956" lon="-78.50607">
        <ele>60.7</ele>
      </trkpt>
      <trkpt lat="35.72949" lon="-78.50625">
        <ele>60.4</ele>
      </trkpt>
      <trkpt lat="35.72949" lon="-78.50627">
        <ele>60.3</ele>
      </trkpt>
      <trkpt lat="35.72944" lon="-78.50643">
        <ele>59.9</ele>
      </trkpt>
      <trkpt lat="35.72944" lon="-78.50646">
        <ele>59.8</ele>
      </trkpt>
      <trkpt lat="35.72939" lon="-78.50662">
        <ele>59.5</ele>
      </trkpt>
      <trkpt lat="35.72938" lon="-78.50667">
        <ele>59.4</ele>
      </trkpt>
      <trkpt lat="35.72938" lon="-78.50669">
        <ele>59.4</ele>
      </trkpt>
      <trkpt lat="35.72936" lon="-78.50675">
        <ele>59.3</ele>
      </trkpt>
      <trkpt lat="35.7293" lon="-78.50701">
        <ele>59.2</ele>
      </trkpt>
      <trkpt lat="35.72926" lon="-78.5072">
        <ele>59.2</ele>
      </trkpt>
      <trkpt lat="35.72924" lon="-78.50732">
        <ele>59.2</ele>
      </trkpt>
      <trkpt lat="35.72922" lon="-78.50747">
        <ele>59.3</ele>
      </trkpt>
      <trkpt lat="35.72921" lon="-78.50753">
        <ele>59.3</ele>
      </trkpt>
      <trkpt lat="35.72918" lon="-78.50774">
        <ele>59.1</ele>
      </trkpt>
      <trkpt lat="35.72916" lon="-78.50797">
        <ele>58.7</ele>
      </trkpt>
      <trkpt lat="35.72916" lon="-78.50799">
        <ele>58.7</ele>
      </trkpt>
      <trkpt lat="35.72915" lon="-78.50807">
        <ele>58.7</ele>
      </trkpt>
      <trkpt lat="35.72914" lon="-78.50821">
        <ele>58.7</ele>
      </trkpt>
      <trkpt lat="35.72912" lon="-78.50838">
        <ele>58.7</ele>
      </trkpt>
      <trkpt lat="35.72911" lon="-78.50851">
        <ele>58.7</ele>
      </trkpt>
      <trkpt lat="35.72911" lon="-78.50858">
        <ele>58.7</ele>
      </trkpt>
      <trkpt lat="35.7291" lon="-78.50863">
        <ele>58.6</ele>
      </trkpt>
      <trkpt lat="35.7291" lon="-78.50865">
        <ele>58.6</ele>
      </trkpt>
      <trkpt lat="35.72908" lon="-78.50879">
        <ele>58.4</ele>
      </trkpt>
      <trkpt lat="35.72908" lon="-78.50887">
        <ele>58.1</ele>
      </trkpt>
      <trkpt lat="35.72905" lon="-78.50917">
        <ele>57.0</ele>
      </trkpt>
      <trkpt lat="35.72901" lon="-78.50955">
        <ele>56.0</ele>
      </trkpt>
      <trkpt lat="35.729" lon="-78.50975">
        <ele>55.6</ele>
      </trkpt>
      <trkpt lat="35.72897" lon="-78.50997">
        <ele>55.2</ele>
      </trkpt>
      <trkpt lat="35.72896" lon="-78.51012">
        <ele>54.7</ele>
      </trkpt>
      <trkpt lat="35.72894" lon="-78.51021">
        <ele>54.5</ele>
      </trkpt>
      <trkpt lat="35.72891" lon="-78.51039">
        <ele>54.2</ele>
      </trkpt>
      <trkpt lat="35.72886" lon="-78.51062">
        <ele>53.5</ele>
      </trkpt>
      <trkpt lat="35.72883" lon="-78.51069">
        <ele>53.4</ele>
      </trkpt>
      <trkpt lat="35.72881" lon="-78.51074">
        <ele>53.3</ele>
      </trkpt>
      <trkpt lat="35.72875" lon="-78.5109">
        <ele>52.9</ele>
      </trkpt>
      <trkpt lat="35.72873" lon="-78.51094">
        <ele>53.0</ele>
      </trkpt>
      <trkpt lat="35.72869" lon="-78.51103">
        <ele>52.8</ele>
      </trkpt>
      <trkpt lat="35.72866" lon="-78.51109">
        <ele>52.7</ele>
      </trkpt>
      <trkpt lat="35.72864" lon="-78.51113">
        <ele>52.8</ele>
      </trkpt>
      <trkpt lat="35.72862" lon="-78.51116">
        <ele>53.0</ele>
      </trkpt>
      <trkpt lat="35.72855" lon="-78.51128">
        <ele>52.6</ele>
      </trkpt>
      <trkpt lat="35.72851" lon="-78.51134">
        <ele>52.5</ele>
      </trkpt>
      <trkpt lat="35.72844" lon="-78.51145">
        <ele>52.6</ele>
      </trkpt>
      <trkpt lat="35.72826" lon="-78.51167">
        <ele>52.7</ele>
      </trkpt>
      <trkpt lat="35.72808" lon="-78.51191">
        <ele>52.4</ele>
      </trkpt>
      <trkpt lat="35.72804" lon="-78.51196">
        <ele>52.4</ele>
      </trkpt>
      <trkpt lat="35.7278" lon="-78.51228">
        <ele>52.5</ele>
      </trkpt>
      <trkpt lat="35.72776" lon="-78.51233">
        <ele>52.6</ele>
      </trkpt>
      <trkpt lat="35.72767" lon="-78.51244">
        <ele>52.5</ele>
      </trkpt>
      <trkpt lat="35.72755" lon="-78.5126">
        <ele>52.5</ele>
      </trkpt>
      <trkpt lat="35.72755" lon="-78.51261">
        <ele>52.4</ele>
      </trkpt>
      <trkpt lat="35.7273" lon="-78.51293">
        <ele>52.6</ele>
      </trkpt>
      <trkpt lat="35.72726" lon="-78.51299">
        <ele>52.5</ele>
      </trkpt>
      <trkpt lat="35.72705" lon="-78.51324">
        <ele>52.9</ele>
      </trkpt>
      <trkpt lat="35.72703" lon="-78.51326">
        <ele>52.9</ele>
      </trkpt>
      <trkpt lat="35.72692" lon="-78.5134">
        <ele>53.1</ele>
      </trkpt>
      <trkpt lat="35.72687" lon="-78.51348">
        <ele>53.2</ele>
      </trkpt>
      <trkpt lat="35.72674" lon="-78.51364">
        <ele>53.5</ele>
      </trkpt>
      <trkpt lat="35.72662" lon="-78.5138">
        <ele>53.7</ele>
      </trkpt>
      <trkpt lat="35.7265" lon="-78.51396">
        <ele>54.0</ele>
      </trkpt>
      <trkpt lat="35.72627" lon="-78.51427">
        <ele>54.4</ele>
      </trkpt>
      <trkpt lat="35.72606" lon="-78.51455">
        <ele>54.9</ele>
      </trkpt>
      <trkpt lat="35.72602" lon="-78.5146">
        <ele>55.3</ele>
      </trkpt>
      <trkpt lat="35.7259" lon="-78.51476">
        <ele>56.3</ele>
      </trkpt>
      <trkpt lat="35.72577" lon="-78.51492">
        <ele>57.6</ele>
      </trkpt>
      <trkpt lat="35.72565" lon="-78.51508">
        <ele>58.7</ele>
      </trkpt>
      <trkpt lat="35.72555" lon="-78.51521">
        <ele>59.8</ele>
      </trkpt>
      <trkpt lat="35.72551" lon="-78.51527">
        <ele>60.3</ele>
      </trkpt>
      <trkpt lat="35.72545" lon="-78.51534">
        <ele>60.8</ele>
      </trkpt>
      <trkpt lat="35.72542" lon="-78.51538">
        <ele>61.1</ele>
      </trkpt>
      <trkpt lat="35.7253" lon="-78.51554">
        <ele>62.5</ele>
      </trkpt>
      <trkpt lat="35.7253" lon="-78.51555">
        <ele>62.6</ele>
      </trkpt>
      <trkpt lat="35.72527" lon="-78.51559">
        <ele>63.1</ele>
      </trkpt>
      <trkpt lat="35.7252" lon="-78.51567">
        <ele>63.7</ele>
      </trkpt>
      <trkpt lat="35.72505" lon="-78.51586">
        <ele>65.5</ele>
      </trkpt>
      <trkpt lat="35.72503" lon="-78.51589">
        <ele>65.7</ele>
      </trkpt>
      <trkpt lat="35.72501" lon="-78.5159">
        <ele>65.7</ele>
      </trkpt>
      <trkpt lat="35.72493" lon="-78.51602">
        <ele>66.7</ele>
      </trkpt>
      <trkpt lat="35.7249" lon="-78.51605">
        <ele>66.9</ele>
      </trkpt>
      <trkpt lat="35.7248" lon="-78.51618">
        <ele>67.9</ele>
      </trkpt>
      <trkpt lat="35.72478" lon="-78.51621">
        <ele>68.1</ele>
      </trkpt>
      <trkpt lat="35.72477" lon="-78.51623">
        <ele>68.3</ele>
      </trkpt>
      <trkpt lat="35.72465" lon="-78.51639">
        <ele>68.9</ele>
      </trkpt>
      <trkpt lat="35.72456" lon="-78.5165">
        <ele>69.6</ele>
      </trkpt>
      <trkpt lat="35.72453" lon="-78.51654">
        <ele>69.7</ele>
      </trkpt>
      <trkpt lat="35.72443" lon="-78.51666">
        <ele>70.2</ele>
      </trkpt>
      <trkpt lat="35.72441" lon="-78.5167">
        <ele>70.3</ele>
      </trkpt>
      <trkpt lat="35.72403" lon="-78.51719">
        <ele>71.7</ele>
      </trkpt>
      <trkpt lat="35.72392" lon="-78.51735">
        <ele>72.6</ele>
      </trkpt>
      <trkpt lat="35.72387" lon="-78.51741">
        <ele>72.9</ele>
      </trkpt>
      <trkpt lat="35.72373" lon="-78.51757">
        <ele>73.8</ele>
      </trkpt>
      <trkpt lat="35.72366" lon="-78.51765">
        <ele>74.2</ele>
      </trkpt>
      <trkpt lat="35.72357" lon="-78.51773">
        <ele>74.5</ele>
      </trkpt>
      <trkpt lat="35.72345" lon="-78.51782">
        <ele>74.7</ele>
      </trkpt>
      <trkpt lat="35.72339" lon="-78.51786">
        <ele>74.9</ele>
      </trkpt>
      <trkpt lat="35.72335" lon="-78.51788">
        <ele>74.9</ele>
      </trkpt>
      <trkpt lat="35.7233" lon="-78.51792">
        <ele>75.2</ele>
      </trkpt>
      <trkpt lat="35.72322" lon="-78.51796">
        <ele>75.3</ele>
      </trkpt>
      <trkpt lat="35.72319" lon="-78.51797">
        <ele>75.4</ele>
      </trkpt>
      <trkpt lat="35.72306" lon="-78.51804">
        <ele>75.9</ele>
      </trkpt>
      <trkpt lat="35.72305" lon="-78.51804">
        <ele>75.9</ele>
      </trkpt>
      <trkpt lat="35.72302" lon="-78.51805">
        <ele>75.9</ele>
      </trkpt>
      <trkpt lat="35.72299" lon="-78.51806">
        <ele>75.9</ele>
      </trkpt>
      <trkpt lat="35.72289" lon="-78.5181">
        <ele>76.2</ele>
      </trkpt>
      <trkpt lat="35.72288" lon="-78.5181">
        <ele>76.3</ele>
      </trkpt>
      <trkpt lat="35.72265" lon="-78.51815">
        <ele>76.7</ele>
      </trkpt>
      <trkpt lat="35.72217" lon="-78.51824">
        <ele>77.3</ele>
      </trkpt>
      <trkpt lat="35.72188" lon="-78.51828">
        <ele>77.8</ele>
      </trkpt>
      <trkpt lat="35.72133" lon="-78.51838">
        <ele>78.5</ele>
      </trkpt>
      <trkpt lat="35.72128" lon="-78.51839">
        <ele>78.6</ele>
      </trkpt>
      <trkpt lat="35.72116" lon="-78.51841">
        <ele>78.8</ele>
      </trkpt>
      <trkpt lat="35.72114" lon="-78.51842">
        <ele>78.8</ele>
      </trkpt>
      <trkpt lat="35.72085" lon="-78.51847">
        <ele>79.4</ele>
      </trkpt>
      <trkpt lat="35.7207" lon="-78.5185">
        <ele>79.7</ele>
      </trkpt>
      <trkpt lat="35.72052" lon="-78.51855">
        <ele>80.1</ele>
      </trkpt>
      <trkpt lat="35.72038" lon="-78.51859">
        <ele>80.4</ele>
      </trkpt>
      <trkpt lat="35.72021" lon="-78.51865">
        <ele>80.8</ele>
      </trkpt>
      <trkpt lat="35.72008" lon="-78.5187">
        <ele>81.1</ele>
      </trkpt>
      <trkpt lat="35.72005" lon="-78.51871">
        <ele>81.1</ele>
      </trkpt>
      <trkpt lat="35.72001" lon="-78.51873">
        <ele>81.2</ele>
      </trkpt>
      <trkpt lat="35.71996" lon="-78.51876">
        <ele>81.2</ele>
      </trkpt>
      <trkpt lat="35.71992" lon="-78.51878">
        <ele>81.2</ele>
      </trkpt>
      <trkpt lat="35.71987" lon="-78.5188">
        <ele>81.4</ele>
      </trkpt>
      <trkpt lat="35.71983" lon="-78.51882">
        <ele>81.5</ele>
      </trkpt>
      <trkpt lat="35.71973" lon="-78.51887">
        <ele>81.6</ele>
      </trkpt>
      <trkpt lat="35.71963" lon="-78.51893">
        <ele>81.7</ele>
      </trkpt>
      <trkpt lat="35.7196" lon="-78.51895">
        <ele>81.7</ele>
      </trkpt>
      <trkpt lat="35.71948" lon="-78.51903">
        <ele>81.7</ele>
      </trkpt>
      <trkpt lat="35.71941" lon="-78.51908">
        <ele>81.6</ele>
      </trkpt>
      <trkpt lat="35.71936" lon="-78.51911">
        <ele>81.6</ele>
      </trkpt>
      <trkpt lat="35.71916" lon="-78.51923">
        <ele>81.3</ele>
      </trkpt>
      <trkpt lat="35.71881" lon="-78.51949">
        <ele>81.1</ele>
      </trkpt>
      <trkpt lat="35.71861" lon="-78.51963">
        <ele>81.5</ele>
      </trkpt>
      <trkpt lat="35.71838" lon="-78.51979">
        <ele>81.8</ele>
      </trkpt>
      <trkpt lat="35.71812" lon="-78.51997">
        <ele>82.2</ele>
      </trkpt>
      <trkpt lat="35.71775" lon="-78.52023">
        <ele>82.3</ele>
      </trkpt>
      <trkpt lat="35.71723" lon="-78.5206">
        <ele>82.1</ele>
      </trkpt>
      <trkpt lat="35.71713" lon="-78.52067">
        <ele>82.1</ele>
      </trkpt>
      <trkpt lat="35.71707" lon="-78.52071">
        <ele>82.1</ele>
      </trkpt>
      <trkpt lat="35.71697" lon="-78.52078">
        <ele>82.2</ele>
      </trkpt>
      <trkpt lat="35.71651" lon="-78.52111">
        <ele>82.4</ele>
      </trkpt>
      <trkpt lat="35.71646" lon="-78.52114">
        <ele>82.3</ele>
      </trkpt>
      <trkpt lat="35.71613" lon="-78.52137">
        <ele>82.6</ele>
      </trkpt>
      <trkpt lat="35.71541" lon="-78.52187">
        <ele>82.9</ele>
      </trkpt>
      <trkpt lat="35.71526" lon="-78.52198">
        <ele>83.0</ele>
      </trkpt>
      <trkpt lat="35.71517" lon="-78.52204">
        <ele>83.1</ele>
      </trkpt>
      <trkpt lat="35.71516" lon="-78.52205">
        <ele>83.1</ele>
      </trkpt>
      <trkpt lat="35.71512" lon="-78.52207">
        <ele>83.2</ele>
      </trkpt>
      <trkpt lat="35.71501" lon="-78.52215">
        <ele>83.2</ele>
      </trkpt>
      <trkpt lat="35.71485" lon="-78.52226">
        <ele>83.4</ele>
      </trkpt>
      <trkpt lat="35.71478" lon="-78.52231">
        <ele>83.5</ele>
      </trkpt>
      <trkpt lat="35.71463" lon="-78.52242">
        <ele>84.0</ele>
      </trkpt>
      <trkpt lat="35.71461" lon="-78.52243">
        <ele>84.0</ele>
      </trkpt>
      <trkpt lat="35.71458" lon="-78.52245">
        <ele>84.0</ele>
      </trkpt>
      <trkpt lat="35.71454" lon="-78.52247">
        <ele>84.1</ele>
      </trkpt>
      <trkpt lat="35.71454" lon="-78.52248">
        <ele>84.1</ele>
      </trkpt>
      <trkpt lat="35.71438" lon="-78.52259">
        <ele>84.7</ele>
      </trkpt>
      <trkpt lat="35.71431" lon="-78.52263">
        <ele>84.9</ele>
      </trkpt>
      <trkpt lat="35.71423" lon="-78.52269">
        <ele>85.2</ele>
      </trkpt>
      <trkpt lat="35.71411" lon="-78.52278">
        <ele>85.8</ele>
      </trkpt>
      <trkpt lat="35.71407" lon="-78.52281">
        <ele>86.0</ele>
      </trkpt>
      <trkpt lat="35.71406" lon="-78.52281">
        <ele>86.1</ele>
      </trkpt>
      <trkpt lat="35.71369" lon="-78.52307">
        <ele>88.4</ele>
      </trkpt>
      <trkpt lat="35.7136" lon="-78.52313">
        <ele>88.9</ele>
      </trkpt>
      <trkpt lat="35.71328" lon="-78.52335">
        <ele>90.3</ele>
      </trkpt>
      <trkpt lat="35.71317" lon="-78.52343">
        <ele>90.9</ele>
      </trkpt>
      <trkpt lat="35.71313" lon="-78.52345">
        <ele>91.0</ele>
      </trkpt>
      <trkpt lat="35.71313" lon="-78.52346">
        <ele>91.0</ele>
      </trkpt>
      <trkpt lat="35.71306" lon="-78.5235">
        <ele>91.3</ele>
      </trkpt>
      <trkpt lat="35.71303" lon="-78.52352">
        <ele>91.4</ele>
      </trkpt>
      <trkpt lat="35.71294" lon="-78.52358">
        <ele>91.8</ele>
      </trkpt>
      <trkpt lat="35.71289" lon="-78.52362">
        <ele>91.8</ele>
      </trkpt>
      <trkpt lat="35.71288" lon="-78.52363">
        <ele>91.8</ele>
      </trkpt>
      <trkpt lat="35.71272" lon="-78.52374">
        <ele>92.2</ele>
      </trkpt>
      <trkpt lat="35.71265" lon="-78.52379">
        <ele>92.4</ele>
      </trkpt>
      <trkpt lat="35.71256" lon="-78.52385">
        <ele>92.4</ele>
      </trkpt>
      <trkpt lat="35.71235" lon="-78.524">
        <ele>92.9</ele>
      </trkpt>
      <trkpt lat="35.7121" lon="-78.52418">
        <ele>93.4</ele>
      </trkpt>
      <trkpt lat="35.71206" lon="-78.52421">
        <ele>93.5</ele>
      </trkpt>
      <trkpt lat="35.71195" lon="-78.52431">
        <ele>93.5</ele>
      </trkpt>
      <trkpt lat="35.71185" lon="-78.52439">
        <ele>93.7</ele>
      </trkpt>
      <trkpt lat="35.71176" lon="-78.52449">
        <ele>93.7</ele>
      </trkpt>
      <trkpt lat="35.71175" lon="-78.5245">
        <ele>93.7</ele>
      </trkpt>
      <trkpt lat="35.71167" lon="-78.52459">
        <ele>93.9</ele>
      </trkpt>
      <trkpt lat="35.71165" lon="-78.52462">
        <ele>93.9</ele>
      </trkpt>
      <trkpt lat="35.71162" lon="-78.52464">
        <ele>94.2</ele>
      </trkpt>
      <trkpt lat="35.71162" lon="-78.52465">
        <ele>94.1</ele>
      </trkpt>
      <trkpt lat="35.71161" lon="-78.52466">
        <ele>94.2</ele>
      </trkpt>
      <trkpt lat="35.71158" lon="-78.5247">
        <ele>94.2</ele>
      </trkpt>
      <trkpt lat="35.71156" lon="-78.52472">
        <ele>94.2</ele>
      </trkpt>
      <trkpt lat="35.7115" lon="-78.5248">
        <ele>94.6</ele>
      </trkpt>
      <trkpt lat="35.71144" lon="-78.52487">
        <ele>94.9</ele>
      </trkpt>
      <trkpt lat="35.71141" lon="-78.5249">
        <ele>95.1</ele>
      </trkpt>
      <trkpt lat="35.71132" lon="-78.52501">
        <ele>95.6</ele>
      </trkpt>
      <trkpt lat="35.71131" lon="-78.52503">
        <ele>95.7</ele>
      </trkpt>
      <trkpt lat="35.71129" lon="-78.52506">
        <ele>95.8</ele>
      </trkpt>
      <trkpt lat="35.71105" lon="-78.52535">
        <ele>97.9</ele>
      </trkpt>
      <trkpt lat="35.71096" lon="-78.52545">
        <ele>98.7</ele>
      </trkpt>
      <trkpt lat="35.71086" lon="-78.52558">
        <ele>99.6</ele>
      </trkpt>
      <trkpt lat="35.71082" lon="-78.52563">
        <ele>99.9</ele>
      </trkpt>
      <trkpt lat="35.71077" lon="-78.52568">
        <ele>100.2</ele>
      </trkpt>
      <trkpt lat="35.71071" lon="-78.52575">
        <ele>100.7</ele>
      </trkpt>
      <trkpt lat="35.71067" lon="-78.5258">
        <ele>101.0</ele>
      </trkpt>
      <trkpt lat="35.71064" lon="-78.52583">
        <ele>101.2</ele>
      </trkpt>
      <trkpt lat="35.7106" lon="-78.52588">
        <ele>101.5</ele>
      </trkpt>
      <trkpt lat="35.71059" lon="-78.52589">
        <ele>101.5</ele>
      </trkpt>
      <trkpt lat="35.71058" lon="-78.52591">
        <ele>101.6</ele>
      </trkpt>
      <trkpt lat="35.71054" lon="-78.52596">
        <ele>101.7</ele>
      </trkpt>
      <trkpt lat="35.71051" lon="-78.52598">
        <ele>101.8</ele>
      </trkpt>
      <trkpt lat="35.71048" lon="-78.52602">
        <ele>101.9</ele>
      </trkpt>
      <trkpt lat="35.71045" lon="-78.52605">
        <ele>102.0</ele>
      </trkpt>
      <trkpt lat="35.71041" lon="-78.52611">
        <ele>102.0</ele>
      </trkpt>
      <trkpt lat="35.71038" lon="-78.52614">
        <ele>102.0</ele>
      </trkpt>
      <trkpt lat="35.71034" lon="-78.52619">
        <ele>102.0</ele>
      </trkpt>
      <trkpt lat="35.71033" lon="-78.5262">
        <ele>102.0</ele>
      </trkpt>
      <trkpt lat="35.71028" lon="-78.52626">
        <ele>101.9</ele>
      </trkpt>
      <trkpt lat="35.71025" lon="-78.52629">
        <ele>101.9</ele>
      </trkpt>
      <trkpt lat="35.70996" lon="-78.52663">
        <ele>101.1</ele>
      </trkpt>
      <trkpt lat="35.70993" lon="-78.52666">
        <ele>101.0</ele>
      </trkpt>
      <trkpt lat="35.70988" lon="-78.52672">
        <ele>100.9</ele>
      </trkpt>
      <trkpt lat="35.70986" lon="-78.52674">
        <ele>100.8</ele>
      </trkpt>
      <trkpt lat="35.70981" lon="-78.5268">
        <ele>100.7</ele>
      </trkpt>
      <trkpt lat="35.70975" lon="-78.52687">
        <ele>100.6</ele>
      </trkpt>
      <trkpt lat="35.70973" lon="-78.52689">
        <ele>100.6</ele>
      </trkpt>
      <trkpt lat="35.70967" lon="-78.52696">
        <ele>100.5</ele>
      </trkpt>
      <trkpt lat="35.70962" lon="-78.52702">
        <ele>100.4</ele>
      </trkpt>
      <trkpt lat="35.7096" lon="-78.52704">
        <ele>100.5</ele>
      </trkpt>
      <trkpt lat="35.70955" lon="-78.5271">
        <ele>100.5</ele>
      </trkpt>
      <trkpt lat="35.70954" lon="-78.5271">
        <ele>100.5</ele>
      </trkpt>
      <trkpt lat="35.70954" lon="-78.52711">
        <ele>100.5</ele>
      </trkpt>
      <trkpt lat="35.70949" lon="-78.52717">
        <ele>100.6</ele>
      </trkpt>
      <trkpt lat="35.70946" lon="-78.5272">
        <ele>100.6</ele>
      </trkpt>
      <trkpt lat="35.7094" lon="-78.52727">
        <ele>100.9</ele>
      </trkpt>
      <trkpt lat="35.70929" lon="-78.5274">
        <ele>101.4</ele>
      </trkpt>
      <trkpt lat="35.70928" lon="-78.52741">
        <ele>101.4</ele>
      </trkpt>
      <trkpt lat="35.70927" lon="-78.52742">
        <ele>101.5</ele>
      </trkpt>
      <trkpt lat="35.70923" lon="-78.52747">
        <ele>101.8</ele>
      </trkpt>
      <trkpt lat="35.7092" lon="-78.5275">
        <ele>101.9</ele>
      </trkpt>
      <trkpt lat="35.7089" lon="-78.52785">
        <ele>104.3</ele>
      </trkpt>
      <trkpt lat="35.70876" lon="-78.52801">
        <ele>105.3</ele>
      </trkpt>
      <trkpt lat="35.7087" lon="-78.52807">
        <ele>105.7</ele>
      </trkpt>
      <trkpt lat="35.70867" lon="-78.52811">
        <ele>106.0</ele>
      </trkpt>
      <trkpt lat="35.70863" lon="-78.52815">
        <ele>106.4</ele>
      </trkpt>
      <trkpt lat="35.70861" lon="-78.52817">
        <ele>106.5</ele>
      </trkpt>
      <trkpt lat="35.70854" lon="-78.52825">
        <ele>107.1</ele>
      </trkpt>
      <trkpt lat="35.70849" lon="-78.5283">
        <ele>107.3</ele>
      </trkpt>
      <trkpt lat="35.70848" lon="-78.5283">
        <ele>107.4</ele>
      </trkpt>
      <trkpt lat="35.70843" lon="-78.52837">
        <ele>107.6</ele>
      </trkpt>
      <trkpt lat="35.70842" lon="-78.52838">
        <ele>107.6</ele>
      </trkpt>
      <trkpt lat="35.70835" lon="-78.52843">
        <ele>107.8</ele>
      </trkpt>
      <trkpt lat="35.70807" lon="-78.52867">
        <ele>108.2</ele>
      </trkpt>
      <trkpt lat="35.70805" lon="-78.52869">
        <ele>108.2</ele>
      </trkpt>
      <trkpt lat="35.70784" lon="-78.52888">
        <ele>108.6</ele>
      </trkpt>
      <trkpt lat="35.70761" lon="-78.52908">
        <ele>109.1</ele>
      </trkpt>
      <trkpt lat="35.70747" lon="-78.5292">
        <ele>109.5</ele>
      </trkpt>
      <trkpt lat="35.70721" lon="-78.52945">
        <ele>110.2</ele>
      </trkpt>
      <trkpt lat="35.70696" lon="-78.52972">
        <ele>111.0</ele>
      </trkpt>
      <trkpt lat="35.70689" lon="-78.52979">
        <ele>111.1</ele>
      </trkpt>
      <trkpt lat="35.70682" lon="-78.52987">
        <ele>111.2</ele>
      </trkpt>
      <trkpt lat="35.70668" lon="-78.53003">
        <ele>111.4</ele>
      </trkpt>
      <trkpt lat="35.70665" lon="-78.53006">
        <ele>111.4</ele>
      </trkpt>
      <trkpt lat="35.70665" lon="-78.53007">
        <ele>111.4</ele>
      </trkpt>
      <trkpt lat="35.70652" lon="-78.53021">
        <ele>111.9</ele>
      </trkpt>
      <trkpt lat="35.70622" lon="-78.53055">
        <ele>112.7</ele>
      </trkpt>
      <trkpt lat="35.70592" lon="-78.53088">
        <ele>113.3</ele>
      </trkpt>
      <trkpt lat="35.70585" lon="-78.53096">
        <ele>113.5</ele>
      </trkpt>
      <trkpt lat="35.70585" lon="-78.53097">
        <ele>113.5</ele>
      </trkpt>
      <trkpt lat="35.70579" lon="-78.53103">
        <ele>113.7</ele>
      </trkpt>
      <trkpt lat="35.70572" lon="-78.5311">
        <ele>113.9</ele>
      </trkpt>
      <trkpt lat="35.70572" lon="-78.53111">
        <ele>113.9</ele>
      </trkpt>
      <trkpt lat="35.70541" lon="-78.53145">
        <ele>115.1</ele>
      </trkpt>
      <trkpt lat="35.70532" lon="-78.53156">
        <ele>115.6</ele>
      </trkpt>
      <trkpt lat="35.7046" lon="-78.53237">
        <ele>118.9</ele>
      </trkpt>
      <trkpt lat="35.70453" lon="-78.53245">
        <ele>119.4</ele>
      </trkpt>
      <trkpt lat="35.70452" lon="-78.53246">
        <ele>119.4</ele>
      </trkpt>
      <trkpt lat="35.70439" lon="-78.53261">
        <ele>120.1</ele>
      </trkpt>
      <trkpt lat="35.70433" lon="-78.53267">
        <ele>120.3</ele>
      </trkpt>
      <trkpt lat="35.70431" lon="-78.53269">
        <ele>120.3</ele>
      </trkpt>
      <trkpt lat="35.70419" lon="-78.53282">
        <ele>120.6</ele>
      </trkpt>
      <trkpt lat="35.70416" lon="-78.53285">
        <ele>120.6</ele>
      </trkpt>
      <trkpt lat="35.70412" lon="-78.53289">
        <ele>120.7</ele>
      </trkpt>
      <trkpt lat="35.70407" lon="-78.53295">
        <ele>120.8</ele>
      </trkpt>
      <trkpt lat="35.70357" lon="-78.53345">
        <ele>121.2</ele>
      </trkpt>
      <trkpt lat="35.70343" lon="-78.5336">
        <ele>121.4</ele>
      </trkpt>
      <trkpt lat="35.70331" lon="-78.53377">
        <ele>121.6</ele>
      </trkpt>
      <trkpt lat="35.70297" lon="-78.53442">
        <ele>122.5</ele>
      </trkpt>
      <trkpt lat="35.70266" lon="-78.53504">
        <ele>123.5</ele>
      </trkpt>
      <trkpt lat="35.70259" lon="-78.53517">
        <ele>123.5</ele>
      </trkpt>
      <trkpt lat="35.70256" lon="-78.53522">
        <ele>123.6</ele>
      </trkpt>
      <trkpt lat="35.70247" lon="-78.53541">
        <ele>123.7</ele>
      </trkpt>
      <trkpt lat="35.70199" lon="-78.53635">
        <ele>124.0</ele>
      </trkpt>
      <trkpt lat="35.70195" lon="-78.53641">
        <ele>124.0</ele>
      </trkpt>
      <trkpt lat="35.70173" lon="-78.53685">
        <ele>123.9</ele>
      </trkpt>
      <trkpt lat="35.7017" lon="-78.53691">
        <ele>123.8</ele>
      </trkpt>
      <trkpt lat="35.70167" lon="-78.53698">
        <ele>123.8</ele>
      </trkpt>
      <trkpt lat="35.70159" lon="-78.53714">
        <ele>123.8</ele>
      </trkpt>
      <trkpt lat="35.70159" lon="-78.53715">
        <ele>123.7</ele>
      </trkpt>
      <trkpt lat="35.70152" lon="-78.53729">
        <ele>123.6</ele>
      </trkpt>
      <trkpt lat="35.70146" lon="-78.53742">
        <ele>123.4</ele>
      </trkpt>
      <trkpt lat="35.70144" lon="-78.53747">
        <ele>123.3</ele>
      </trkpt>
      <trkpt lat="35.70131" lon="-78.53774">
        <ele>122.8</ele>
      </trkpt>
      <trkpt lat="35.70122" lon="-78.5379">
        <ele>122.2</ele>
      </trkpt>
      <trkpt lat="35.70107" lon="-78.53822">
        <ele>121.2</ele>
      </trkpt>
      <trkpt lat="35.70106" lon="-78.53824">
        <ele>121.1</ele>
      </trkpt>
      <trkpt lat="35.70102" lon="-78.53832">
        <ele>120.8</ele>
      </trkpt>
      <trkpt lat="35.70101" lon="-78.53833">
        <ele>120.7</ele>
      </trkpt>
      <trkpt lat="35.70097" lon="-78.53842">
        <ele>120.5</ele>
      </trkpt>
      <trkpt lat="35.70085" lon="-78.53866">
        <ele>120.0</ele>
      </trkpt>
      <trkpt lat="35.70084" lon="-78.53867">
        <ele>120.0</ele>
      </trkpt>
      <trkpt lat="35.70081" lon="-78.53873">
        <ele>119.8</ele>
      </trkpt>
      <trkpt lat="35.70078" lon="-78.53878">
        <ele>119.7</ele>
      </trkpt>
      <trkpt lat="35.70076" lon="-78.5388">
        <ele>119.7</ele>
      </trkpt>
      <trkpt lat="35.70076" lon="-78.53881">
        <ele>119.7</ele>
      </trkpt>
      <trkpt lat="35.70072" lon="-78.53888">
        <ele>119.6</ele>
      </trkpt>
      <trkpt lat="35.70071" lon="-78.53888">
        <ele>119.6</ele>
      </trkpt>
      <trkpt lat="35.70066" lon="-78.53896">
        <ele>119.5</ele>
      </trkpt>
      <trkpt lat="35.70062" lon="-78.53901">
        <ele>119.3</ele>
      </trkpt>
      <trkpt lat="35.70054" lon="-78.53912">
        <ele>119.3</ele>
      </trkpt>
      <trkpt lat="35.70053" lon="-78.53914">
        <ele>119.3</ele>
      </trkpt>
      <trkpt lat="35.7005" lon="-78.53917">
        <ele>119.4</ele>
      </trkpt>
      <trkpt lat="35.70048" lon="-78.53921">
        <ele>119.5</ele>
      </trkpt>
      <trkpt lat="35.70047" lon="-78.53921">
        <ele>119.6</ele>
      </trkpt>
      <trkpt lat="35.70042" lon="-78.53928">
        <ele>119.7</ele>
      </trkpt>
      <trkpt lat="35.70037" lon="-78.53934">
        <ele>119.9</ele>
      </trkpt>
      <trkpt lat="35.70032" lon="-78.53941">
        <ele>120.2</ele>
      </trkpt>
      <trkpt lat="35.70003" lon="-78.53978">
        <ele>121.5</ele>
      </trkpt>
      <trkpt lat="35.70001" lon="-78.53981">
        <ele>121.5</ele>
      </trkpt>
      <trkpt lat="35.69998" lon="-78.53985">
        <ele>121.7</ele>
      </trkpt>
      <trkpt lat="35.69992" lon="-78.53992">
        <ele>122.0</ele>
      </trkpt>
      <trkpt lat="35.69991" lon="-78.53994">
        <ele>122.0</ele>
      </trkpt>
      <trkpt lat="35.69986" lon="-78.54001">
        <ele>122.2</ele>
      </trkpt>
      <trkpt lat="35.69978" lon="-78.5401">
        <ele>122.4</ele>
      </trkpt>
      <trkpt lat="35.69976" lon="-78.54013">
        <ele>122.3</ele>
      </trkpt>
      <trkpt lat="35.69973" lon="-78.54016">
        <ele>122.3</ele>
      </trkpt>
      <trkpt lat="35.69973" lon="-78.54017">
        <ele>122.3</ele>
      </trkpt>
      <trkpt lat="35.69969" lon="-78.54021">
        <ele>122.3</ele>
      </trkpt>
      <trkpt lat="35.69968" lon="-78.54024">
        <ele>122.3</ele>
      </trkpt>
      <trkpt lat="35.69967" lon="-78.54024">
        <ele>122.3</ele>
      </trkpt>
      <trkpt lat="35.69966" lon="-78.54026">
        <ele>122.2</ele>
      </trkpt>
      <trkpt lat="35.69954" lon="-78.54042">
        <ele>121.9</ele>
      </trkpt>
      <trkpt lat="35.69948" lon="-78.54049">
        <ele>121.5</ele>
      </trkpt>
      <trkpt lat="35.69941" lon="-78.54058">
        <ele>121.1</ele>
      </trkpt>
      <trkpt lat="35.6988" lon="-78.54139">
        <ele>116.8</ele>
      </trkpt>
      <trkpt lat="35.69871" lon="-78.54151">
        <ele>116.3</ele>
      </trkpt>
      <trkpt lat="35.69866" lon="-78.54158">
        <ele>116.1</ele>
      </trkpt>
      <trkpt lat="35.69863" lon="-78.54163">
        <ele>115.9</ele>
      </trkpt>
      <trkpt lat="35.69846" lon="-78.54185">
        <ele>114.7</ele>
      </trkpt>
      <trkpt lat="35.69844" lon="-78.54187">
        <ele>114.6</ele>
      </trkpt>
      <trkpt lat="35.6984" lon="-78.54194">
        <ele>114.4</ele>
      </trkpt>
      <trkpt lat="35.69807" lon="-78.54237">
        <ele>112.8</ele>
      </trkpt>
      <trkpt lat="35.69798" lon="-78.5425">
        <ele>112.5</ele>
      </trkpt>
      <trkpt lat="35.69795" lon="-78.54253">
        <ele>112.4</ele>
      </trkpt>
      <trkpt lat="35.69791" lon="-78.54258">
        <ele>112.2</ele>
      </trkpt>
      <trkpt lat="35.69791" lon="-78.54259">
        <ele>112.2</ele>
      </trkpt>
      <trkpt lat="35.6978" lon="-78.54274">
        <ele>111.9</ele>
      </trkpt>
      <trkpt lat="35.69777" lon="-78.54278">
        <ele>111.9</ele>
      </trkpt>
      <trkpt lat="35.69774" lon="-78.54283">
        <ele>111.8</ele>
      </trkpt>
      <trkpt lat="35.69774" lon="-78.54284">
        <ele>111.8</ele>
      </trkpt>
      <trkpt lat="35.6977" lon="-78.54291">
        <ele>111.7</ele>
      </trkpt>
      <trkpt lat="35.69766" lon="-78.54297">
        <ele>111.7</ele>
      </trkpt>
      <trkpt lat="35.69762" lon="-78.54308">
        <ele>112.1</ele>
      </trkpt>
      <trkpt lat="35.69757" lon="-78.54318">
        <ele>112.3</ele>
      </trkpt>
      <trkpt lat="35.69755" lon="-78.54324">
        <ele>112.5</ele>
      </trkpt>
      <trkpt lat="35.69752" lon="-78.54333">
        <ele>112.5</ele>
      </trkpt>
      <trkpt lat="35.69751" lon="-78.54336">
        <ele>112.5</ele>
      </trkpt>
      <trkpt lat="35.6975" lon="-78.54341">
        <ele>112.6</ele>
      </trkpt>
      <trkpt lat="35.6975" lon="-78.54342">
        <ele>112.7</ele>
      </trkpt>
      <trkpt lat="35.69748" lon="-78.5435">
        <ele>112.5</ele>
      </trkpt>
      <trkpt lat="35.69746" lon="-78.5436">
        <ele>112.3</ele>
      </trkpt>
      <trkpt lat="35.69745" lon="-78.54366">
        <ele>112.2</ele>
      </trkpt>
      <trkpt lat="35.69743" lon="-78.54379">
        <ele>112.0</ele>
      </trkpt>
      <trkpt lat="35.69743" lon="-78.5438">
        <ele>112.0</ele>
      </trkpt>
      <trkpt lat="35.69742" lon="-78.54382">
        <ele>112.0</ele>
      </trkpt>
      <trkpt lat="35.69741" lon="-78.54396">
        <ele>112.3</ele>
      </trkpt>
      <trkpt lat="35.6974" lon="-78.54405">
        <ele>112.6</ele>
      </trkpt>
      <trkpt lat="35.6974" lon="-78.54422">
        <ele>113.2</ele>
      </trkpt>
      <trkpt lat="35.6974" lon="-78.54423">
        <ele>113.3</ele>
      </trkpt>
      <trkpt lat="35.69739" lon="-78.54444">
        <ele>114.1</ele>
      </trkpt>
      <trkpt lat="35.6974" lon="-78.54467">
        <ele>114.7</ele>
      </trkpt>
      <trkpt lat="35.6974" lon="-78.54471">
        <ele>114.7</ele>
      </trkpt>
      <trkpt lat="35.6974" lon="-78.54484">
        <ele>114.6</ele>
      </trkpt>
      <trkpt lat="35.6974" lon="-78.5449">
        <ele>114.6</ele>
      </trkpt>
      <trkpt lat="35.6974" lon="-78.54491">
        <ele>114.6</ele>
      </trkpt>
      <trkpt lat="35.6974" lon="-78.54494">
        <ele>114.6</ele>
      </trkpt>
      <trkpt lat="35.69741" lon="-78.54514">
        <ele>114.3</ele>
      </trkpt>
      <trkpt lat="35.69741" lon="-78.54534">
        <ele>113.9</ele>
      </trkpt>
      <trkpt lat="35.69741" lon="-78.5454">
        <ele>113.8</ele>
      </trkpt>
      <trkpt lat="35.69741" lon="-78.54563">
        <ele>113.5</ele>
      </trkpt>
      <trkpt lat="35.6974" lon="-78.5458">
        <ele>113.2</ele>
      </trkpt>
      <trkpt lat="35.69738" lon="-78.54593">
        <ele>113.1</ele>
      </trkpt>
      <trkpt lat="35.69736" lon="-78.54606">
        <ele>113.0</ele>
      </trkpt>
      <trkpt lat="35.69734" lon="-78.54621">
        <ele>112.9</ele>
      </trkpt>
      <trkpt lat="35.69733" lon="-78.54623">
        <ele>112.9</ele>
      </trkpt>
      <trkpt lat="35.6973" lon="-78.54634">
        <ele>112.7</ele>
      </trkpt>
      <trkpt lat="35.69724" lon="-78.5466">
        <ele>112.5</ele>
      </trkpt>
      <trkpt lat="35.69714" lon="-78.54689">
        <ele>112.6</ele>
      </trkpt>
      <trkpt lat="35.69704" lon="-78.54721">
        <ele>112.5</ele>
      </trkpt>
      <trkpt lat="35.69693" lon="-78.54757">
        <ele>112.4</ele>
      </trkpt>
      <trkpt lat="35.69665" lon="-78.54845">
        <ele>110.9</ele>
      </trkpt>
      <trkpt lat="35.69665" lon="-78.54846">
        <ele>110.9</ele>
      </trkpt>
      <trkpt lat="35.69652" lon="-78.54886">
        <ele>110.0</ele>
      </trkpt>
      <trkpt lat="35.6965" lon="-78.54898">
        <ele>110.3</ele>
      </trkpt>
      <trkpt lat="35.69643" lon="-78.54917">
        <ele>110.7</ele>
      </trkpt>
      <trkpt lat="35.6964" lon="-78.54924">
        <ele>110.9</ele>
      </trkpt>
      <trkpt lat="35.69636" lon="-78.54935">
        <ele>111.0</ele>
      </trkpt>
      <trkpt lat="35.69632" lon="-78.54943">
        <ele>111.1</ele>
      </trkpt>
      <trkpt lat="35.69626" lon="-78.54955">
        <ele>111.1</ele>
      </trkpt>
      <trkpt lat="35.6962" lon="-78.54964">
        <ele>111.2</ele>
      </trkpt>
      <trkpt lat="35.69618" lon="-78.54966">
        <ele>111.2</ele>
      </trkpt>
      <trkpt lat="35.69618" lon="-78.54967">
        <ele>111.2</ele>
      </trkpt>
      <trkpt lat="35.69616" lon="-78.54969">
        <ele>111.3</ele>
      </trkpt>
      <trkpt lat="35.69613" lon="-78.54973">
        <ele>111.4</ele>
      </trkpt>
      <trkpt lat="35.69609" lon="-78.54976">
        <ele>111.5</ele>
      </trkpt>
      <trkpt lat="35.69606" lon="-78.54978">
        <ele>111.4</ele>
      </trkpt>
      <trkpt lat="35.69602" lon="-78.54981">
        <ele>111.6</ele>
      </trkpt>
      <trkpt lat="35.69597" lon="-78.54983">
        <ele>111.4</ele>
      </trkpt>
      <trkpt lat="35.69592" lon="-78.54985">
        <ele>111.2</ele>
      </trkpt>
      <trkpt lat="35.69586" lon="-78.54987">
        <ele>111.1</ele>
      </trkpt>
      <trkpt lat="35.69579" lon="-78.54989">
        <ele>110.8</ele>
      </trkpt>
      <trkpt lat="35.69569" lon="-78.5499">
        <ele>110.5</ele>
      </trkpt>
      <trkpt lat="35.69518" lon="-78.54993">
        <ele>109.7</ele>
      </trkpt>
      <trkpt lat="35.69517" lon="-78.54993">
        <ele>109.7</ele>
      </trkpt>
      <trkpt lat="35.69499" lon="-78.54994">
        <ele>109.4</ele>
      </trkpt>
      <trkpt lat="35.69458" lon="-78.54996">
        <ele>108.3</ele>
      </trkpt>
      <trkpt lat="35.69432" lon="-78.54997">
        <ele>107.3</ele>
      </trkpt>
      <trkpt lat="35.69403" lon="-78.54998">
        <ele>106.6</ele>
      </trkpt>
      <trkpt lat="35.69367" lon="-78.55">
        <ele>105.8</ele>
      </trkpt>
      <trkpt lat="35.69283" lon="-78.55005">
        <ele>104.3</ele>
      </trkpt>
      <trkpt lat="35.69279" lon="-78.55005">
        <ele>104.2</ele>
      </trkpt>
      <trkpt lat="35.69246" lon="-78.55008">
        <ele>104.0</ele>
      </trkpt>
      <trkpt lat="35.69246" lon="-78.55008">
        <ele>104.0</ele>
      </trkpt>
      <trkpt lat="35.6924" lon="-78.54949">
        <ele>105.1</ele>
      </trkpt>
      <trkpt lat="35.69236" lon="-78.54914">
        <ele>105.5</ele>
      </trkpt>
      <trkpt lat="35.69234" lon="-78.54895">
        <ele>105.8</ele>
      </trkpt>
      <trkpt lat="35.69233" lon="-78.54884">
        <ele>105.9</ele>
      </trkpt>
      <trkpt lat="35.69233" lon="-78.54883">
        <ele>105.9</ele>
      </trkpt>
      <trkpt lat="35.69226" lon="-78.54812">
        <ele>104.8</ele>
      </trkpt>
      <trkpt lat="35.6922" lon="-78.54775">
        <ele>104.8</ele>
      </trkpt>
      <trkpt lat="35.69214" lon="-78.54742">
        <ele>105.0</ele>
      </trkpt>
      <trkpt lat="35.6921" lon="-78.54719">
        <ele>105.0</ele>
      </trkpt>
      <trkpt lat="35.6921" lon="-78.54717">
        <ele>105.1</ele>
      </trkpt>
      <trkpt lat="35.69208" lon="-78.5471">
        <ele>105.1</ele>
      </trkpt>
      <trkpt lat="35.69208" lon="-78.54709">
        <ele>105.1</ele>
      </trkpt>
      <trkpt lat="35.69203" lon="-78.54684">
        <ele>104.7</ele>
      </trkpt>
      <trkpt lat="35.69193" lon="-78.54641">
        <ele>103.5</ele>
      </trkpt>
      <trkpt lat="35.6919" lon="-78.54631">
        <ele>103.1</ele>
      </trkpt>
      <trkpt lat="35.69189" lon="-78.54624">
        <ele>102.9</ele>
      </trkpt>
      <trkpt lat="35.69189" lon="-78.54624">
        <ele>102.9</ele>
      </trkpt>
      <trkpt lat="35.69188" lon="-78.54624">
        <ele>102.7</ele>
      </trkpt>
      <trkpt lat="35.69175" lon="-78.54572">
        <ele>100.1</ele>
      </trkpt>
      <trkpt lat="35.69161" lon="-78.54519">
        <ele>97.3</ele>
      </trkpt>
      <trkpt lat="35.69142" lon="-78.5445">
        <ele>93.6</ele>
      </trkpt>
      <trkpt lat="35.69131" lon="-78.54408">
        <ele>93.5</ele>
      </trkpt>
      <trkpt lat="35.69124" lon="-78.54375">
        <ele>95.3</ele>
      </trkpt>
      <trkpt lat="35.69122" lon="-78.54365">
        <ele>95.5</ele>
      </trkpt>
      <trkpt lat="35.6912" lon="-78.54349">
        <ele>96.2</ele>
      </trkpt>
      <trkpt lat="35.6912" lon="-78.54331">
        <ele>96.9</ele>
      </trkpt>
      <trkpt lat="35.6912" lon="-78.54321">
        <ele>97.0</ele>
      </trkpt>
      <trkpt lat="35.69121" lon="-78.54299">
        <ele>97.2</ele>
      </trkpt>
      <trkpt lat="35.69127" lon="-78.54244">
        <ele>99.3</ele>
      </trkpt>
      <trkpt lat="35.69128" lon="-78.54233">
        <ele>99.3</ele>
      </trkpt>
      <trkpt lat="35.69129" lon="-78.54222">
        <ele>99.3</ele>
      </trkpt>
      <trkpt lat="35.69131" lon="-78.54212">
        <ele>99.1</ele>
      </trkpt>
      <trkpt lat="35.69132" lon="-78.542">
        <ele>98.8</ele>
      </trkpt>
      <trkpt lat="35.69134" lon="-78.54182">
        <ele>98.7</ele>
      </trkpt>
      <trkpt lat="35.69134" lon="-78.54178">
        <ele>98.7</ele>
      </trkpt>
      <trkpt lat="35.6914" lon="-78.54134">
        <ele>97.1</ele>
      </trkpt>
      <trkpt lat="35.6914" lon="-78.54118">
        <ele>96.9</ele>
      </trkpt>
      <trkpt lat="35.6914" lon="-78.54105">
        <ele>97.0</ele>
      </trkpt>
      <trkpt lat="35.6914" lon="-78.5409">
        <ele>96.9</ele>
      </trkpt>
      <trkpt lat="35.69139" lon="-78.5408">
        <ele>96.9</ele>
      </trkpt>
      <trkpt lat="35.69138" lon="-78.54069">
        <ele>96.8</ele>
      </trkpt>
      <trkpt lat="35.69138" lon="-78.54068">
        <ele>96.8</ele>
      </trkpt>
      <trkpt lat="35.69137" lon="-78.54063">
        <ele>96.7</ele>
      </trkpt>
      <trkpt lat="35.69137" lon="-78.5406">
        <ele>96.8</ele>
      </trkpt>
      <trkpt lat="35.69135" lon="-78.5405">
        <ele>97.0</ele>
      </trkpt>
      <trkpt lat="35.69133" lon="-78.54039">
        <ele>97.0</ele>
      </trkpt>
      <trkpt lat="35.69131" lon="-78.54029">
        <ele>96.7</ele>
      </trkpt>
      <trkpt lat="35.69128" lon="-78.54016">
        <ele>96.4</ele>
      </trkpt>
      <trkpt lat="35.69125" lon="-78.54004">
        <ele>96.1</ele>
      </trkpt>
      <trkpt lat="35.69122" lon="-78.53995">
        <ele>95.8</ele>
      </trkpt>
      <trkpt lat="35.69119" lon="-78.53986">
        <ele>95.6</ele>
      </trkpt>
      <trkpt lat="35.69115" lon="-78.53977">
        <ele>95.3</ele>
      </trkpt>
      <trkpt lat="35.69086" lon="-78.53902">
        <ele>94.7</ele>
      </trkpt>
      <trkpt lat="35.6907" lon="-78.53862">
        <ele>95.3</ele>
      </trkpt>
      <trkpt lat="35.69059" lon="-78.53836">
        <ele>95.2</ele>
      </trkpt>
      <trkpt lat="35.69054" lon="-78.53823">
        <ele>95.1</ele>
      </trkpt>
      <trkpt lat="35.69006" lon="-78.53704">
        <ele>89.0</ele>
      </trkpt>
      <trkpt lat="35.68995" lon="-78.53677">
        <ele>88.4</ele>
      </trkpt>
      <trkpt lat="35.6899" lon="-78.53664">
        <ele>87.6</ele>
      </trkpt>
      <trkpt lat="35.68982" lon="-78.53644">
        <ele>87.2</ele>
      </trkpt>
      <trkpt lat="35.68979" lon="-78.53638">
        <ele>87.7</ele>
      </trkpt>
      <trkpt lat="35.68974" lon="-78.53624">
        <ele>88.3</ele>
      </trkpt>
      <trkpt lat="35.68969" lon="-78.53612">
        <ele>88.8</ele>
      </trkpt>
      <trkpt lat="35.68956" lon="-78.53578">
        <ele>90.7</ele>
      </trkpt>
      <trkpt lat="35.6895" lon="-78.53565">
        <ele>91.0</ele>
      </trkpt>
      <trkpt lat="35.68945" lon="-78.53551">
        <ele>91.2</ele>
      </trkpt>
      <trkpt lat="35.68942" lon="-78.53545">
        <ele>91.2</ele>
      </trkpt>
      <trkpt lat="35.6894" lon="-78.53538">
        <ele>91.2</ele>
      </trkpt>
      <trkpt lat="35.68921" lon="-78.53493">
        <ele>90.4</ele>
      </trkpt>
      <trkpt lat="35.68919" lon="-78.53485">
        <ele>90.2</ele>
      </trkpt>
      <trkpt lat="35.68917" lon="-78.53481">
        <ele>90.2</ele>
      </trkpt>
      <trkpt lat="35.68916" lon="-78.53478">
        <ele>90.4</ele>
      </trkpt>
      <trkpt lat="35.68915" lon="-78.53478">
        <ele>90.5</ele>
      </trkpt>
      <trkpt lat="35.68907" lon="-78.53459">
        <ele>91.3</ele>
      </trkpt>
      <trkpt lat="35.68904" lon="-78.5345">
        <ele>91.7</ele>
      </trkpt>
      <trkpt lat="35.689" lon="-78.5344">
        <ele>92.1</ele>
      </trkpt>
      <trkpt lat="35.689" lon="-78.53439">
        <ele>92.2</ele>
      </trkpt>
      <trkpt lat="35.68898" lon="-78.53435">
        <ele>92.4</ele>
      </trkpt>
      <trkpt lat="35.68892" lon="-78.5342">
        <ele>92.6</ele>
      </trkpt>
      <trkpt lat="35.68892" lon="-78.53419">
        <ele>92.6</ele>
      </trkpt>
      <trkpt lat="35.6889" lon="-78.53415">
        <ele>92.6</ele>
      </trkpt>
      <trkpt lat="35.68884" lon="-78.53399">
        <ele>93.0</ele>
      </trkpt>
      <trkpt lat="35.68868" lon="-78.53359">
        <ele>94.5</ele>
      </trkpt>
      <trkpt lat="35.6886" lon="-78.53339">
        <ele>95.0</ele>
      </trkpt>
      <trkpt lat="35.68837" lon="-78.53281">
        <ele>96.4</ele>
      </trkpt>
      <trkpt lat="35.68836" lon="-78.5328">
        <ele>96.4</ele>
      </trkpt>
      <trkpt lat="35.68813" lon="-78.53222">
        <ele>98.8</ele>
      </trkpt>
      <trkpt lat="35.68805" lon="-78.53202">
        <ele>99.5</ele>
      </trkpt>
      <trkpt lat="35.68804" lon="-78.532">
        <ele>99.5</ele>
      </trkpt>
      <trkpt lat="35.68797" lon="-78.53182">
        <ele>99.9</ele>
      </trkpt>
      <trkpt lat="35.68796" lon="-78.5318">
        <ele>99.9</ele>
      </trkpt>
      <trkpt lat="35.6878" lon="-78.53141">
        <ele>100.6</ele>
      </trkpt>
      <trkpt lat="35.6878" lon="-78.53139">
        <ele>100.6</ele>
      </trkpt>
      <trkpt lat="35.68772" lon="-78.53121">
        <ele>100.9</ele>
      </trkpt>
      <trkpt lat="35.68764" lon="-78.53101">
        <ele>101.2</ele>
      </trkpt>
      <trkpt lat="35.68748" lon="-78.53061">
        <ele>101.6</ele>
      </trkpt>
      <trkpt lat="35.68692" lon="-78.52923">
        <ele>106.4</ele>
      </trkpt>
      <trkpt lat="35.6869" lon="-78.52916">
        <ele>106.6</ele>
      </trkpt>
      <trkpt lat="35.68674" lon="-78.52877">
        <ele>107.5</ele>
      </trkpt>
      <trkpt lat="35.6866" lon="-78.52842">
        <ele>108.7</ele>
      </trkpt>
      <trkpt lat="35.68653" lon="-78.52826">
        <ele>109.2</ele>
      </trkpt>
      <trkpt lat="35.68648" lon="-78.52813">
        <ele>109.4</ele>
      </trkpt>
      <trkpt lat="35.68634" lon="-78.52778">
        <ele>110.4</ele>
      </trkpt>
      <trkpt lat="35.68628" lon="-78.52766">
        <ele>110.7</ele>
      </trkpt>
      <trkpt lat="35.68624" lon="-78.52759">
        <ele>111.3</ele>
      </trkpt>
      <trkpt lat="35.68623" lon="-78.52755">
        <ele>111.2</ele>
      </trkpt>
      <trkpt lat="35.68622" lon="-78.52754">
        <ele>111.2</ele>
      </trkpt>
      <trkpt lat="35.68618" lon="-78.52747">
        <ele>111.6</ele>
      </trkpt>
      <trkpt lat="35.68613" lon="-78.5274">
        <ele>112.7</ele>
      </trkpt>
      <trkpt lat="35.68608" lon="-78.52732">
        <ele>113.5</ele>
      </trkpt>
      <trkpt lat="35.68606" lon="-78.52729">
        <ele>113.7</ele>
      </trkpt>
      <trkpt lat="35.68605" lon="-78.52729">
        <ele>113.7</ele>
      </trkpt>
      <trkpt lat="35.68603" lon="-78.52726">
        <ele>113.9</ele>
      </trkpt>
      <trkpt lat="35.68602" lon="-78.52725">
        <ele>114.0</ele>
      </trkpt>
      <trkpt lat="35.68602" lon="-78.52724">
        <ele>114.0</ele>
      </trkpt>
      <trkpt lat="35.68599" lon="-78.52721">
        <ele>114.1</ele>
      </trkpt>
      <trkpt lat="35.68592" lon="-78.52713">
        <ele>114.5</ele>
      </trkpt>
      <trkpt lat="35.68585" lon="-78.52706">
        <ele>114.2</ele>
      </trkpt>
      <trkpt lat="35.68569" lon="-78.52693">
        <ele>113.8</ele>
      </trkpt>
      <trkpt lat="35.68569" lon="-78.52693">
        <ele>113.8</ele>
      </trkpt>
      <trkpt lat="35.68591" lon="-78.52691">
        <ele>114.2</ele>
      </trkpt>
      <trkpt lat="35.68599" lon="-78.5269">
        <ele>114.4</ele>
      </trkpt>
      <trkpt lat="35.686" lon="-78.5269">
        <ele>114.4</ele>
      </trkpt>
      <trkpt lat="35.68602" lon="-78.5269">
        <ele>114.4</ele>
      </trkpt>
      <trkpt lat="35.68605" lon="-78.5269">
        <ele>114.4</ele>
      </trkpt>
      <trkpt lat="35.68606" lon="-78.5269">
        <ele>114.4</ele>
      </trkpt>
      <trkpt lat="35.68609" lon="-78.5269">
        <ele>114.4</ele>
      </trkpt>
      <trkpt lat="35.68617" lon="-78.5269">
        <ele>114.5</ele>
      </trkpt>
      <trkpt lat="35.68635" lon="-78.5269">
        <ele>114.3</ele>
      </trkpt>
      <trkpt lat="35.68661" lon="-78.5269">
        <ele>114.2</ele>
      </trkpt>
      <trkpt lat="35.68674" lon="-78.52691">
        <ele>114.0</ele>
      </trkpt>
      <trkpt lat="35.68676" lon="-78.52691">
        <ele>114.0</ele>
      </trkpt>
      <trkpt lat="35.68689" lon="-78.52691">
        <ele>113.9</ele>
      </trkpt>
      <trkpt lat="35.6869" lon="-78.52691">
        <ele>113.9</ele>
      </trkpt>
      <trkpt lat="35.68695" lon="-78.52691">
        <ele>113.9</ele>
      </trkpt>
      <trkpt lat="35.68698" lon="-78.52691">
        <ele>113.8</ele>
      </trkpt>
      <trkpt lat="35.68719" lon="-78.52693">
        <ele>113.6</ele>
      </trkpt>
      <trkpt lat="35.68722" lon="-78.52693">
        <ele>113.6</ele>
      </trkpt>
      <trkpt lat="35.68722" lon="-78.52693">
        <ele>113.6</ele>
      </trkpt>
      <trkpt lat="35.68725" lon="-78.52693">
        <ele>113.6</ele>
      </trkpt>
      <trkpt lat="35.68741" lon="-78.52694">
        <ele>113.4</ele>
      </trkpt>
      <trkpt lat="35.68743" lon="-78.52694">
        <ele>113.3</ele>
      </trkpt>
      <trkpt lat="35.68746" lon="-78.52694">
        <ele>113.3</ele>
      </trkpt>
      <trkpt lat="35.68762" lon="-78.52695">
        <ele>113.0</ele>
      </trkpt>
      <trkpt lat="35.68782" lon="-78.52696">
        <ele>112.6</ele>
      </trkpt>
      <trkpt lat="35.68827" lon="-78.52698">
        <ele>111.9</ele>
      </trkpt>
      <trkpt lat="35.68861" lon="-78.527">
        <ele>111.4</ele>
      </trkpt>
      <trkpt lat="35.6887" lon="-78.52701">
        <ele>111.3</ele>
      </trkpt>
      <trkpt lat="35.68887" lon="-78.52702">
        <ele>111.0</ele>
      </trkpt>
      <trkpt lat="35.68888" lon="-78.52702">
        <ele>111.0</ele>
      </trkpt>
      <trkpt lat="35.68889" lon="-78.52702">
        <ele>111.0</ele>
      </trkpt>
      <trkpt lat="35.68893" lon="-78.52702">
        <ele>110.9</ele>
      </trkpt>
      <trkpt lat="35.68905" lon="-78.52703">
        <ele>110.7</ele>
      </trkpt>
      <trkpt lat="35.68906" lon="-78.52703">
        <ele>110.7</ele>
      </trkpt>
      <trkpt lat="35.68907" lon="-78.52703">
        <ele>110.7</ele>
      </trkpt>
      <trkpt lat="35.68911" lon="-78.52703">
        <ele>110.7</ele>
      </trkpt>
      <trkpt lat="35.68978" lon="-78.52707">
        <ele>109.9</ele>
      </trkpt>
      <trkpt lat="35.6898" lon="-78.52707">
        <ele>109.8</ele>
      </trkpt>
      <trkpt lat="35.68995" lon="-78.52707">
        <ele>109.5</ele>
      </trkpt>
      <trkpt lat="35.69" lon="-78.52707">
        <ele>109.4</ele>
      </trkpt>
      <trkpt lat="35.69004" lon="-78.52707">
        <ele>109.3</ele>
      </trkpt>
      <trkpt lat="35.69013" lon="-78.52707">
        <ele>109.3</ele>
      </trkpt>
      <trkpt lat="35.69037" lon="-78.52708">
        <ele>109.5</ele>
      </trkpt>
      <trkpt lat="35.69049" lon="-78.52708">
        <ele>109.9</ele>
      </trkpt>
      <trkpt lat="35.69067" lon="-78.52708">
        <ele>110.4</ele>
      </trkpt>
      <trkpt lat="35.69085" lon="-78.52708">
        <ele>111.2</ele>
      </trkpt>
      <trkpt lat="35.69087" lon="-78.52708">
        <ele>111.3</ele>
      </trkpt>
      <trkpt lat="35.69156" lon="-78.52706">
        <ele>112.9</ele>
      </trkpt>
      <trkpt lat="35.69162" lon="-78.52706">
        <ele>113.0</ele>
      </trkpt>
      <trkpt lat="35.6917" lon="-78.52705">
        <ele>113.2</ele>
      </trkpt>
      <trkpt lat="35.69192" lon="-78.52705">
        <ele>113.1</ele>
      </trkpt>
      <trkpt lat="35.69216" lon="-78.52704">
        <ele>113.3</ele>
      </trkpt>
      <trkpt lat="35.69223" lon="-78.52704">
        <ele>113.3</ele>
      </trkpt>
      <trkpt lat="35.69228" lon="-78.52704">
        <ele>113.3</ele>
      </trkpt>
      <trkpt lat="35.69264" lon="-78.52703">
        <ele>113.5</ele>
      </trkpt>
      <trkpt lat="35.693" lon="-78.52701">
        <ele>114.1</ele>
      </trkpt>
      <trkpt lat="35.69306" lon="-78.52701">
        <ele>114.1</ele>
      </trkpt>
      <trkpt lat="35.69318" lon="-78.52701">
        <ele>113.7</ele>
      </trkpt>
      <trkpt lat="35.69324" lon="-78.52701">
        <ele>113.5</ele>
      </trkpt>
      <trkpt lat="35.69336" lon="-78.527">
        <ele>113.2</ele>
      </trkpt>
      <trkpt lat="35.69414" lon="-78.52697">
        <ele>112.9</ele>
      </trkpt>
      <trkpt lat="35.69432" lon="-78.52697">
        <ele>113.0</ele>
      </trkpt>
      <trkpt lat="35.69433" lon="-78.52697">
        <ele>113.0</ele>
      </trkpt>
      <trkpt lat="35.69439" lon="-78.52697">
        <ele>113.1</ele>
      </trkpt>
      <trkpt lat="35.69469" lon="-78.52697">
        <ele>112.9</ele>
      </trkpt>
      <trkpt lat="35.69487" lon="-78.52698">
        <ele>113.2</ele>
      </trkpt>
      <trkpt lat="35.69497" lon="-78.52698">
        <ele>113.3</ele>
      </trkpt>
      <trkpt lat="35.69505" lon="-78.52698">
        <ele>113.5</ele>
      </trkpt>
      <trkpt lat="35.69522" lon="-78.52699">
        <ele>113.8</ele>
      </trkpt>
      <trkpt lat="35.69535" lon="-78.527">
        <ele>114.2</ele>
      </trkpt>
      <trkpt lat="35.69541" lon="-78.527">
        <ele>114.4</ele>
      </trkpt>
      <trkpt lat="35.69559" lon="-78.52701">
        <ele>114.7</ele>
      </trkpt>
      <trkpt lat="35.69576" lon="-78.52702">
        <ele>115.0</ele>
      </trkpt>
      <trkpt lat="35.69592" lon="-78.52703">
        <ele>115.3</ele>
      </trkpt>
      <trkpt lat="35.69594" lon="-78.52703">
        <ele>115.3</ele>
      </trkpt>
      <trkpt lat="35.69612" lon="-78.52704">
        <ele>115.8</ele>
      </trkpt>
      <trkpt lat="35.6963" lon="-78.52705">
        <ele>116.4</ele>
      </trkpt>
      <trkpt lat="35.69641" lon="-78.52706">
        <ele>116.6</ele>
      </trkpt>
      <trkpt lat="35.69648" lon="-78.52706">
        <ele>116.9</ele>
      </trkpt>
      <trkpt lat="35.69666" lon="-78.52707">
        <ele>117.1</ele>
      </trkpt>
      <trkpt lat="35.69704" lon="-78.52709">
        <ele>118.3</ele>
      </trkpt>
      <trkpt lat="35.6972" lon="-78.5271">
        <ele>118.7</ele>
      </trkpt>
      <trkpt lat="35.69738" lon="-78.52711">
        <ele>118.9</ele>
      </trkpt>
      <trkpt lat="35.69745" lon="-78.52712">
        <ele>119.0</ele>
      </trkpt>
      <trkpt lat="35.69756" lon="-78.52712">
        <ele>119.2</ele>
      </trkpt>
      <trkpt lat="35.69774" lon="-78.52713">
        <ele>119.3</ele>
      </trkpt>
      <trkpt lat="35.69792" lon="-78.52714">
        <ele>119.6</ele>
      </trkpt>
      <trkpt lat="35.69801" lon="-78.52715">
        <ele>119.6</ele>
      </trkpt>
      <trkpt lat="35.6981" lon="-78.52715">
        <ele>119.7</ele>
      </trkpt>
      <trkpt lat="35.69814" lon="-78.52715">
        <ele>119.7</ele>
      </trkpt>
      <trkpt lat="35.69827" lon="-78.52717">
        <ele>119.7</ele>
      </trkpt>
      <trkpt lat="35.69828" lon="-78.52717">
        <ele>119.7</ele>
      </trkpt>
      <trkpt lat="35.69836" lon="-78.52718">
        <ele>119.6</ele>
      </trkpt>
      <trkpt lat="35.69844" lon="-78.52719">
        <ele>119.5</ele>
      </trkpt>
      <trkpt lat="35.69846" lon="-78.5272">
        <ele>119.5</ele>
      </trkpt>
      <trkpt lat="35.69853" lon="-78.52721">
        <ele>119.6</ele>
      </trkpt>
      <trkpt lat="35.69862" lon="-78.52724">
        <ele>119.7</ele>
      </trkpt>
      <trkpt lat="35.69871" lon="-78.52727">
        <ele>119.8</ele>
      </trkpt>
      <trkpt lat="35.69882" lon="-78.52731">
        <ele>119.9</ele>
      </trkpt>
      <trkpt lat="35.69888" lon="-78.52734">
        <ele>120.0</ele>
      </trkpt>
      <trkpt lat="35.69892" lon="-78.52736">
        <ele>120.2</ele>
      </trkpt>
      <trkpt lat="35.69897" lon="-78.52739">
        <ele>120.4</ele>
      </trkpt>
      <trkpt lat="35.69911" lon="-78.52746">
        <ele>120.7</ele>
      </trkpt>
      <trkpt lat="35.69911" lon="-78.52746">
        <ele>120.7</ele>
      </trkpt>
      <trkpt lat="35.69911" lon="-78.52696">
        <ele>121.3</ele>
      </trkpt>
      <trkpt lat="35.69911" lon="-78.52689">
        <ele>121.1</ele>
      </trkpt>
      <trkpt lat="35.69911" lon="-78.52688">
        <ele>121.0</ele>
      </trkpt>
      <trkpt lat="35.6991" lon="-78.52668">
        <ele>120.0</ele>
      </trkpt>
      <trkpt lat="35.6991" lon="-78.52667">
        <ele>120.0</ele>
      </trkpt>
      <trkpt lat="35.6991" lon="-78.52666">
        <ele>119.9</ele>
      </trkpt>
      <trkpt lat="35.69909" lon="-78.52644">
        <ele>119.5</ele>
      </trkpt>
      <trkpt lat="35.69909" lon="-78.52631">
        <ele>119.2</ele>
      </trkpt>
      <trkpt lat="35.69907" lon="-78.526">
        <ele>119.0</ele>
      </trkpt>
      <trkpt lat="35.69906" lon="-78.52579">
        <ele>119.0</ele>
      </trkpt>
      <trkpt lat="35.69905" lon="-78.52557">
        <ele>118.9</ele>
      </trkpt>
      <trkpt lat="35.69902" lon="-78.52511">
        <ele>118.4</ele>
      </trkpt>
      <trkpt lat="35.69901" lon="-78.52503">
        <ele>118.2</ele>
      </trkpt>
      <trkpt lat="35.69901" lon="-78.52502">
        <ele>118.2</ele>
      </trkpt>
      <trkpt lat="35.69901" lon="-78.52502">
        <ele>118.2</ele>
      </trkpt>
      <trkpt lat="35.699" lon="-78.52489">
        <ele>118.0</ele>
      </trkpt>
      <trkpt lat="35.69899" lon="-78.52467">
        <ele>117.5</ele>
      </trkpt>
      <trkpt lat="35.69894" lon="-78.52403">
        <ele>116.5</ele>
      </trkpt>
      <trkpt lat="35.69891" lon="-78.52358">
        <ele>116.4</ele>
      </trkpt>
      <trkpt lat="35.69891" lon="-78.52357">
        <ele>116.4</ele>
      </trkpt>
      <trkpt lat="35.6989" lon="-78.52336">
        <ele>116.3</ele>
      </trkpt>
      <trkpt lat="35.69889" lon="-78.52336">
        <ele>116.4</ele>
      </trkpt>
      <trkpt lat="35.69889" lon="-78.52335">
        <ele>116.3</ele>
      </trkpt>
      <trkpt lat="35.69888" lon="-78.52314">
        <ele>115.6</ele>
      </trkpt>
      <trkpt lat="35.69888" lon="-78.52313">
        <ele>115.6</ele>
      </trkpt>
      <trkpt lat="35.69886" lon="-78.52292">
        <ele>115.5</ele>
      </trkpt>
      <trkpt lat="35.69883" lon="-78.52253">
        <ele>114.7</ele>
      </trkpt>
      <trkpt lat="35.6988" lon="-78.52204">
        <ele>113.0</ele>
      </trkpt>
      <trkpt lat="35.69878" lon="-78.52175">
        <ele>112.2</ele>
      </trkpt>
      <trkpt lat="35.69878" lon="-78.52159">
        <ele>111.6</ele>
      </trkpt>
      <trkpt lat="35.69877" lon="-78.52137">
        <ele>110.8</ele>
      </trkpt>
      <trkpt lat="35.69877" lon="-78.52115">
        <ele>110.6</ele>
      </trkpt>
      <trkpt lat="35.69877" lon="-78.52093">
        <ele>110.1</ele>
      </trkpt>
      <trkpt lat="35.69876" lon="-78.52085">
        <ele>110.0</ele>
      </trkpt>
      <trkpt lat="35.69877" lon="-78.52071">
        <ele>109.6</ele>
      </trkpt>
      <trkpt lat="35.69877" lon="-78.5204">
        <ele>109.4</ele>
      </trkpt>
      <trkpt lat="35.69878" lon="-78.52027">
        <ele>109.6</ele>
      </trkpt>
      <trkpt lat="35.69881" lon="-78.51986">
        <ele>108.8</ele>
      </trkpt>
      <trkpt lat="35.6988" lon="-78.5196">
        <ele>108.3</ele>
      </trkpt>
      <trkpt lat="35.69882" lon="-78.51946">
        <ele>107.9</ele>
      </trkpt>
      <trkpt lat="35.69885" lon="-78.51886">
        <ele>106.8</ele>
      </trkpt>
      <trkpt lat="35.69887" lon="-78.51855">
        <ele>106.8</ele>
      </trkpt>
      <trkpt lat="35.69889" lon="-78.5182">
        <ele>106.4</ele>
      </trkpt>
      <trkpt lat="35.69896" lon="-78.51694">
        <ele>105.0</ele>
      </trkpt>
      <trkpt lat="35.69897" lon="-78.51693">
        <ele>105.0</ele>
      </trkpt>
      <trkpt lat="35.69897" lon="-78.51688">
        <ele>105.0</ele>
      </trkpt>
      <trkpt lat="35.69897" lon="-78.51687">
        <ele>105.0</ele>
      </trkpt>
      <trkpt lat="35.69897" lon="-78.51628">
        <ele>103.7</ele>
      </trkpt>
      <trkpt lat="35.69897" lon="-78.51621">
        <ele>103.7</ele>
      </trkpt>
      <trkpt lat="35.69897" lon="-78.51591">
        <ele>101.9</ele>
      </trkpt>
      <trkpt lat="35.69899" lon="-78.51533">
        <ele>98.2</ele>
      </trkpt>
      <trkpt lat="35.699" lon="-78.515">
        <ele>97.0</ele>
      </trkpt>
      <trkpt lat="35.699" lon="-78.51468">
        <ele>96.3</ele>
      </trkpt>
      <trkpt lat="35.699" lon="-78.51467">
        <ele>96.2</ele>
      </trkpt>
      <trkpt lat="35.69901" lon="-78.51455">
        <ele>96.1</ele>
      </trkpt>
      <trkpt lat="35.69901" lon="-78.51362">
        <ele>94.9</ele>
      </trkpt>
      <trkpt lat="35.69901" lon="-78.51357">
        <ele>94.6</ele>
      </trkpt>
      <trkpt lat="35.69901" lon="-78.51334">
        <ele>94.0</ele>
      </trkpt>
      <trkpt lat="35.69901" lon="-78.5129">
        <ele>92.9</ele>
      </trkpt>
      <trkpt lat="35.69901" lon="-78.51269">
        <ele>92.6</ele>
      </trkpt>
      <trkpt lat="35.69901" lon="-78.51252">
        <ele>92.2</ele>
      </trkpt>
      <trkpt lat="35.69901" lon="-78.51227">
        <ele>92.0</ele>
      </trkpt>
      <trkpt lat="35.699" lon="-78.51202">
        <ele>91.9</ele>
      </trkpt>
      <trkpt lat="35.699" lon="-78.51174">
        <ele>92.1</ele>
      </trkpt>
      <trkpt lat="35.69902" lon="-78.51135">
        <ele>92.0</ele>
      </trkpt>
      <trkpt lat="35.69908" lon="-78.51103">
        <ele>92.0</ele>
      </trkpt>
      <trkpt lat="35.69908" lon="-78.51102">
        <ele>91.9</ele>
      </trkpt>
      <trkpt lat="35.69913" lon="-78.51085">
        <ele>92.0</ele>
      </trkpt>
      <trkpt lat="35.69922" lon="-78.51054">
        <ele>92.6</ele>
      </trkpt>
      <trkpt lat="35.69931" lon="-78.51031">
        <ele>92.9</ele>
      </trkpt>
      <trkpt lat="35.69939" lon="-78.51012">
        <ele>92.7</ele>
      </trkpt>
      <trkpt lat="35.69942" lon="-78.51006">
        <ele>92.7</ele>
      </trkpt>
      <trkpt lat="35.69942" lon="-78.51005">
        <ele>92.7</ele>
      </trkpt>
      <trkpt lat="35.69948" lon="-78.50992">
        <ele>92.4</ele>
      </trkpt>
      <trkpt lat="35.69974" lon="-78.50927">
        <ele>90.2</ele>
      </trkpt>
      <trkpt lat="35.69987" lon="-78.50895">
        <ele>89.9</ele>
      </trkpt>
      <trkpt lat="35.69995" lon="-78.50873">
        <ele>89.8</ele>
      </trkpt>
      <trkpt lat="35.69997" lon="-78.50867">
        <ele>89.8</ele>
      </trkpt>
      <trkpt lat="35.69998" lon="-78.50866">
        <ele>89.8</ele>
      </trkpt>
      <trkpt lat="35.70011" lon="-78.50829">
        <ele>89.8</ele>
      </trkpt>
      <trkpt lat="35.70029" lon="-78.50783">
        <ele>90.2</ele>
      </trkpt>
      <trkpt lat="35.70037" lon="-78.50768">
        <ele>89.9</ele>
      </trkpt>
      <trkpt lat="35.70044" lon="-78.50754">
        <ele>89.7</ele>
      </trkpt>
      <trkpt lat="35.70057" lon="-78.50728">
        <ele>89.0</ele>
      </trkpt>
      <trkpt lat="35.70085" lon="-78.50681">
        <ele>88.0</ele>
      </trkpt>
      <trkpt lat="35.70182" lon="-78.50517">
        <ele>84.5</ele>
      </trkpt>
      <trkpt lat="35.70201" lon="-78.50486">
        <ele>83.7</ele>
      </trkpt>
      <trkpt lat="35.70205" lon="-78.50479">
        <ele>83.8</ele>
      </trkpt>
      <trkpt lat="35.70229" lon="-78.50439">
        <ele>84.5</ele>
      </trkpt>
      <trkpt lat="35.70241" lon="-78.50417">
        <ele>85.0</ele>
      </trkpt>
      <trkpt lat="35.70252" lon="-78.50396">
        <ele>85.1</ele>
      </trkpt>
      <trkpt lat="35.70252" lon="-78.50396">
        <ele>85.1</ele>
      </trkpt>
      <trkpt lat="35.7026" lon="-78.50398">
        <ele>85.3</ele>
      </trkpt>
      <trkpt lat="35.7027" lon="-78.50398">
        <ele>85.4</ele>
      </trkpt>
      <trkpt lat="35.70273" lon="-78.50397">
        <ele>85.4</ele>
      </trkpt>
      <trkpt lat="35.70292" lon="-78.5039">
        <ele>85.2</ele>
      </trkpt>
      <trkpt lat="35.70314" lon="-78.50376">
        <ele>85.1</ele>
      </trkpt>
      <trkpt lat="35.70325" lon="-78.50368">
        <ele>85.2</ele>
      </trkpt>
      <trkpt lat="35.70325" lon="-78.50368">
        <ele>85.2</ele>
      </trkpt>
      <trkpt lat="35.7036" lon="-78.50341">
        <ele>85.1</ele>
      </trkpt>
      <trkpt lat="35.70399" lon="-78.50312">
        <ele>85.0</ele>
      </trkpt>
      <trkpt lat="35.70431" lon="-78.50288">
        <ele>85.1</ele>
      </trkpt>
      <trkpt lat="35.70506" lon="-78.50234">
        <ele>85.3</ele>
      </trkpt>
      <trkpt lat="35.70507" lon="-78.50233">
        <ele>85.4</ele>
      </trkpt>
      <trkpt lat="35.70508" lon="-78.50232">
        <ele>85.4</ele>
      </trkpt>
      <trkpt lat="35.70538" lon="-78.50209">
        <ele>85.3</ele>
      </trkpt>
      <trkpt lat="35.70568" lon="-78.50185">
        <ele>85.0</ele>
      </trkpt>
      <trkpt lat="35.70569" lon="-78.50185">
        <ele>85.0</ele>
      </trkpt>
      <trkpt lat="35.70575" lon="-78.5018">
        <ele>84.9</ele>
      </trkpt>
      <trkpt lat="35.70583" lon="-78.50173">
        <ele>84.8</ele>
      </trkpt>
      <trkpt lat="35.70627" lon="-78.50135">
        <ele>83.9</ele>
      </trkpt>
      <trkpt lat="35.70642" lon="-78.50122">
        <ele>83.5</ele>
      </trkpt>
      <trkpt lat="35.70643" lon="-78.50122">
        <ele>83.5</ele>
      </trkpt>
      <trkpt lat="35.70657" lon="-78.5011">
        <ele>82.9</ele>
      </trkpt>
      <trkpt lat="35.70681" lon="-78.50089">
        <ele>82.0</ele>
      </trkpt>
      <trkpt lat="35.70681" lon="-78.50089">
        <ele>82.0</ele>
      </trkpt>
      <trkpt lat="35.70694" lon="-78.50078">
        <ele>81.3</ele>
      </trkpt>
      <trkpt lat="35.7073" lon="-78.50046">
        <ele>80.0</ele>
      </trkpt>
      <trkpt lat="35.70731" lon="-78.50046">
        <ele>79.9</ele>
      </trkpt>
      <trkpt lat="35.70745" lon="-78.50034">
        <ele>79.6</ele>
      </trkpt>
      <trkpt lat="35.70746" lon="-78.50033">
        <ele>79.6</ele>
      </trkpt>
      <trkpt lat="35.70775" lon="-78.50008">
        <ele>79.1</ele>
      </trkpt>
      <trkpt lat="35.70789" lon="-78.49995">
        <ele>78.9</ele>
      </trkpt>
      <trkpt lat="35.7079" lon="-78.49995">
        <ele>78.9</ele>
      </trkpt>
      <trkpt lat="35.70804" lon="-78.49983">
        <ele>78.9</ele>
      </trkpt>
      <trkpt lat="35.70806" lon="-78.49981">
        <ele>79.0</ele>
      </trkpt>
      <trkpt lat="35.70833" lon="-78.49957">
        <ele>79.0</ele>
      </trkpt>
      <trkpt lat="35.70834" lon="-78.49956">
        <ele>79.0</ele>
      </trkpt>
      <trkpt lat="35.70848" lon="-78.49944">
        <ele>79.2</ele>
      </trkpt>
      <trkpt lat="35.70868" lon="-78.49927">
        <ele>79.4</ele>
      </trkpt>
      <trkpt lat="35.70902" lon="-78.49905">
        <ele>79.9</ele>
      </trkpt>
      <trkpt lat="35.70924" lon="-78.49896">
        <ele>80.2</ele>
      </trkpt>
      <trkpt lat="35.70946" lon="-78.49891">
        <ele>80.2</ele>
      </trkpt>
      <trkpt lat="35.71017" lon="-78.49882">
        <ele>80.8</ele>
      </trkpt>
      <trkpt lat="35.71018" lon="-78.49882">
        <ele>80.8</ele>
      </trkpt>
      <trkpt lat="35.71036" lon="-78.4988">
        <ele>80.8</ele>
      </trkpt>
      <trkpt lat="35.71063" lon="-78.49876">
        <ele>80.3</ele>
      </trkpt>
      <trkpt lat="35.71114" lon="-78.49872">
        <ele>79.6</ele>
      </trkpt>
      <trkpt lat="35.71156" lon="-78.49867">
        <ele>79.3</ele>
      </trkpt>
      <trkpt lat="35.71198" lon="-78.49863">
        <ele>78.8</ele>
      </trkpt>
      <trkpt lat="35.71215" lon="-78.49861">
        <ele>78.7</ele>
      </trkpt>
      <trkpt lat="35.71221" lon="-78.4986">
        <ele>78.5</ele>
      </trkpt>
      <trkpt lat="35.71221" lon="-78.4986">
        <ele>78.5</ele>
      </trkpt>
      <trkpt lat="35.71226" lon="-78.4986">
        <ele>78.5</ele>
      </trkpt>
      <trkpt lat="35.71233" lon="-78.49859">
        <ele>78.5</ele>
      </trkpt>
      <trkpt lat="35.71261" lon="-78.49856">
        <ele>77.9</ele>
      </trkpt>
      <trkpt lat="35.7131" lon="-78.4985">
        <ele>77.4</ele>
      </trkpt>
      <trkpt lat="35.71335" lon="-78.49847">
        <ele>77.3</ele>
      </trkpt>
      <trkpt lat="35.71358" lon="-78.49844">
        <ele>77.1</ele>
      </trkpt>
      <trkpt lat="35.71363" lon="-78.49844">
        <ele>77.2</ele>
      </trkpt>
      <trkpt lat="35.71369" lon="-78.49843">
        <ele>77.0</ele>
      </trkpt>
      <trkpt lat="35.71376" lon="-78.49843">
        <ele>76.8</ele>
      </trkpt>
      <trkpt lat="35.71386" lon="-78.49842">
        <ele>76.6</ele>
      </trkpt>
      <trkpt lat="35.71398" lon="-78.49842">
        <ele>76.0</ele>
      </trkpt>
      <trkpt lat="35.71404" lon="-78.49842">
        <ele>75.9</ele>
      </trkpt>
      <trkpt lat="35.71408" lon="-78.49842">
        <ele>75.8</ele>
      </trkpt>
      <trkpt lat="35.71412" lon="-78.49842">
        <ele>75.6</ele>
      </trkpt>
      <trkpt lat="35.71414" lon="-78.49842">
        <ele>75.5</ele>
      </trkpt>
      <trkpt lat="35.71421" lon="-78.49843">
        <ele>75.1</ele>
      </trkpt>
      <trkpt lat="35.71441" lon="-78.49846">
        <ele>73.9</ele>
      </trkpt>
      <trkpt lat="35.71458" lon="-78.49848">
        <ele>73.3</ele>
      </trkpt>
      <trkpt lat="35.71464" lon="-78.49849">
        <ele>73.2</ele>
      </trkpt>
      <trkpt lat="35.71471" lon="-78.4985">
        <ele>73.2</ele>
      </trkpt>
      <trkpt lat="35.71484" lon="-78.4985">
        <ele>73.0</ele>
      </trkpt>
      <trkpt lat="35.71485" lon="-78.4985">
        <ele>73.0</ele>
      </trkpt>
      <trkpt lat="35.71489" lon="-78.4985">
        <ele>72.9</ele>
      </trkpt>
      <trkpt lat="35.71492" lon="-78.49849">
        <ele>72.8</ele>
      </trkpt>
      <trkpt lat="35.715" lon="-78.49848">
        <ele>72.8</ele>
      </trkpt>
      <trkpt lat="35.71511" lon="-78.49845">
        <ele>72.3</ele>
      </trkpt>
      <trkpt lat="35.71519" lon="-78.49843">
        <ele>71.5</ele>
      </trkpt>
      <trkpt lat="35.71519" lon="-78.49843">
        <ele>71.5</ele>
      </trkpt>
      <trkpt lat="35.7152" lon="-78.49857">
        <ele>71.6</ele>
      </trkpt>
      <trkpt lat="35.71523" lon="-78.49894">
        <ele>71.8</ele>
      </trkpt>
      <trkpt lat="35.71524" lon="-78.49919">
        <ele>70.9</ele>
      </trkpt>
      <trkpt lat="35.71524" lon="-78.49919">
        <ele>70.9</ele>
      </trkpt>
      <trkpt lat="35.71525" lon="-78.4992">
        <ele>70.8</ele>
      </trkpt>
      <trkpt lat="35.71525" lon="-78.49931">
        <ele>70.6</ele>
      </trkpt>
      <trkpt lat="35.71525" lon="-78.49933">
        <ele>70.6</ele>
      </trkpt>
      <trkpt lat="35.71526" lon="-78.49943">
        <ele>70.6</ele>
      </trkpt>
      <trkpt lat="35.71527" lon="-78.49975">
        <ele>71.5</ele>
      </trkpt>
      <trkpt lat="35.7153" lon="-78.50016">
        <ele>72.8</ele>
      </trkpt>
      <trkpt lat="35.7153" lon="-78.50019">
        <ele>72.7</ele>
      </trkpt>
      <trkpt lat="35.7153" lon="-78.50031">
        <ele>72.7</ele>
      </trkpt>
      <trkpt lat="35.71531" lon="-78.50049">
        <ele>72.5</ele>
      </trkpt>
      <trkpt lat="35.71532" lon="-78.50064">
        <ele>72.8</ele>
      </trkpt>
      <trkpt lat="35.71533" lon="-78.50077">
        <ele>72.9</ele>
      </trkpt>
      <trkpt lat="35.71533" lon="-78.50078">
        <ele>72.9</ele>
      </trkpt>
      <trkpt lat="35.71533" lon="-78.50091">
        <ele>72.7</ele>
      </trkpt>
      <trkpt lat="35.71534" lon="-78.501">
        <ele>72.5</ele>
      </trkpt>
      <trkpt lat="35.71534" lon="-78.50108">
        <ele>72.3</ele>
      </trkpt>
      <trkpt lat="35.71534" lon="-78.5011">
        <ele>72.3</ele>
      </trkpt>
      <trkpt lat="35.71536" lon="-78.50165">
        <ele>70.2</ele>
      </trkpt>
      <trkpt lat="35.71537" lon="-78.50196">
        <ele>69.6</ele>
      </trkpt>
      <trkpt lat="35.71537" lon="-78.50211">
        <ele>69.1</ele>
      </trkpt>
      <trkpt lat="35.71538" lon="-78.50258">
        <ele>68.4</ele>
      </trkpt>
      <trkpt lat="35.71539" lon="-78.50312">
        <ele>68.0</ele>
      </trkpt>
      <trkpt lat="35.71539" lon="-78.50321">
        <ele>67.9</ele>
      </trkpt>
      <trkpt lat="35.71539" lon="-78.50321">
        <ele>67.9</ele>
      </trkpt>
      <trkpt lat="35.71574" lon="-78.50318">
        <ele>70.9</ele>
      </trkpt>
      <trkpt lat="35.71575" lon="-78.50318">
        <ele>71.0</ele>
      </trkpt>
      <trkpt lat="35.71577" lon="-78.50318">
        <ele>71.0</ele>
      </trkpt>
      <trkpt lat="35.71579" lon="-78.50317">
        <ele>71.1</ele>
      </trkpt>
      <trkpt lat="35.71584" lon="-78.50316">
        <ele>71.2</ele>
      </trkpt>
      <trkpt lat="35.71589" lon="-78.50315">
        <ele>71.0</ele>
      </trkpt>
      <trkpt lat="35.71595" lon="-78.50313">
        <ele>70.7</ele>
      </trkpt>
      <trkpt lat="35.71595" lon="-78.50313">
        <ele>70.7</ele>
      </trkpt>
      <trkpt lat="35.71609" lon="-78.50307">
        <ele>69.6</ele>
      </trkpt>
      <trkpt lat="35.7161" lon="-78.50307">
        <ele>69.4</ele>
      </trkpt>
      <trkpt lat="35.71616" lon="-78.50305">
        <ele>68.9</ele>
      </trkpt>
      <trkpt lat="35.71618" lon="-78.50304">
        <ele>68.8</ele>
      </trkpt>
      <trkpt lat="35.71622" lon="-78.50303">
        <ele>68.5</ele>
      </trkpt>
      <trkpt lat="35.71626" lon="-78.50301">
        <ele>68.4</ele>
      </trkpt>
      <trkpt lat="35.71635" lon="-78.50298">
        <ele>68.0</ele>
      </trkpt>
      <trkpt lat="35.71642" lon="-78.50296">
        <ele>67.7</ele>
      </trkpt>
      <trkpt lat="35.71645" lon="-78.50296">
        <ele>67.5</ele>
      </trkpt>
      <trkpt lat="35.71651" lon="-78.50295">
        <ele>67.1</ele>
      </trkpt>
      <trkpt lat="35.71657" lon="-78.50295">
        <ele>66.7</ele>
      </trkpt>
      <trkpt lat="35.71667" lon="-78.50296">
        <ele>66.2</ele>
      </trkpt>
      <trkpt lat="35.71693" lon="-78.50302">
        <ele>64.2</ele>
      </trkpt>
      <trkpt lat="35.71697" lon="-78.50303">
        <ele>64.0</ele>
      </trkpt>
      <trkpt lat="35.71727" lon="-78.50311">
        <ele>61.0</ele>
      </trkpt>
      <trkpt lat="35.71751" lon="-78.50317">
        <ele>58.6</ele>
      </trkpt>
      <trkpt lat="35.71768" lon="-78.50321">
        <ele>56.6</ele>
      </trkpt>
      <trkpt lat="35.71769" lon="-78.50321">
        <ele>56.6</ele>
      </trkpt>
      <trkpt lat="35.71774" lon="-78.50322">
        <ele>56.4</ele>
      </trkpt>
      <trkpt lat="35.71778" lon="-78.50321">
        <ele>56.4</ele>
      </trkpt>
      <trkpt lat="35.71782" lon="-78.50321">
        <ele>56.8</ele>
      </trkpt>
      <trkpt lat="35.71785" lon="-78.50319">
        <ele>57.3</ele>
      </trkpt>
      <trkpt lat="35.71786" lon="-78.50319">
        <ele>57.4</ele>
      </trkpt>
      <trkpt lat="35.71791" lon="-78.50317">
        <ele>58.3</ele>
      </trkpt>
      <trkpt lat="35.71795" lon="-78.50315">
        <ele>59.0</ele>
      </trkpt>
      <trkpt lat="35.71797" lon="-78.50314">
        <ele>59.3</ele>
      </trkpt>
      <trkpt lat="35.71801" lon="-78.50311">
        <ele>59.7</ele>
      </trkpt>
      <trkpt lat="35.71802" lon="-78.50311">
        <ele>59.8</ele>
      </trkpt>
      <trkpt lat="35.71804" lon="-78.50308">
        <ele>60.0</ele>
      </trkpt>
    </trkseg>
  </trk>
</gpx>
