<?xml version="1.0" encoding="UTF-8"?>
<gpx xmlns:gpxdata="http://www.cluetrust.com/XML/GPXDATA/1/0" xmlns:xsi="http://www.w3.org/2001/XMLSchema-instance" xmlns="http://www.topografix.com/GPX/1/1" version="1.1" creator="http://ridewithgps.com/" xsi:schemaLocation="http://www.topografix.com/GPX/1/1 http://www.topografix.com/GPX/1/1/gpx.xsd http://www.cluetrust.com/XML/GPXDATA/1/0 http://www.cluetrust.com/Schemas/gpxdata10.xsd">
  <metadata>
    <name>2026 Five-0 50K (30 mile) Route</name>
    <link href="https://ridewithgps.com/routes/55389040">
      <text>2026 Five-0 50K (30 mile) Route</text>
    </link>
    <time>2026-05-29T19:06:18Z</time>
  </metadata>
  <trk>
    <name>2026 Five-0 50K (30 mile) Route</name>
    <trkseg>
      <trkpt lat="35.717" lon="-78.50304">
        <ele>63.9</ele>
      </trkpt>
      <trkpt lat="35.71697" lon="-78.50303">
        <ele>64.0</ele>
      </trkpt>
      <trkpt lat="35.71693" lon="-78.50302">
        <ele>64.2</ele>
      </trkpt>
      <trkpt lat="35.71667" lon="-78.50296">
        <ele>66.2</ele>
      </trkpt>
      <trkpt lat="35.71657" lon="-78.50295">
        <ele>66.7</ele>
      </trkpt>
      <trkpt lat="35.71651" lon="-78.50295">
        <ele>67.1</ele>
      </trkpt>
      <trkpt lat="35.71645" lon="-78.50296">
        <ele>67.5</ele>
      </trkpt>
      <trkpt lat="35.71642" lon="-78.50296">
        <ele>67.7</ele>
      </trkpt>
      <trkpt lat="35.71635" lon="-78.50298">
        <ele>68.0</ele>
      </trkpt>
      <trkpt lat="35.71626" lon="-78.50301">
        <ele>68.4</ele>
      </trkpt>
      <trkpt lat="35.71622" lon="-78.50303">
        <ele>68.5</ele>
      </trkpt>
      <trkpt lat="35.71618" lon="-78.50304">
        <ele>68.8</ele>
      </trkpt>
      <trkpt lat="35.71616" lon="-78.50305">
        <ele>68.9</ele>
      </trkpt>
      <trkpt lat="35.7161" lon="-78.50307">
        <ele>69.4</ele>
      </trkpt>
      <trkpt lat="35.71609" lon="-78.50307">
        <ele>69.6</ele>
      </trkpt>
      <trkpt lat="35.71589" lon="-78.50315">
        <ele>71.0</ele>
      </trkpt>
      <trkpt lat="35.71584" lon="-78.50316">
        <ele>71.2</ele>
      </trkpt>
      <trkpt lat="35.71579" lon="-78.50317">
        <ele>71.1</ele>
      </trkpt>
      <trkpt lat="35.71577" lon="-78.50318">
        <ele>71.0</ele>
      </trkpt>
      <trkpt lat="35.71575" lon="-78.50318">
        <ele>71.0</ele>
      </trkpt>
      <trkpt lat="35.71574" lon="-78.50318">
        <ele>70.9</ele>
      </trkpt>
      <trkpt lat="35.71539" lon="-78.50321">
        <ele>67.9</ele>
      </trkpt>
      <trkpt lat="35.71539" lon="-78.50321">
        <ele>67.9</ele>
      </trkpt>
      <trkpt lat="35.71539" lon="-78.50312">
        <ele>68.0</ele>
      </trkpt>
      <trkpt lat="35.71538" lon="-78.50258">
        <ele>68.4</ele>
      </trkpt>
      <trkpt lat="35.71537" lon="-78.50211">
        <ele>69.1</ele>
      </trkpt>
      <trkpt lat="35.71537" lon="-78.50196">
        <ele>69.6</ele>
      </trkpt>
      <trkpt lat="35.71536" lon="-78.50165">
        <ele>70.2</ele>
      </trkpt>
      <trkpt lat="35.71534" lon="-78.5011">
        <ele>72.3</ele>
      </trkpt>
      <trkpt lat="35.71534" lon="-78.50108">
        <ele>72.3</ele>
      </trkpt>
      <trkpt lat="35.71534" lon="-78.501">
        <ele>72.5</ele>
      </trkpt>
      <trkpt lat="35.71533" lon="-78.50091">
        <ele>72.7</ele>
      </trkpt>
      <trkpt lat="35.71533" lon="-78.50078">
        <ele>72.9</ele>
      </trkpt>
      <trkpt lat="35.71533" lon="-78.50077">
        <ele>72.9</ele>
      </trkpt>
      <trkpt lat="35.71532" lon="-78.50064">
        <ele>72.8</ele>
      </trkpt>
      <trkpt lat="35.71531" lon="-78.50049">
        <ele>72.5</ele>
      </trkpt>
      <trkpt lat="35.7153" lon="-78.50031">
        <ele>72.7</ele>
      </trkpt>
      <trkpt lat="35.7153" lon="-78.50019">
        <ele>72.7</ele>
      </trkpt>
      <trkpt lat="35.7153" lon="-78.50018">
        <ele>72.7</ele>
      </trkpt>
      <trkpt lat="35.7153" lon="-78.50018">
        <ele>72.7</ele>
      </trkpt>
      <trkpt lat="35.7153" lon="-78.50016">
        <ele>72.8</ele>
      </trkpt>
      <trkpt lat="35.71527" lon="-78.49975">
        <ele>71.5</ele>
      </trkpt>
      <trkpt lat="35.71526" lon="-78.49943">
        <ele>70.6</ele>
      </trkpt>
      <trkpt lat="35.71525" lon="-78.49933">
        <ele>70.6</ele>
      </trkpt>
      <trkpt lat="35.71525" lon="-78.49931">
        <ele>70.6</ele>
      </trkpt>
      <trkpt lat="35.71525" lon="-78.4992">
        <ele>70.8</ele>
      </trkpt>
      <trkpt lat="35.71523" lon="-78.49894">
        <ele>71.8</ele>
      </trkpt>
      <trkpt lat="35.7152" lon="-78.49857">
        <ele>71.6</ele>
      </trkpt>
      <trkpt lat="35.71519" lon="-78.49843">
        <ele>71.5</ele>
      </trkpt>
      <trkpt lat="35.71519" lon="-78.49843">
        <ele>71.5</ele>
      </trkpt>
      <trkpt lat="35.71511" lon="-78.49845">
        <ele>72.3</ele>
      </trkpt>
      <trkpt lat="35.715" lon="-78.49848">
        <ele>72.8</ele>
      </trkpt>
      <trkpt lat="35.71492" lon="-78.49849">
        <ele>72.8</ele>
      </trkpt>
      <trkpt lat="35.71489" lon="-78.4985">
        <ele>72.9</ele>
      </trkpt>
      <trkpt lat="35.71485" lon="-78.4985">
        <ele>73.0</ele>
      </trkpt>
      <trkpt lat="35.71484" lon="-78.4985">
        <ele>73.0</ele>
      </trkpt>
      <trkpt lat="35.71471" lon="-78.4985">
        <ele>73.2</ele>
      </trkpt>
      <trkpt lat="35.71464" lon="-78.49849">
        <ele>73.2</ele>
      </trkpt>
      <trkpt lat="35.71458" lon="-78.49848">
        <ele>73.3</ele>
      </trkpt>
      <trkpt lat="35.71441" lon="-78.49846">
        <ele>73.9</ele>
      </trkpt>
      <trkpt lat="35.71423" lon="-78.49843">
        <ele>75.0</ele>
      </trkpt>
      <trkpt lat="35.71423" lon="-78.49843">
        <ele>75.0</ele>
      </trkpt>
      <trkpt lat="35.71421" lon="-78.49843">
        <ele>75.1</ele>
      </trkpt>
      <trkpt lat="35.71414" lon="-78.49842">
        <ele>75.5</ele>
      </trkpt>
      <trkpt lat="35.71412" lon="-78.49842">
        <ele>75.6</ele>
      </trkpt>
      <trkpt lat="35.71408" lon="-78.49842">
        <ele>75.8</ele>
      </trkpt>
      <trkpt lat="35.71404" lon="-78.49842">
        <ele>75.9</ele>
      </trkpt>
      <trkpt lat="35.71398" lon="-78.49842">
        <ele>76.0</ele>
      </trkpt>
      <trkpt lat="35.71386" lon="-78.49842">
        <ele>76.6</ele>
      </trkpt>
      <trkpt lat="35.71376" lon="-78.49843">
        <ele>76.8</ele>
      </trkpt>
      <trkpt lat="35.71369" lon="-78.49843">
        <ele>77.0</ele>
      </trkpt>
      <trkpt lat="35.71363" lon="-78.49844">
        <ele>77.2</ele>
      </trkpt>
      <trkpt lat="35.71358" lon="-78.49844">
        <ele>77.1</ele>
      </trkpt>
      <trkpt lat="35.71335" lon="-78.49847">
        <ele>77.3</ele>
      </trkpt>
      <trkpt lat="35.7131" lon="-78.4985">
        <ele>77.4</ele>
      </trkpt>
      <trkpt lat="35.71261" lon="-78.49856">
        <ele>77.9</ele>
      </trkpt>
      <trkpt lat="35.71233" lon="-78.49859">
        <ele>78.5</ele>
      </trkpt>
      <trkpt lat="35.71226" lon="-78.4986">
        <ele>78.5</ele>
      </trkpt>
      <trkpt lat="35.71215" lon="-78.49861">
        <ele>78.7</ele>
      </trkpt>
      <trkpt lat="35.71198" lon="-78.49863">
        <ele>78.8</ele>
      </trkpt>
      <trkpt lat="35.71174" lon="-78.49865">
        <ele>79.1</ele>
      </trkpt>
      <trkpt lat="35.71156" lon="-78.49867">
        <ele>79.3</ele>
      </trkpt>
      <trkpt lat="35.71114" lon="-78.49872">
        <ele>79.6</ele>
      </trkpt>
      <trkpt lat="35.71063" lon="-78.49876">
        <ele>80.3</ele>
      </trkpt>
      <trkpt lat="35.71036" lon="-78.4988">
        <ele>80.8</ele>
      </trkpt>
      <trkpt lat="35.71018" lon="-78.49882">
        <ele>80.8</ele>
      </trkpt>
      <trkpt lat="35.71017" lon="-78.49882">
        <ele>80.8</ele>
      </trkpt>
      <trkpt lat="35.70946" lon="-78.49891">
        <ele>80.2</ele>
      </trkpt>
      <trkpt lat="35.70924" lon="-78.49896">
        <ele>80.2</ele>
      </trkpt>
      <trkpt lat="35.70902" lon="-78.49905">
        <ele>79.9</ele>
      </trkpt>
      <trkpt lat="35.70868" lon="-78.49927">
        <ele>79.4</ele>
      </trkpt>
      <trkpt lat="35.70848" lon="-78.49944">
        <ele>79.2</ele>
      </trkpt>
      <trkpt lat="35.70834" lon="-78.49956">
        <ele>79.0</ele>
      </trkpt>
      <trkpt lat="35.70833" lon="-78.49957">
        <ele>79.0</ele>
      </trkpt>
      <trkpt lat="35.70806" lon="-78.49981">
        <ele>79.0</ele>
      </trkpt>
      <trkpt lat="35.70804" lon="-78.49983">
        <ele>78.9</ele>
      </trkpt>
      <trkpt lat="35.7079" lon="-78.49995">
        <ele>78.9</ele>
      </trkpt>
      <trkpt lat="35.70789" lon="-78.49995">
        <ele>78.9</ele>
      </trkpt>
      <trkpt lat="35.70775" lon="-78.50008">
        <ele>79.1</ele>
      </trkpt>
      <trkpt lat="35.70746" lon="-78.50033">
        <ele>79.6</ele>
      </trkpt>
      <trkpt lat="35.70745" lon="-78.50034">
        <ele>79.6</ele>
      </trkpt>
      <trkpt lat="35.70731" lon="-78.50046">
        <ele>79.9</ele>
      </trkpt>
      <trkpt lat="35.7073" lon="-78.50046">
        <ele>80.0</ele>
      </trkpt>
      <trkpt lat="35.70694" lon="-78.50078">
        <ele>81.3</ele>
      </trkpt>
      <trkpt lat="35.70673" lon="-78.50096">
        <ele>82.3</ele>
      </trkpt>
      <trkpt lat="35.70673" lon="-78.50096">
        <ele>82.3</ele>
      </trkpt>
      <trkpt lat="35.70657" lon="-78.5011">
        <ele>82.9</ele>
      </trkpt>
      <trkpt lat="35.70643" lon="-78.50122">
        <ele>83.5</ele>
      </trkpt>
      <trkpt lat="35.70642" lon="-78.50122">
        <ele>83.5</ele>
      </trkpt>
      <trkpt lat="35.70627" lon="-78.50135">
        <ele>83.9</ele>
      </trkpt>
      <trkpt lat="35.70583" lon="-78.50173">
        <ele>84.8</ele>
      </trkpt>
      <trkpt lat="35.70575" lon="-78.5018">
        <ele>84.9</ele>
      </trkpt>
      <trkpt lat="35.70569" lon="-78.50185">
        <ele>85.0</ele>
      </trkpt>
      <trkpt lat="35.70568" lon="-78.50185">
        <ele>85.0</ele>
      </trkpt>
      <trkpt lat="35.70538" lon="-78.50209">
        <ele>85.3</ele>
      </trkpt>
      <trkpt lat="35.70508" lon="-78.50232">
        <ele>85.4</ele>
      </trkpt>
      <trkpt lat="35.70507" lon="-78.50233">
        <ele>85.4</ele>
      </trkpt>
      <trkpt lat="35.70506" lon="-78.50234">
        <ele>85.3</ele>
      </trkpt>
      <trkpt lat="35.70431" lon="-78.50288">
        <ele>85.1</ele>
      </trkpt>
      <trkpt lat="35.70399" lon="-78.50312">
        <ele>85.0</ele>
      </trkpt>
      <trkpt lat="35.7036" lon="-78.50341">
        <ele>85.1</ele>
      </trkpt>
      <trkpt lat="35.70314" lon="-78.50376">
        <ele>85.1</ele>
      </trkpt>
      <trkpt lat="35.70292" lon="-78.5039">
        <ele>85.2</ele>
      </trkpt>
      <trkpt lat="35.70273" lon="-78.50397">
        <ele>85.4</ele>
      </trkpt>
      <trkpt lat="35.7027" lon="-78.50398">
        <ele>85.4</ele>
      </trkpt>
      <trkpt lat="35.7026" lon="-78.50398">
        <ele>85.3</ele>
      </trkpt>
      <trkpt lat="35.70252" lon="-78.50396">
        <ele>85.1</ele>
      </trkpt>
      <trkpt lat="35.70252" lon="-78.50396">
        <ele>85.1</ele>
      </trkpt>
      <trkpt lat="35.70241" lon="-78.50417">
        <ele>85.0</ele>
      </trkpt>
      <trkpt lat="35.70229" lon="-78.50439">
        <ele>84.5</ele>
      </trkpt>
      <trkpt lat="35.70208" lon="-78.50474">
        <ele>83.8</ele>
      </trkpt>
      <trkpt lat="35.70208" lon="-78.50474">
        <ele>83.8</ele>
      </trkpt>
      <trkpt lat="35.70205" lon="-78.50479">
        <ele>83.8</ele>
      </trkpt>
      <trkpt lat="35.70201" lon="-78.50486">
        <ele>83.7</ele>
      </trkpt>
      <trkpt lat="35.70182" lon="-78.50517">
        <ele>84.5</ele>
      </trkpt>
      <trkpt lat="35.70085" lon="-78.50681">
        <ele>88.0</ele>
      </trkpt>
      <trkpt lat="35.70057" lon="-78.50728">
        <ele>89.0</ele>
      </trkpt>
      <trkpt lat="35.70044" lon="-78.50754">
        <ele>89.7</ele>
      </trkpt>
      <trkpt lat="35.70037" lon="-78.50768">
        <ele>89.9</ele>
      </trkpt>
      <trkpt lat="35.70029" lon="-78.50783">
        <ele>90.2</ele>
      </trkpt>
      <trkpt lat="35.70011" lon="-78.50829">
        <ele>89.8</ele>
      </trkpt>
      <trkpt lat="35.69998" lon="-78.50866">
        <ele>89.8</ele>
      </trkpt>
      <trkpt lat="35.69997" lon="-78.50867">
        <ele>89.8</ele>
      </trkpt>
      <trkpt lat="35.69995" lon="-78.50873">
        <ele>89.8</ele>
      </trkpt>
      <trkpt lat="35.69987" lon="-78.50895">
        <ele>89.9</ele>
      </trkpt>
      <trkpt lat="35.69974" lon="-78.50927">
        <ele>90.2</ele>
      </trkpt>
      <trkpt lat="35.69948" lon="-78.50992">
        <ele>92.4</ele>
      </trkpt>
      <trkpt lat="35.69942" lon="-78.51005">
        <ele>92.7</ele>
      </trkpt>
      <trkpt lat="35.69942" lon="-78.51006">
        <ele>92.7</ele>
      </trkpt>
      <trkpt lat="35.69939" lon="-78.51012">
        <ele>92.7</ele>
      </trkpt>
      <trkpt lat="35.69931" lon="-78.51031">
        <ele>92.9</ele>
      </trkpt>
      <trkpt lat="35.69922" lon="-78.51054">
        <ele>92.6</ele>
      </trkpt>
      <trkpt lat="35.69913" lon="-78.51085">
        <ele>92.0</ele>
      </trkpt>
      <trkpt lat="35.69908" lon="-78.51102">
        <ele>91.9</ele>
      </trkpt>
      <trkpt lat="35.69908" lon="-78.51103">
        <ele>92.0</ele>
      </trkpt>
      <trkpt lat="35.69902" lon="-78.51135">
        <ele>92.0</ele>
      </trkpt>
      <trkpt lat="35.699" lon="-78.51174">
        <ele>92.1</ele>
      </trkpt>
      <trkpt lat="35.699" lon="-78.51202">
        <ele>91.9</ele>
      </trkpt>
      <trkpt lat="35.69901" lon="-78.51227">
        <ele>92.0</ele>
      </trkpt>
      <trkpt lat="35.69901" lon="-78.51252">
        <ele>92.2</ele>
      </trkpt>
      <trkpt lat="35.69901" lon="-78.51269">
        <ele>92.6</ele>
      </trkpt>
      <trkpt lat="35.69901" lon="-78.5129">
        <ele>92.9</ele>
      </trkpt>
      <trkpt lat="35.69901" lon="-78.51334">
        <ele>94.0</ele>
      </trkpt>
      <trkpt lat="35.69901" lon="-78.51357">
        <ele>94.6</ele>
      </trkpt>
      <trkpt lat="35.69901" lon="-78.51362">
        <ele>94.9</ele>
      </trkpt>
      <trkpt lat="35.69901" lon="-78.51455">
        <ele>96.1</ele>
      </trkpt>
      <trkpt lat="35.699" lon="-78.51467">
        <ele>96.2</ele>
      </trkpt>
      <trkpt lat="35.699" lon="-78.51468">
        <ele>96.3</ele>
      </trkpt>
      <trkpt lat="35.699" lon="-78.515">
        <ele>97.0</ele>
      </trkpt>
      <trkpt lat="35.69899" lon="-78.51533">
        <ele>98.2</ele>
      </trkpt>
      <trkpt lat="35.69897" lon="-78.51591">
        <ele>101.9</ele>
      </trkpt>
      <trkpt lat="35.69897" lon="-78.51621">
        <ele>103.7</ele>
      </trkpt>
      <trkpt lat="35.69897" lon="-78.51628">
        <ele>103.7</ele>
      </trkpt>
      <trkpt lat="35.69897" lon="-78.51687">
        <ele>105.0</ele>
      </trkpt>
      <trkpt lat="35.69897" lon="-78.51688">
        <ele>105.0</ele>
      </trkpt>
      <trkpt lat="35.69897" lon="-78.51693">
        <ele>105.0</ele>
      </trkpt>
      <trkpt lat="35.69896" lon="-78.51694">
        <ele>105.0</ele>
      </trkpt>
      <trkpt lat="35.69889" lon="-78.5182">
        <ele>106.4</ele>
      </trkpt>
      <trkpt lat="35.69887" lon="-78.51855">
        <ele>106.8</ele>
      </trkpt>
      <trkpt lat="35.69885" lon="-78.51886">
        <ele>106.8</ele>
      </trkpt>
      <trkpt lat="35.69882" lon="-78.51946">
        <ele>107.9</ele>
      </trkpt>
      <trkpt lat="35.6988" lon="-78.5196">
        <ele>108.3</ele>
      </trkpt>
      <trkpt lat="35.69881" lon="-78.51986">
        <ele>108.8</ele>
      </trkpt>
      <trkpt lat="35.69878" lon="-78.52027">
        <ele>109.6</ele>
      </trkpt>
      <trkpt lat="35.69877" lon="-78.5204">
        <ele>109.4</ele>
      </trkpt>
      <trkpt lat="35.69877" lon="-78.52071">
        <ele>109.6</ele>
      </trkpt>
      <trkpt lat="35.69876" lon="-78.52085">
        <ele>110.0</ele>
      </trkpt>
      <trkpt lat="35.69877" lon="-78.52093">
        <ele>110.1</ele>
      </trkpt>
      <trkpt lat="35.69877" lon="-78.52115">
        <ele>110.6</ele>
      </trkpt>
      <trkpt lat="35.69877" lon="-78.52137">
        <ele>110.8</ele>
      </trkpt>
      <trkpt lat="35.69878" lon="-78.52159">
        <ele>111.6</ele>
      </trkpt>
      <trkpt lat="35.69878" lon="-78.52175">
        <ele>112.2</ele>
      </trkpt>
      <trkpt lat="35.6988" lon="-78.52204">
        <ele>113.0</ele>
      </trkpt>
      <trkpt lat="35.69883" lon="-78.52253">
        <ele>114.7</ele>
      </trkpt>
      <trkpt lat="35.69886" lon="-78.52292">
        <ele>115.5</ele>
      </trkpt>
      <trkpt lat="35.69888" lon="-78.52313">
        <ele>115.6</ele>
      </trkpt>
      <trkpt lat="35.69888" lon="-78.52314">
        <ele>115.6</ele>
      </trkpt>
      <trkpt lat="35.69889" lon="-78.52335">
        <ele>116.3</ele>
      </trkpt>
      <trkpt lat="35.69889" lon="-78.52336">
        <ele>116.4</ele>
      </trkpt>
      <trkpt lat="35.6989" lon="-78.52336">
        <ele>116.3</ele>
      </trkpt>
      <trkpt lat="35.69891" lon="-78.52357">
        <ele>116.4</ele>
      </trkpt>
      <trkpt lat="35.69891" lon="-78.52358">
        <ele>116.4</ele>
      </trkpt>
      <trkpt lat="35.69894" lon="-78.52403">
        <ele>116.5</ele>
      </trkpt>
      <trkpt lat="35.69899" lon="-78.52467">
        <ele>117.5</ele>
      </trkpt>
      <trkpt lat="35.699" lon="-78.52489">
        <ele>118.0</ele>
      </trkpt>
      <trkpt lat="35.69901" lon="-78.52503">
        <ele>118.2</ele>
      </trkpt>
      <trkpt lat="35.69902" lon="-78.52511">
        <ele>118.4</ele>
      </trkpt>
      <trkpt lat="35.69905" lon="-78.52557">
        <ele>118.9</ele>
      </trkpt>
      <trkpt lat="35.69906" lon="-78.52579">
        <ele>119.0</ele>
      </trkpt>
      <trkpt lat="35.69907" lon="-78.526">
        <ele>119.0</ele>
      </trkpt>
      <trkpt lat="35.69909" lon="-78.52631">
        <ele>119.2</ele>
      </trkpt>
      <trkpt lat="35.69909" lon="-78.52644">
        <ele>119.5</ele>
      </trkpt>
      <trkpt lat="35.6991" lon="-78.52666">
        <ele>119.9</ele>
      </trkpt>
      <trkpt lat="35.6991" lon="-78.52667">
        <ele>120.0</ele>
      </trkpt>
      <trkpt lat="35.6991" lon="-78.52668">
        <ele>120.0</ele>
      </trkpt>
      <trkpt lat="35.69911" lon="-78.52688">
        <ele>121.0</ele>
      </trkpt>
      <trkpt lat="35.69911" lon="-78.52689">
        <ele>121.1</ele>
      </trkpt>
      <trkpt lat="35.69911" lon="-78.52696">
        <ele>121.3</ele>
      </trkpt>
      <trkpt lat="35.69911" lon="-78.52746">
        <ele>120.7</ele>
      </trkpt>
      <trkpt lat="35.69911" lon="-78.52746">
        <ele>120.7</ele>
      </trkpt>
      <trkpt lat="35.69897" lon="-78.52739">
        <ele>120.4</ele>
      </trkpt>
      <trkpt lat="35.69892" lon="-78.52736">
        <ele>120.2</ele>
      </trkpt>
      <trkpt lat="35.69888" lon="-78.52734">
        <ele>120.0</ele>
      </trkpt>
      <trkpt lat="35.69882" lon="-78.52731">
        <ele>119.9</ele>
      </trkpt>
      <trkpt lat="35.69871" lon="-78.52727">
        <ele>119.8</ele>
      </trkpt>
      <trkpt lat="35.69862" lon="-78.52724">
        <ele>119.7</ele>
      </trkpt>
      <trkpt lat="35.69853" lon="-78.52721">
        <ele>119.6</ele>
      </trkpt>
      <trkpt lat="35.69846" lon="-78.5272">
        <ele>119.5</ele>
      </trkpt>
      <trkpt lat="35.69844" lon="-78.52719">
        <ele>119.5</ele>
      </trkpt>
      <trkpt lat="35.69836" lon="-78.52718">
        <ele>119.6</ele>
      </trkpt>
      <trkpt lat="35.69828" lon="-78.52717">
        <ele>119.7</ele>
      </trkpt>
      <trkpt lat="35.69827" lon="-78.52717">
        <ele>119.7</ele>
      </trkpt>
      <trkpt lat="35.69814" lon="-78.52715">
        <ele>119.7</ele>
      </trkpt>
      <trkpt lat="35.6981" lon="-78.52715">
        <ele>119.7</ele>
      </trkpt>
      <trkpt lat="35.69801" lon="-78.52715">
        <ele>119.6</ele>
      </trkpt>
      <trkpt lat="35.69792" lon="-78.52714">
        <ele>119.6</ele>
      </trkpt>
      <trkpt lat="35.69774" lon="-78.52713">
        <ele>119.3</ele>
      </trkpt>
      <trkpt lat="35.69756" lon="-78.52712">
        <ele>119.2</ele>
      </trkpt>
      <trkpt lat="35.69745" lon="-78.52712">
        <ele>119.0</ele>
      </trkpt>
      <trkpt lat="35.69738" lon="-78.52711">
        <ele>118.9</ele>
      </trkpt>
      <trkpt lat="35.6972" lon="-78.5271">
        <ele>118.7</ele>
      </trkpt>
      <trkpt lat="35.69704" lon="-78.52709">
        <ele>118.3</ele>
      </trkpt>
      <trkpt lat="35.69666" lon="-78.52707">
        <ele>117.1</ele>
      </trkpt>
      <trkpt lat="35.69648" lon="-78.52706">
        <ele>116.9</ele>
      </trkpt>
      <trkpt lat="35.69641" lon="-78.52706">
        <ele>116.6</ele>
      </trkpt>
      <trkpt lat="35.6963" lon="-78.52705">
        <ele>116.4</ele>
      </trkpt>
      <trkpt lat="35.69612" lon="-78.52704">
        <ele>115.8</ele>
      </trkpt>
      <trkpt lat="35.69594" lon="-78.52703">
        <ele>115.3</ele>
      </trkpt>
      <trkpt lat="35.69592" lon="-78.52703">
        <ele>115.3</ele>
      </trkpt>
      <trkpt lat="35.69576" lon="-78.52702">
        <ele>115.0</ele>
      </trkpt>
      <trkpt lat="35.69559" lon="-78.52701">
        <ele>114.7</ele>
      </trkpt>
      <trkpt lat="35.69541" lon="-78.527">
        <ele>114.4</ele>
      </trkpt>
      <trkpt lat="35.69535" lon="-78.527">
        <ele>114.2</ele>
      </trkpt>
      <trkpt lat="35.69522" lon="-78.52699">
        <ele>113.8</ele>
      </trkpt>
      <trkpt lat="35.69505" lon="-78.52698">
        <ele>113.5</ele>
      </trkpt>
      <trkpt lat="35.69501" lon="-78.52698">
        <ele>113.4</ele>
      </trkpt>
      <trkpt lat="35.69501" lon="-78.52698">
        <ele>113.4</ele>
      </trkpt>
      <trkpt lat="35.69501" lon="-78.52698">
        <ele>113.4</ele>
      </trkpt>
      <trkpt lat="35.69497" lon="-78.52698">
        <ele>113.3</ele>
      </trkpt>
      <trkpt lat="35.69487" lon="-78.52698">
        <ele>113.2</ele>
      </trkpt>
      <trkpt lat="35.69469" lon="-78.52697">
        <ele>112.9</ele>
      </trkpt>
      <trkpt lat="35.69439" lon="-78.52697">
        <ele>113.1</ele>
      </trkpt>
      <trkpt lat="35.69433" lon="-78.52697">
        <ele>113.0</ele>
      </trkpt>
      <trkpt lat="35.69432" lon="-78.52697">
        <ele>113.0</ele>
      </trkpt>
      <trkpt lat="35.69414" lon="-78.52697">
        <ele>112.9</ele>
      </trkpt>
      <trkpt lat="35.69336" lon="-78.527">
        <ele>113.2</ele>
      </trkpt>
      <trkpt lat="35.69324" lon="-78.52701">
        <ele>113.5</ele>
      </trkpt>
      <trkpt lat="35.69318" lon="-78.52701">
        <ele>113.7</ele>
      </trkpt>
      <trkpt lat="35.69306" lon="-78.52701">
        <ele>114.1</ele>
      </trkpt>
      <trkpt lat="35.693" lon="-78.52701">
        <ele>114.1</ele>
      </trkpt>
      <trkpt lat="35.69264" lon="-78.52703">
        <ele>113.5</ele>
      </trkpt>
      <trkpt lat="35.69228" lon="-78.52704">
        <ele>113.3</ele>
      </trkpt>
      <trkpt lat="35.69223" lon="-78.52704">
        <ele>113.3</ele>
      </trkpt>
      <trkpt lat="35.69216" lon="-78.52704">
        <ele>113.3</ele>
      </trkpt>
      <trkpt lat="35.69192" lon="-78.52705">
        <ele>113.1</ele>
      </trkpt>
      <trkpt lat="35.6917" lon="-78.52705">
        <ele>113.2</ele>
      </trkpt>
      <trkpt lat="35.69162" lon="-78.52706">
        <ele>113.0</ele>
      </trkpt>
      <trkpt lat="35.69156" lon="-78.52706">
        <ele>112.9</ele>
      </trkpt>
      <trkpt lat="35.69087" lon="-78.52708">
        <ele>111.3</ele>
      </trkpt>
      <trkpt lat="35.69085" lon="-78.52708">
        <ele>111.2</ele>
      </trkpt>
      <trkpt lat="35.69067" lon="-78.52708">
        <ele>110.4</ele>
      </trkpt>
      <trkpt lat="35.69049" lon="-78.52708">
        <ele>109.9</ele>
      </trkpt>
      <trkpt lat="35.69037" lon="-78.52708">
        <ele>109.5</ele>
      </trkpt>
      <trkpt lat="35.69013" lon="-78.52707">
        <ele>109.3</ele>
      </trkpt>
      <trkpt lat="35.69004" lon="-78.52707">
        <ele>109.3</ele>
      </trkpt>
      <trkpt lat="35.69" lon="-78.52707">
        <ele>109.4</ele>
      </trkpt>
      <trkpt lat="35.68995" lon="-78.52707">
        <ele>109.5</ele>
      </trkpt>
      <trkpt lat="35.6898" lon="-78.52707">
        <ele>109.8</ele>
      </trkpt>
      <trkpt lat="35.68978" lon="-78.52707">
        <ele>109.9</ele>
      </trkpt>
      <trkpt lat="35.68911" lon="-78.52703">
        <ele>110.7</ele>
      </trkpt>
      <trkpt lat="35.68907" lon="-78.52703">
        <ele>110.7</ele>
      </trkpt>
      <trkpt lat="35.68906" lon="-78.52703">
        <ele>110.7</ele>
      </trkpt>
      <trkpt lat="35.68905" lon="-78.52703">
        <ele>110.7</ele>
      </trkpt>
      <trkpt lat="35.68893" lon="-78.52702">
        <ele>110.9</ele>
      </trkpt>
      <trkpt lat="35.68889" lon="-78.52702">
        <ele>111.0</ele>
      </trkpt>
      <trkpt lat="35.68888" lon="-78.52702">
        <ele>111.0</ele>
      </trkpt>
      <trkpt lat="35.68887" lon="-78.52702">
        <ele>111.0</ele>
      </trkpt>
      <trkpt lat="35.6887" lon="-78.52701">
        <ele>111.3</ele>
      </trkpt>
      <trkpt lat="35.68861" lon="-78.527">
        <ele>111.4</ele>
      </trkpt>
      <trkpt lat="35.68827" lon="-78.52698">
        <ele>111.9</ele>
      </trkpt>
      <trkpt lat="35.68782" lon="-78.52696">
        <ele>112.6</ele>
      </trkpt>
      <trkpt lat="35.68762" lon="-78.52695">
        <ele>113.0</ele>
      </trkpt>
      <trkpt lat="35.68746" lon="-78.52694">
        <ele>113.3</ele>
      </trkpt>
      <trkpt lat="35.68743" lon="-78.52694">
        <ele>113.3</ele>
      </trkpt>
      <trkpt lat="35.68741" lon="-78.52694">
        <ele>113.4</ele>
      </trkpt>
      <trkpt lat="35.68725" lon="-78.52693">
        <ele>113.6</ele>
      </trkpt>
      <trkpt lat="35.68719" lon="-78.52693">
        <ele>113.6</ele>
      </trkpt>
      <trkpt lat="35.68698" lon="-78.52691">
        <ele>113.8</ele>
      </trkpt>
      <trkpt lat="35.68695" lon="-78.52691">
        <ele>113.9</ele>
      </trkpt>
      <trkpt lat="35.6869" lon="-78.52691">
        <ele>113.9</ele>
      </trkpt>
      <trkpt lat="35.68689" lon="-78.52691">
        <ele>113.9</ele>
      </trkpt>
      <trkpt lat="35.68676" lon="-78.52691">
        <ele>114.0</ele>
      </trkpt>
      <trkpt lat="35.68674" lon="-78.52691">
        <ele>114.0</ele>
      </trkpt>
      <trkpt lat="35.68661" lon="-78.5269">
        <ele>114.2</ele>
      </trkpt>
      <trkpt lat="35.68635" lon="-78.5269">
        <ele>114.3</ele>
      </trkpt>
      <trkpt lat="35.68617" lon="-78.5269">
        <ele>114.5</ele>
      </trkpt>
      <trkpt lat="35.68609" lon="-78.5269">
        <ele>114.4</ele>
      </trkpt>
      <trkpt lat="35.68609" lon="-78.5269">
        <ele>114.4</ele>
      </trkpt>
      <trkpt lat="35.68606" lon="-78.52696">
        <ele>114.2</ele>
      </trkpt>
      <trkpt lat="35.68604" lon="-78.52701">
        <ele>114.2</ele>
      </trkpt>
      <trkpt lat="35.68602" lon="-78.52705">
        <ele>114.3</ele>
      </trkpt>
      <trkpt lat="35.68601" lon="-78.5271">
        <ele>114.3</ele>
      </trkpt>
      <trkpt lat="35.68601" lon="-78.52714">
        <ele>114.3</ele>
      </trkpt>
      <trkpt lat="35.68603" lon="-78.52726">
        <ele>113.9</ele>
      </trkpt>
      <trkpt lat="35.68605" lon="-78.52729">
        <ele>113.7</ele>
      </trkpt>
      <trkpt lat="35.68606" lon="-78.52729">
        <ele>113.7</ele>
      </trkpt>
      <trkpt lat="35.68608" lon="-78.52732">
        <ele>113.5</ele>
      </trkpt>
      <trkpt lat="35.68613" lon="-78.5274">
        <ele>112.7</ele>
      </trkpt>
      <trkpt lat="35.68618" lon="-78.52747">
        <ele>111.6</ele>
      </trkpt>
      <trkpt lat="35.68622" lon="-78.52754">
        <ele>111.2</ele>
      </trkpt>
      <trkpt lat="35.68623" lon="-78.52755">
        <ele>111.2</ele>
      </trkpt>
      <trkpt lat="35.68624" lon="-78.52759">
        <ele>111.3</ele>
      </trkpt>
      <trkpt lat="35.68628" lon="-78.52766">
        <ele>110.7</ele>
      </trkpt>
      <trkpt lat="35.68634" lon="-78.52778">
        <ele>110.4</ele>
      </trkpt>
      <trkpt lat="35.68648" lon="-78.52813">
        <ele>109.4</ele>
      </trkpt>
      <trkpt lat="35.68653" lon="-78.52826">
        <ele>109.2</ele>
      </trkpt>
      <trkpt lat="35.6866" lon="-78.52842">
        <ele>108.7</ele>
      </trkpt>
      <trkpt lat="35.68674" lon="-78.52877">
        <ele>107.5</ele>
      </trkpt>
      <trkpt lat="35.6869" lon="-78.52916">
        <ele>106.6</ele>
      </trkpt>
      <trkpt lat="35.68692" lon="-78.52923">
        <ele>106.4</ele>
      </trkpt>
      <trkpt lat="35.68747" lon="-78.53057">
        <ele>101.5</ele>
      </trkpt>
      <trkpt lat="35.68747" lon="-78.53057">
        <ele>101.5</ele>
      </trkpt>
      <trkpt lat="35.68748" lon="-78.53061">
        <ele>101.6</ele>
      </trkpt>
      <trkpt lat="35.68764" lon="-78.53101">
        <ele>101.2</ele>
      </trkpt>
      <trkpt lat="35.68772" lon="-78.53121">
        <ele>100.9</ele>
      </trkpt>
      <trkpt lat="35.6878" lon="-78.53139">
        <ele>100.6</ele>
      </trkpt>
      <trkpt lat="35.6878" lon="-78.53141">
        <ele>100.6</ele>
      </trkpt>
      <trkpt lat="35.68796" lon="-78.5318">
        <ele>99.9</ele>
      </trkpt>
      <trkpt lat="35.68797" lon="-78.53182">
        <ele>99.9</ele>
      </trkpt>
      <trkpt lat="35.68804" lon="-78.532">
        <ele>99.5</ele>
      </trkpt>
      <trkpt lat="35.68805" lon="-78.53202">
        <ele>99.5</ele>
      </trkpt>
      <trkpt lat="35.68813" lon="-78.53222">
        <ele>98.8</ele>
      </trkpt>
      <trkpt lat="35.68836" lon="-78.5328">
        <ele>96.4</ele>
      </trkpt>
      <trkpt lat="35.68837" lon="-78.53281">
        <ele>96.4</ele>
      </trkpt>
      <trkpt lat="35.6886" lon="-78.53339">
        <ele>95.0</ele>
      </trkpt>
      <trkpt lat="35.68868" lon="-78.53359">
        <ele>94.5</ele>
      </trkpt>
      <trkpt lat="35.68884" lon="-78.53399">
        <ele>93.0</ele>
      </trkpt>
      <trkpt lat="35.6889" lon="-78.53415">
        <ele>92.6</ele>
      </trkpt>
      <trkpt lat="35.68892" lon="-78.53419">
        <ele>92.6</ele>
      </trkpt>
      <trkpt lat="35.68892" lon="-78.5342">
        <ele>92.6</ele>
      </trkpt>
      <trkpt lat="35.68898" lon="-78.53435">
        <ele>92.4</ele>
      </trkpt>
      <trkpt lat="35.689" lon="-78.53439">
        <ele>92.2</ele>
      </trkpt>
      <trkpt lat="35.689" lon="-78.5344">
        <ele>92.1</ele>
      </trkpt>
      <trkpt lat="35.68904" lon="-78.5345">
        <ele>91.7</ele>
      </trkpt>
      <trkpt lat="35.68907" lon="-78.53459">
        <ele>91.3</ele>
      </trkpt>
      <trkpt lat="35.68915" lon="-78.53478">
        <ele>90.5</ele>
      </trkpt>
      <trkpt lat="35.68916" lon="-78.53478">
        <ele>90.4</ele>
      </trkpt>
      <trkpt lat="35.68917" lon="-78.53481">
        <ele>90.2</ele>
      </trkpt>
      <trkpt lat="35.68919" lon="-78.53485">
        <ele>90.2</ele>
      </trkpt>
      <trkpt lat="35.68921" lon="-78.53493">
        <ele>90.4</ele>
      </trkpt>
      <trkpt lat="35.6894" lon="-78.53538">
        <ele>91.2</ele>
      </trkpt>
      <trkpt lat="35.68942" lon="-78.53545">
        <ele>91.2</ele>
      </trkpt>
      <trkpt lat="35.68945" lon="-78.53551">
        <ele>91.2</ele>
      </trkpt>
      <trkpt lat="35.6895" lon="-78.53565">
        <ele>91.0</ele>
      </trkpt>
      <trkpt lat="35.68956" lon="-78.53578">
        <ele>90.7</ele>
      </trkpt>
      <trkpt lat="35.68969" lon="-78.53612">
        <ele>88.8</ele>
      </trkpt>
      <trkpt lat="35.68974" lon="-78.53624">
        <ele>88.3</ele>
      </trkpt>
      <trkpt lat="35.68979" lon="-78.53638">
        <ele>87.7</ele>
      </trkpt>
      <trkpt lat="35.68982" lon="-78.53644">
        <ele>87.2</ele>
      </trkpt>
      <trkpt lat="35.6899" lon="-78.53664">
        <ele>87.6</ele>
      </trkpt>
      <trkpt lat="35.68995" lon="-78.53677">
        <ele>88.4</ele>
      </trkpt>
      <trkpt lat="35.69006" lon="-78.53704">
        <ele>89.0</ele>
      </trkpt>
      <trkpt lat="35.69054" lon="-78.53823">
        <ele>95.1</ele>
      </trkpt>
      <trkpt lat="35.69059" lon="-78.53836">
        <ele>95.2</ele>
      </trkpt>
      <trkpt lat="35.6907" lon="-78.53862">
        <ele>95.3</ele>
      </trkpt>
      <trkpt lat="35.69086" lon="-78.53902">
        <ele>94.7</ele>
      </trkpt>
      <trkpt lat="35.69115" lon="-78.53977">
        <ele>95.3</ele>
      </trkpt>
      <trkpt lat="35.69119" lon="-78.53986">
        <ele>95.6</ele>
      </trkpt>
      <trkpt lat="35.69122" lon="-78.53995">
        <ele>95.8</ele>
      </trkpt>
      <trkpt lat="35.69125" lon="-78.54004">
        <ele>96.1</ele>
      </trkpt>
      <trkpt lat="35.69128" lon="-78.54016">
        <ele>96.4</ele>
      </trkpt>
      <trkpt lat="35.69131" lon="-78.54029">
        <ele>96.7</ele>
      </trkpt>
      <trkpt lat="35.69133" lon="-78.54039">
        <ele>97.0</ele>
      </trkpt>
      <trkpt lat="35.69135" lon="-78.5405">
        <ele>97.0</ele>
      </trkpt>
      <trkpt lat="35.69137" lon="-78.5406">
        <ele>96.8</ele>
      </trkpt>
      <trkpt lat="35.69137" lon="-78.54063">
        <ele>96.7</ele>
      </trkpt>
      <trkpt lat="35.69138" lon="-78.54068">
        <ele>96.8</ele>
      </trkpt>
      <trkpt lat="35.69138" lon="-78.54069">
        <ele>96.8</ele>
      </trkpt>
      <trkpt lat="35.69139" lon="-78.5408">
        <ele>96.9</ele>
      </trkpt>
      <trkpt lat="35.6914" lon="-78.5409">
        <ele>96.9</ele>
      </trkpt>
      <trkpt lat="35.6914" lon="-78.54105">
        <ele>97.0</ele>
      </trkpt>
      <trkpt lat="35.6914" lon="-78.54118">
        <ele>96.9</ele>
      </trkpt>
      <trkpt lat="35.6914" lon="-78.54134">
        <ele>97.1</ele>
      </trkpt>
      <trkpt lat="35.69134" lon="-78.54178">
        <ele>98.7</ele>
      </trkpt>
      <trkpt lat="35.69134" lon="-78.54182">
        <ele>98.7</ele>
      </trkpt>
      <trkpt lat="35.69132" lon="-78.542">
        <ele>98.8</ele>
      </trkpt>
      <trkpt lat="35.69131" lon="-78.54212">
        <ele>99.1</ele>
      </trkpt>
      <trkpt lat="35.69129" lon="-78.54222">
        <ele>99.3</ele>
      </trkpt>
      <trkpt lat="35.69128" lon="-78.54233">
        <ele>99.3</ele>
      </trkpt>
      <trkpt lat="35.69127" lon="-78.54244">
        <ele>99.3</ele>
      </trkpt>
      <trkpt lat="35.69121" lon="-78.54299">
        <ele>97.2</ele>
      </trkpt>
      <trkpt lat="35.6912" lon="-78.54321">
        <ele>97.0</ele>
      </trkpt>
      <trkpt lat="35.6912" lon="-78.54331">
        <ele>96.9</ele>
      </trkpt>
      <trkpt lat="35.6912" lon="-78.54349">
        <ele>96.2</ele>
      </trkpt>
      <trkpt lat="35.69122" lon="-78.54365">
        <ele>95.5</ele>
      </trkpt>
      <trkpt lat="35.69124" lon="-78.54375">
        <ele>95.3</ele>
      </trkpt>
      <trkpt lat="35.69131" lon="-78.54408">
        <ele>93.5</ele>
      </trkpt>
      <trkpt lat="35.69142" lon="-78.5445">
        <ele>93.6</ele>
      </trkpt>
      <trkpt lat="35.69161" lon="-78.54519">
        <ele>97.3</ele>
      </trkpt>
      <trkpt lat="35.69175" lon="-78.54572">
        <ele>100.1</ele>
      </trkpt>
      <trkpt lat="35.69188" lon="-78.54624">
        <ele>102.7</ele>
      </trkpt>
      <trkpt lat="35.69189" lon="-78.54624">
        <ele>102.9</ele>
      </trkpt>
      <trkpt lat="35.6919" lon="-78.54631">
        <ele>103.1</ele>
      </trkpt>
      <trkpt lat="35.69193" lon="-78.54641">
        <ele>103.5</ele>
      </trkpt>
      <trkpt lat="35.69203" lon="-78.54684">
        <ele>104.7</ele>
      </trkpt>
      <trkpt lat="35.69208" lon="-78.54709">
        <ele>105.1</ele>
      </trkpt>
      <trkpt lat="35.69208" lon="-78.5471">
        <ele>105.1</ele>
      </trkpt>
      <trkpt lat="35.6921" lon="-78.54717">
        <ele>105.1</ele>
      </trkpt>
      <trkpt lat="35.6921" lon="-78.54719">
        <ele>105.0</ele>
      </trkpt>
      <trkpt lat="35.69214" lon="-78.54742">
        <ele>105.0</ele>
      </trkpt>
      <trkpt lat="35.6922" lon="-78.54775">
        <ele>104.8</ele>
      </trkpt>
      <trkpt lat="35.69226" lon="-78.54812">
        <ele>104.8</ele>
      </trkpt>
      <trkpt lat="35.69233" lon="-78.54883">
        <ele>105.9</ele>
      </trkpt>
      <trkpt lat="35.69233" lon="-78.54884">
        <ele>105.9</ele>
      </trkpt>
      <trkpt lat="35.69234" lon="-78.54895">
        <ele>105.8</ele>
      </trkpt>
      <trkpt lat="35.69236" lon="-78.54914">
        <ele>105.5</ele>
      </trkpt>
      <trkpt lat="35.6924" lon="-78.54949">
        <ele>105.1</ele>
      </trkpt>
      <trkpt lat="35.69246" lon="-78.55008">
        <ele>104.0</ele>
      </trkpt>
      <trkpt lat="35.69246" lon="-78.55008">
        <ele>104.0</ele>
      </trkpt>
      <trkpt lat="35.69279" lon="-78.55005">
        <ele>104.2</ele>
      </trkpt>
      <trkpt lat="35.69283" lon="-78.55005">
        <ele>104.3</ele>
      </trkpt>
      <trkpt lat="35.69367" lon="-78.55">
        <ele>105.8</ele>
      </trkpt>
      <trkpt lat="35.69403" lon="-78.54998">
        <ele>106.6</ele>
      </trkpt>
      <trkpt lat="35.69432" lon="-78.54997">
        <ele>107.3</ele>
      </trkpt>
      <trkpt lat="35.69458" lon="-78.54996">
        <ele>108.3</ele>
      </trkpt>
      <trkpt lat="35.69499" lon="-78.54994">
        <ele>109.4</ele>
      </trkpt>
      <trkpt lat="35.69517" lon="-78.54993">
        <ele>109.7</ele>
      </trkpt>
      <trkpt lat="35.69518" lon="-78.54993">
        <ele>109.7</ele>
      </trkpt>
      <trkpt lat="35.69569" lon="-78.5499">
        <ele>110.5</ele>
      </trkpt>
      <trkpt lat="35.69579" lon="-78.54989">
        <ele>110.8</ele>
      </trkpt>
      <trkpt lat="35.69586" lon="-78.54987">
        <ele>111.1</ele>
      </trkpt>
      <trkpt lat="35.69592" lon="-78.54985">
        <ele>111.2</ele>
      </trkpt>
      <trkpt lat="35.69597" lon="-78.54983">
        <ele>111.4</ele>
      </trkpt>
      <trkpt lat="35.69602" lon="-78.54981">
        <ele>111.6</ele>
      </trkpt>
      <trkpt lat="35.69606" lon="-78.54978">
        <ele>111.4</ele>
      </trkpt>
      <trkpt lat="35.69609" lon="-78.54976">
        <ele>111.5</ele>
      </trkpt>
      <trkpt lat="35.69613" lon="-78.54973">
        <ele>111.4</ele>
      </trkpt>
      <trkpt lat="35.69616" lon="-78.54969">
        <ele>111.3</ele>
      </trkpt>
      <trkpt lat="35.69618" lon="-78.54967">
        <ele>111.2</ele>
      </trkpt>
      <trkpt lat="35.69618" lon="-78.54966">
        <ele>111.2</ele>
      </trkpt>
      <trkpt lat="35.6962" lon="-78.54964">
        <ele>111.2</ele>
      </trkpt>
      <trkpt lat="35.69626" lon="-78.54955">
        <ele>111.1</ele>
      </trkpt>
      <trkpt lat="35.69632" lon="-78.54943">
        <ele>111.1</ele>
      </trkpt>
      <trkpt lat="35.69636" lon="-78.54935">
        <ele>111.0</ele>
      </trkpt>
      <trkpt lat="35.6964" lon="-78.54924">
        <ele>110.9</ele>
      </trkpt>
      <trkpt lat="35.69643" lon="-78.54917">
        <ele>110.7</ele>
      </trkpt>
      <trkpt lat="35.6965" lon="-78.54898">
        <ele>110.3</ele>
      </trkpt>
      <trkpt lat="35.69652" lon="-78.54886">
        <ele>110.0</ele>
      </trkpt>
      <trkpt lat="35.69665" lon="-78.54846">
        <ele>110.9</ele>
      </trkpt>
      <trkpt lat="35.69665" lon="-78.54845">
        <ele>110.9</ele>
      </trkpt>
      <trkpt lat="35.69693" lon="-78.54757">
        <ele>112.4</ele>
      </trkpt>
      <trkpt lat="35.69704" lon="-78.54721">
        <ele>112.5</ele>
      </trkpt>
      <trkpt lat="35.69714" lon="-78.54689">
        <ele>112.6</ele>
      </trkpt>
      <trkpt lat="35.69724" lon="-78.5466">
        <ele>112.5</ele>
      </trkpt>
      <trkpt lat="35.6973" lon="-78.54634">
        <ele>112.7</ele>
      </trkpt>
      <trkpt lat="35.69733" lon="-78.54623">
        <ele>112.9</ele>
      </trkpt>
      <trkpt lat="35.69734" lon="-78.54621">
        <ele>112.9</ele>
      </trkpt>
      <trkpt lat="35.69736" lon="-78.54606">
        <ele>113.0</ele>
      </trkpt>
      <trkpt lat="35.69738" lon="-78.54593">
        <ele>113.1</ele>
      </trkpt>
      <trkpt lat="35.6974" lon="-78.5458">
        <ele>113.2</ele>
      </trkpt>
      <trkpt lat="35.69741" lon="-78.54563">
        <ele>113.5</ele>
      </trkpt>
      <trkpt lat="35.69741" lon="-78.5454">
        <ele>113.8</ele>
      </trkpt>
      <trkpt lat="35.69741" lon="-78.54534">
        <ele>113.9</ele>
      </trkpt>
      <trkpt lat="35.69741" lon="-78.54514">
        <ele>114.3</ele>
      </trkpt>
      <trkpt lat="35.6974" lon="-78.54494">
        <ele>114.6</ele>
      </trkpt>
      <trkpt lat="35.6974" lon="-78.54491">
        <ele>114.6</ele>
      </trkpt>
      <trkpt lat="35.6974" lon="-78.5449">
        <ele>114.6</ele>
      </trkpt>
      <trkpt lat="35.6974" lon="-78.54484">
        <ele>114.6</ele>
      </trkpt>
      <trkpt lat="35.6974" lon="-78.54471">
        <ele>114.7</ele>
      </trkpt>
      <trkpt lat="35.6974" lon="-78.54467">
        <ele>114.7</ele>
      </trkpt>
      <trkpt lat="35.69739" lon="-78.54444">
        <ele>114.1</ele>
      </trkpt>
      <trkpt lat="35.6974" lon="-78.54423">
        <ele>113.3</ele>
      </trkpt>
      <trkpt lat="35.6974" lon="-78.54422">
        <ele>113.2</ele>
      </trkpt>
      <trkpt lat="35.6974" lon="-78.54405">
        <ele>112.6</ele>
      </trkpt>
      <trkpt lat="35.69741" lon="-78.54396">
        <ele>112.3</ele>
      </trkpt>
      <trkpt lat="35.69742" lon="-78.54382">
        <ele>112.0</ele>
      </trkpt>
      <trkpt lat="35.69743" lon="-78.5438">
        <ele>112.0</ele>
      </trkpt>
      <trkpt lat="35.69743" lon="-78.54379">
        <ele>112.0</ele>
      </trkpt>
      <trkpt lat="35.69745" lon="-78.54366">
        <ele>112.2</ele>
      </trkpt>
      <trkpt lat="35.69746" lon="-78.5436">
        <ele>112.3</ele>
      </trkpt>
      <trkpt lat="35.69748" lon="-78.5435">
        <ele>112.5</ele>
      </trkpt>
      <trkpt lat="35.6975" lon="-78.54342">
        <ele>112.7</ele>
      </trkpt>
      <trkpt lat="35.6975" lon="-78.54341">
        <ele>112.6</ele>
      </trkpt>
      <trkpt lat="35.69751" lon="-78.54336">
        <ele>112.5</ele>
      </trkpt>
      <trkpt lat="35.69752" lon="-78.54333">
        <ele>112.5</ele>
      </trkpt>
      <trkpt lat="35.69755" lon="-78.54324">
        <ele>112.5</ele>
      </trkpt>
      <trkpt lat="35.69757" lon="-78.54318">
        <ele>112.3</ele>
      </trkpt>
      <trkpt lat="35.69762" lon="-78.54308">
        <ele>112.1</ele>
      </trkpt>
      <trkpt lat="35.69766" lon="-78.54297">
        <ele>111.7</ele>
      </trkpt>
      <trkpt lat="35.6977" lon="-78.54291">
        <ele>111.7</ele>
      </trkpt>
      <trkpt lat="35.69774" lon="-78.54284">
        <ele>111.8</ele>
      </trkpt>
      <trkpt lat="35.69774" lon="-78.54283">
        <ele>111.8</ele>
      </trkpt>
      <trkpt lat="35.69777" lon="-78.54278">
        <ele>111.9</ele>
      </trkpt>
      <trkpt lat="35.6978" lon="-78.54274">
        <ele>111.9</ele>
      </trkpt>
      <trkpt lat="35.69791" lon="-78.54259">
        <ele>112.2</ele>
      </trkpt>
      <trkpt lat="35.69791" lon="-78.54258">
        <ele>112.2</ele>
      </trkpt>
      <trkpt lat="35.69795" lon="-78.54253">
        <ele>112.4</ele>
      </trkpt>
      <trkpt lat="35.69798" lon="-78.5425">
        <ele>112.5</ele>
      </trkpt>
      <trkpt lat="35.69807" lon="-78.54237">
        <ele>112.8</ele>
      </trkpt>
      <trkpt lat="35.6984" lon="-78.54194">
        <ele>114.4</ele>
      </trkpt>
      <trkpt lat="35.69844" lon="-78.54187">
        <ele>114.6</ele>
      </trkpt>
      <trkpt lat="35.69846" lon="-78.54185">
        <ele>114.7</ele>
      </trkpt>
      <trkpt lat="35.69863" lon="-78.54163">
        <ele>115.9</ele>
      </trkpt>
      <trkpt lat="35.69866" lon="-78.54158">
        <ele>116.1</ele>
      </trkpt>
      <trkpt lat="35.69871" lon="-78.54151">
        <ele>116.3</ele>
      </trkpt>
      <trkpt lat="35.6988" lon="-78.54139">
        <ele>116.8</ele>
      </trkpt>
      <trkpt lat="35.69941" lon="-78.54058">
        <ele>121.1</ele>
      </trkpt>
      <trkpt lat="35.69948" lon="-78.54049">
        <ele>121.5</ele>
      </trkpt>
      <trkpt lat="35.69954" lon="-78.54042">
        <ele>121.9</ele>
      </trkpt>
      <trkpt lat="35.69966" lon="-78.54026">
        <ele>122.2</ele>
      </trkpt>
      <trkpt lat="35.69967" lon="-78.54024">
        <ele>122.3</ele>
      </trkpt>
      <trkpt lat="35.69968" lon="-78.54024">
        <ele>122.3</ele>
      </trkpt>
      <trkpt lat="35.69969" lon="-78.54021">
        <ele>122.3</ele>
      </trkpt>
      <trkpt lat="35.69973" lon="-78.54017">
        <ele>122.3</ele>
      </trkpt>
      <trkpt lat="35.69973" lon="-78.54016">
        <ele>122.3</ele>
      </trkpt>
      <trkpt lat="35.69976" lon="-78.54013">
        <ele>122.3</ele>
      </trkpt>
      <trkpt lat="35.69978" lon="-78.5401">
        <ele>122.4</ele>
      </trkpt>
      <trkpt lat="35.69986" lon="-78.54001">
        <ele>122.2</ele>
      </trkpt>
      <trkpt lat="35.69991" lon="-78.53994">
        <ele>122.0</ele>
      </trkpt>
      <trkpt lat="35.69992" lon="-78.53992">
        <ele>122.0</ele>
      </trkpt>
      <trkpt lat="35.69998" lon="-78.53985">
        <ele>121.7</ele>
      </trkpt>
      <trkpt lat="35.70001" lon="-78.53981">
        <ele>121.5</ele>
      </trkpt>
      <trkpt lat="35.70003" lon="-78.53978">
        <ele>121.5</ele>
      </trkpt>
      <trkpt lat="35.70032" lon="-78.53941">
        <ele>120.2</ele>
      </trkpt>
      <trkpt lat="35.70037" lon="-78.53934">
        <ele>119.9</ele>
      </trkpt>
      <trkpt lat="35.70042" lon="-78.53928">
        <ele>119.7</ele>
      </trkpt>
      <trkpt lat="35.70047" lon="-78.53921">
        <ele>119.6</ele>
      </trkpt>
      <trkpt lat="35.70048" lon="-78.53921">
        <ele>119.5</ele>
      </trkpt>
      <trkpt lat="35.7005" lon="-78.53917">
        <ele>119.4</ele>
      </trkpt>
      <trkpt lat="35.70053" lon="-78.53914">
        <ele>119.3</ele>
      </trkpt>
      <trkpt lat="35.70054" lon="-78.53912">
        <ele>119.3</ele>
      </trkpt>
      <trkpt lat="35.70062" lon="-78.53901">
        <ele>119.3</ele>
      </trkpt>
      <trkpt lat="35.70066" lon="-78.53896">
        <ele>119.5</ele>
      </trkpt>
      <trkpt lat="35.70071" lon="-78.53888">
        <ele>119.6</ele>
      </trkpt>
      <trkpt lat="35.70072" lon="-78.53888">
        <ele>119.6</ele>
      </trkpt>
      <trkpt lat="35.70076" lon="-78.53881">
        <ele>119.7</ele>
      </trkpt>
      <trkpt lat="35.70076" lon="-78.5388">
        <ele>119.7</ele>
      </trkpt>
      <trkpt lat="35.70078" lon="-78.53878">
        <ele>119.7</ele>
      </trkpt>
      <trkpt lat="35.70081" lon="-78.53873">
        <ele>119.8</ele>
      </trkpt>
      <trkpt lat="35.70084" lon="-78.53867">
        <ele>120.0</ele>
      </trkpt>
      <trkpt lat="35.70085" lon="-78.53866">
        <ele>120.0</ele>
      </trkpt>
      <trkpt lat="35.70097" lon="-78.53842">
        <ele>120.5</ele>
      </trkpt>
      <trkpt lat="35.70101" lon="-78.53833">
        <ele>120.7</ele>
      </trkpt>
      <trkpt lat="35.70102" lon="-78.53832">
        <ele>120.8</ele>
      </trkpt>
      <trkpt lat="35.70106" lon="-78.53824">
        <ele>121.1</ele>
      </trkpt>
      <trkpt lat="35.70107" lon="-78.53822">
        <ele>121.2</ele>
      </trkpt>
      <trkpt lat="35.70122" lon="-78.5379">
        <ele>122.2</ele>
      </trkpt>
      <trkpt lat="35.70131" lon="-78.53774">
        <ele>122.8</ele>
      </trkpt>
      <trkpt lat="35.70144" lon="-78.53747">
        <ele>123.3</ele>
      </trkpt>
      <trkpt lat="35.70146" lon="-78.53742">
        <ele>123.4</ele>
      </trkpt>
      <trkpt lat="35.70152" lon="-78.53729">
        <ele>123.6</ele>
      </trkpt>
      <trkpt lat="35.70159" lon="-78.53715">
        <ele>123.7</ele>
      </trkpt>
      <trkpt lat="35.70159" lon="-78.53714">
        <ele>123.8</ele>
      </trkpt>
      <trkpt lat="35.70167" lon="-78.53698">
        <ele>123.8</ele>
      </trkpt>
      <trkpt lat="35.7017" lon="-78.53691">
        <ele>123.8</ele>
      </trkpt>
      <trkpt lat="35.70173" lon="-78.53685">
        <ele>123.9</ele>
      </trkpt>
      <trkpt lat="35.70195" lon="-78.53641">
        <ele>124.0</ele>
      </trkpt>
      <trkpt lat="35.70199" lon="-78.53635">
        <ele>124.0</ele>
      </trkpt>
      <trkpt lat="35.70247" lon="-78.53541">
        <ele>123.7</ele>
      </trkpt>
      <trkpt lat="35.70256" lon="-78.53522">
        <ele>123.6</ele>
      </trkpt>
      <trkpt lat="35.70259" lon="-78.53517">
        <ele>123.5</ele>
      </trkpt>
      <trkpt lat="35.70266" lon="-78.53504">
        <ele>123.5</ele>
      </trkpt>
      <trkpt lat="35.70297" lon="-78.53442">
        <ele>122.5</ele>
      </trkpt>
      <trkpt lat="35.70331" lon="-78.53377">
        <ele>121.6</ele>
      </trkpt>
      <trkpt lat="35.70343" lon="-78.5336">
        <ele>121.4</ele>
      </trkpt>
      <trkpt lat="35.70357" lon="-78.53345">
        <ele>121.2</ele>
      </trkpt>
      <trkpt lat="35.70407" lon="-78.53295">
        <ele>120.8</ele>
      </trkpt>
      <trkpt lat="35.70412" lon="-78.53289">
        <ele>120.7</ele>
      </trkpt>
      <trkpt lat="35.70416" lon="-78.53285">
        <ele>120.6</ele>
      </trkpt>
      <trkpt lat="35.70419" lon="-78.53282">
        <ele>120.6</ele>
      </trkpt>
      <trkpt lat="35.70431" lon="-78.53269">
        <ele>120.3</ele>
      </trkpt>
      <trkpt lat="35.70433" lon="-78.53267">
        <ele>120.3</ele>
      </trkpt>
      <trkpt lat="35.70439" lon="-78.53261">
        <ele>120.1</ele>
      </trkpt>
      <trkpt lat="35.70452" lon="-78.53246">
        <ele>119.4</ele>
      </trkpt>
      <trkpt lat="35.70453" lon="-78.53245">
        <ele>119.4</ele>
      </trkpt>
      <trkpt lat="35.7046" lon="-78.53237">
        <ele>118.9</ele>
      </trkpt>
      <trkpt lat="35.70532" lon="-78.53156">
        <ele>115.6</ele>
      </trkpt>
      <trkpt lat="35.70541" lon="-78.53145">
        <ele>115.1</ele>
      </trkpt>
      <trkpt lat="35.70572" lon="-78.53111">
        <ele>113.9</ele>
      </trkpt>
      <trkpt lat="35.70572" lon="-78.5311">
        <ele>113.9</ele>
      </trkpt>
      <trkpt lat="35.70579" lon="-78.53103">
        <ele>113.7</ele>
      </trkpt>
      <trkpt lat="35.70585" lon="-78.53097">
        <ele>113.5</ele>
      </trkpt>
      <trkpt lat="35.70585" lon="-78.53096">
        <ele>113.5</ele>
      </trkpt>
      <trkpt lat="35.70592" lon="-78.53088">
        <ele>113.3</ele>
      </trkpt>
      <trkpt lat="35.70622" lon="-78.53055">
        <ele>112.7</ele>
      </trkpt>
      <trkpt lat="35.70652" lon="-78.53021">
        <ele>111.9</ele>
      </trkpt>
      <trkpt lat="35.70665" lon="-78.53007">
        <ele>111.4</ele>
      </trkpt>
      <trkpt lat="35.70665" lon="-78.53006">
        <ele>111.4</ele>
      </trkpt>
      <trkpt lat="35.70668" lon="-78.53003">
        <ele>111.4</ele>
      </trkpt>
      <trkpt lat="35.70682" lon="-78.52987">
        <ele>111.2</ele>
      </trkpt>
      <trkpt lat="35.70689" lon="-78.52979">
        <ele>111.1</ele>
      </trkpt>
      <trkpt lat="35.70696" lon="-78.52972">
        <ele>111.0</ele>
      </trkpt>
      <trkpt lat="35.70721" lon="-78.52945">
        <ele>110.2</ele>
      </trkpt>
      <trkpt lat="35.70747" lon="-78.5292">
        <ele>109.5</ele>
      </trkpt>
      <trkpt lat="35.70761" lon="-78.52908">
        <ele>109.1</ele>
      </trkpt>
      <trkpt lat="35.70784" lon="-78.52888">
        <ele>108.6</ele>
      </trkpt>
      <trkpt lat="35.70805" lon="-78.52869">
        <ele>108.2</ele>
      </trkpt>
      <trkpt lat="35.70807" lon="-78.52867">
        <ele>108.2</ele>
      </trkpt>
      <trkpt lat="35.70835" lon="-78.52843">
        <ele>107.8</ele>
      </trkpt>
      <trkpt lat="35.70842" lon="-78.52838">
        <ele>107.6</ele>
      </trkpt>
      <trkpt lat="35.70843" lon="-78.52837">
        <ele>107.6</ele>
      </trkpt>
      <trkpt lat="35.70848" lon="-78.5283">
        <ele>107.4</ele>
      </trkpt>
      <trkpt lat="35.70849" lon="-78.5283">
        <ele>107.3</ele>
      </trkpt>
      <trkpt lat="35.70854" lon="-78.52825">
        <ele>107.1</ele>
      </trkpt>
      <trkpt lat="35.70861" lon="-78.52817">
        <ele>106.5</ele>
      </trkpt>
      <trkpt lat="35.70863" lon="-78.52815">
        <ele>106.4</ele>
      </trkpt>
      <trkpt lat="35.70867" lon="-78.52811">
        <ele>106.0</ele>
      </trkpt>
      <trkpt lat="35.7087" lon="-78.52807">
        <ele>105.7</ele>
      </trkpt>
      <trkpt lat="35.70876" lon="-78.52801">
        <ele>105.3</ele>
      </trkpt>
      <trkpt lat="35.7089" lon="-78.52785">
        <ele>104.3</ele>
      </trkpt>
      <trkpt lat="35.7092" lon="-78.5275">
        <ele>101.9</ele>
      </trkpt>
      <trkpt lat="35.70923" lon="-78.52747">
        <ele>101.8</ele>
      </trkpt>
      <trkpt lat="35.70927" lon="-78.52742">
        <ele>101.5</ele>
      </trkpt>
      <trkpt lat="35.70928" lon="-78.52741">
        <ele>101.4</ele>
      </trkpt>
      <trkpt lat="35.70929" lon="-78.5274">
        <ele>101.4</ele>
      </trkpt>
      <trkpt lat="35.7094" lon="-78.52727">
        <ele>100.9</ele>
      </trkpt>
      <trkpt lat="35.70946" lon="-78.5272">
        <ele>100.6</ele>
      </trkpt>
      <trkpt lat="35.70949" lon="-78.52717">
        <ele>100.6</ele>
      </trkpt>
      <trkpt lat="35.70954" lon="-78.52711">
        <ele>100.5</ele>
      </trkpt>
      <trkpt lat="35.70954" lon="-78.5271">
        <ele>100.5</ele>
      </trkpt>
      <trkpt lat="35.70955" lon="-78.5271">
        <ele>100.5</ele>
      </trkpt>
      <trkpt lat="35.7096" lon="-78.52704">
        <ele>100.5</ele>
      </trkpt>
      <trkpt lat="35.70962" lon="-78.52702">
        <ele>100.4</ele>
      </trkpt>
      <trkpt lat="35.70967" lon="-78.52696">
        <ele>100.5</ele>
      </trkpt>
      <trkpt lat="35.70973" lon="-78.52689">
        <ele>100.6</ele>
      </trkpt>
      <trkpt lat="35.70975" lon="-78.52687">
        <ele>100.6</ele>
      </trkpt>
      <trkpt lat="35.70981" lon="-78.5268">
        <ele>100.7</ele>
      </trkpt>
      <trkpt lat="35.70986" lon="-78.52674">
        <ele>100.8</ele>
      </trkpt>
      <trkpt lat="35.70988" lon="-78.52672">
        <ele>100.9</ele>
      </trkpt>
      <trkpt lat="35.70993" lon="-78.52666">
        <ele>101.0</ele>
      </trkpt>
      <trkpt lat="35.70996" lon="-78.52663">
        <ele>101.1</ele>
      </trkpt>
      <trkpt lat="35.71025" lon="-78.52629">
        <ele>101.9</ele>
      </trkpt>
      <trkpt lat="35.71028" lon="-78.52626">
        <ele>101.9</ele>
      </trkpt>
      <trkpt lat="35.71033" lon="-78.5262">
        <ele>102.0</ele>
      </trkpt>
      <trkpt lat="35.71034" lon="-78.52619">
        <ele>102.0</ele>
      </trkpt>
      <trkpt lat="35.71038" lon="-78.52614">
        <ele>102.0</ele>
      </trkpt>
      <trkpt lat="35.71041" lon="-78.52611">
        <ele>102.0</ele>
      </trkpt>
      <trkpt lat="35.71045" lon="-78.52605">
        <ele>102.0</ele>
      </trkpt>
      <trkpt lat="35.71048" lon="-78.52602">
        <ele>101.9</ele>
      </trkpt>
      <trkpt lat="35.71051" lon="-78.52598">
        <ele>101.8</ele>
      </trkpt>
      <trkpt lat="35.71054" lon="-78.52596">
        <ele>101.7</ele>
      </trkpt>
      <trkpt lat="35.71058" lon="-78.52591">
        <ele>101.6</ele>
      </trkpt>
      <trkpt lat="35.71059" lon="-78.52589">
        <ele>101.5</ele>
      </trkpt>
      <trkpt lat="35.7106" lon="-78.52588">
        <ele>101.5</ele>
      </trkpt>
      <trkpt lat="35.71064" lon="-78.52583">
        <ele>101.2</ele>
      </trkpt>
      <trkpt lat="35.71067" lon="-78.5258">
        <ele>101.0</ele>
      </trkpt>
      <trkpt lat="35.71071" lon="-78.52575">
        <ele>100.7</ele>
      </trkpt>
      <trkpt lat="35.71077" lon="-78.52568">
        <ele>100.2</ele>
      </trkpt>
      <trkpt lat="35.71082" lon="-78.52563">
        <ele>99.9</ele>
      </trkpt>
      <trkpt lat="35.71086" lon="-78.52558">
        <ele>99.6</ele>
      </trkpt>
      <trkpt lat="35.71096" lon="-78.52545">
        <ele>98.7</ele>
      </trkpt>
      <trkpt lat="35.71105" lon="-78.52535">
        <ele>97.9</ele>
      </trkpt>
      <trkpt lat="35.71129" lon="-78.52506">
        <ele>95.8</ele>
      </trkpt>
      <trkpt lat="35.71131" lon="-78.52503">
        <ele>95.7</ele>
      </trkpt>
      <trkpt lat="35.71132" lon="-78.52501">
        <ele>95.6</ele>
      </trkpt>
      <trkpt lat="35.71141" lon="-78.5249">
        <ele>95.1</ele>
      </trkpt>
      <trkpt lat="35.71144" lon="-78.52487">
        <ele>94.9</ele>
      </trkpt>
      <trkpt lat="35.7115" lon="-78.5248">
        <ele>94.6</ele>
      </trkpt>
      <trkpt lat="35.71156" lon="-78.52472">
        <ele>94.2</ele>
      </trkpt>
      <trkpt lat="35.71158" lon="-78.5247">
        <ele>94.2</ele>
      </trkpt>
      <trkpt lat="35.71161" lon="-78.52466">
        <ele>94.2</ele>
      </trkpt>
      <trkpt lat="35.71162" lon="-78.52465">
        <ele>94.1</ele>
      </trkpt>
      <trkpt lat="35.71162" lon="-78.52464">
        <ele>94.2</ele>
      </trkpt>
      <trkpt lat="35.71165" lon="-78.52462">
        <ele>93.9</ele>
      </trkpt>
      <trkpt lat="35.71167" lon="-78.52459">
        <ele>93.9</ele>
      </trkpt>
      <trkpt lat="35.71175" lon="-78.5245">
        <ele>93.7</ele>
      </trkpt>
      <trkpt lat="35.71176" lon="-78.52449">
        <ele>93.7</ele>
      </trkpt>
      <trkpt lat="35.71185" lon="-78.52439">
        <ele>93.7</ele>
      </trkpt>
      <trkpt lat="35.71195" lon="-78.52431">
        <ele>93.5</ele>
      </trkpt>
      <trkpt lat="35.71206" lon="-78.52421">
        <ele>93.5</ele>
      </trkpt>
      <trkpt lat="35.7121" lon="-78.52418">
        <ele>93.4</ele>
      </trkpt>
      <trkpt lat="35.71235" lon="-78.524">
        <ele>92.9</ele>
      </trkpt>
      <trkpt lat="35.71256" lon="-78.52385">
        <ele>92.4</ele>
      </trkpt>
      <trkpt lat="35.71265" lon="-78.52379">
        <ele>92.4</ele>
      </trkpt>
      <trkpt lat="35.71272" lon="-78.52374">
        <ele>92.2</ele>
      </trkpt>
      <trkpt lat="35.71288" lon="-78.52363">
        <ele>91.8</ele>
      </trkpt>
      <trkpt lat="35.71289" lon="-78.52362">
        <ele>91.8</ele>
      </trkpt>
      <trkpt lat="35.71294" lon="-78.52358">
        <ele>91.8</ele>
      </trkpt>
      <trkpt lat="35.71303" lon="-78.52352">
        <ele>91.4</ele>
      </trkpt>
      <trkpt lat="35.71306" lon="-78.5235">
        <ele>91.3</ele>
      </trkpt>
      <trkpt lat="35.71313" lon="-78.52346">
        <ele>91.0</ele>
      </trkpt>
      <trkpt lat="35.71313" lon="-78.52345">
        <ele>91.0</ele>
      </trkpt>
      <trkpt lat="35.71317" lon="-78.52343">
        <ele>90.9</ele>
      </trkpt>
      <trkpt lat="35.71328" lon="-78.52335">
        <ele>90.3</ele>
      </trkpt>
      <trkpt lat="35.7136" lon="-78.52313">
        <ele>88.9</ele>
      </trkpt>
      <trkpt lat="35.71369" lon="-78.52307">
        <ele>88.4</ele>
      </trkpt>
      <trkpt lat="35.71406" lon="-78.52281">
        <ele>86.1</ele>
      </trkpt>
      <trkpt lat="35.71407" lon="-78.52281">
        <ele>86.0</ele>
      </trkpt>
      <trkpt lat="35.71411" lon="-78.52278">
        <ele>85.8</ele>
      </trkpt>
      <trkpt lat="35.71423" lon="-78.52269">
        <ele>85.2</ele>
      </trkpt>
      <trkpt lat="35.71431" lon="-78.52263">
        <ele>84.9</ele>
      </trkpt>
      <trkpt lat="35.71438" lon="-78.52259">
        <ele>84.7</ele>
      </trkpt>
      <trkpt lat="35.71454" lon="-78.52248">
        <ele>84.1</ele>
      </trkpt>
      <trkpt lat="35.71454" lon="-78.52247">
        <ele>84.1</ele>
      </trkpt>
      <trkpt lat="35.71458" lon="-78.52245">
        <ele>84.0</ele>
      </trkpt>
      <trkpt lat="35.71461" lon="-78.52243">
        <ele>84.0</ele>
      </trkpt>
      <trkpt lat="35.71463" lon="-78.52242">
        <ele>84.0</ele>
      </trkpt>
      <trkpt lat="35.71478" lon="-78.52231">
        <ele>83.5</ele>
      </trkpt>
      <trkpt lat="35.71485" lon="-78.52226">
        <ele>83.4</ele>
      </trkpt>
      <trkpt lat="35.71501" lon="-78.52215">
        <ele>83.2</ele>
      </trkpt>
      <trkpt lat="35.71512" lon="-78.52207">
        <ele>83.2</ele>
      </trkpt>
      <trkpt lat="35.71516" lon="-78.52205">
        <ele>83.1</ele>
      </trkpt>
      <trkpt lat="35.71517" lon="-78.52204">
        <ele>83.1</ele>
      </trkpt>
      <trkpt lat="35.71526" lon="-78.52198">
        <ele>83.0</ele>
      </trkpt>
      <trkpt lat="35.71541" lon="-78.52187">
        <ele>82.9</ele>
      </trkpt>
      <trkpt lat="35.71613" lon="-78.52137">
        <ele>82.6</ele>
      </trkpt>
      <trkpt lat="35.71646" lon="-78.52114">
        <ele>82.3</ele>
      </trkpt>
      <trkpt lat="35.71651" lon="-78.52111">
        <ele>82.4</ele>
      </trkpt>
      <trkpt lat="35.71697" lon="-78.52078">
        <ele>82.2</ele>
      </trkpt>
      <trkpt lat="35.71707" lon="-78.52071">
        <ele>82.1</ele>
      </trkpt>
      <trkpt lat="35.71713" lon="-78.52067">
        <ele>82.1</ele>
      </trkpt>
      <trkpt lat="35.71723" lon="-78.5206">
        <ele>82.1</ele>
      </trkpt>
      <trkpt lat="35.71775" lon="-78.52023">
        <ele>82.3</ele>
      </trkpt>
      <trkpt lat="35.71812" lon="-78.51997">
        <ele>82.2</ele>
      </trkpt>
      <trkpt lat="35.71838" lon="-78.51979">
        <ele>81.8</ele>
      </trkpt>
      <trkpt lat="35.71861" lon="-78.51963">
        <ele>81.5</ele>
      </trkpt>
      <trkpt lat="35.71881" lon="-78.51949">
        <ele>81.1</ele>
      </trkpt>
      <trkpt lat="35.71916" lon="-78.51923">
        <ele>81.3</ele>
      </trkpt>
      <trkpt lat="35.71936" lon="-78.51911">
        <ele>81.6</ele>
      </trkpt>
      <trkpt lat="35.71941" lon="-78.51908">
        <ele>81.6</ele>
      </trkpt>
      <trkpt lat="35.71948" lon="-78.51903">
        <ele>81.7</ele>
      </trkpt>
      <trkpt lat="35.7196" lon="-78.51895">
        <ele>81.7</ele>
      </trkpt>
      <trkpt lat="35.71963" lon="-78.51893">
        <ele>81.7</ele>
      </trkpt>
      <trkpt lat="35.71973" lon="-78.51887">
        <ele>81.6</ele>
      </trkpt>
      <trkpt lat="35.71983" lon="-78.51882">
        <ele>81.5</ele>
      </trkpt>
      <trkpt lat="35.71987" lon="-78.5188">
        <ele>81.4</ele>
      </trkpt>
      <trkpt lat="35.71992" lon="-78.51878">
        <ele>81.2</ele>
      </trkpt>
      <trkpt lat="35.71996" lon="-78.51876">
        <ele>81.2</ele>
      </trkpt>
      <trkpt lat="35.72001" lon="-78.51873">
        <ele>81.2</ele>
      </trkpt>
      <trkpt lat="35.72005" lon="-78.51871">
        <ele>81.1</ele>
      </trkpt>
      <trkpt lat="35.72008" lon="-78.5187">
        <ele>81.1</ele>
      </trkpt>
      <trkpt lat="35.72021" lon="-78.51865">
        <ele>80.8</ele>
      </trkpt>
      <trkpt lat="35.72038" lon="-78.51859">
        <ele>80.4</ele>
      </trkpt>
      <trkpt lat="35.72052" lon="-78.51855">
        <ele>80.1</ele>
      </trkpt>
      <trkpt lat="35.7207" lon="-78.5185">
        <ele>79.7</ele>
      </trkpt>
      <trkpt lat="35.72085" lon="-78.51847">
        <ele>79.4</ele>
      </trkpt>
      <trkpt lat="35.72114" lon="-78.51842">
        <ele>78.8</ele>
      </trkpt>
      <trkpt lat="35.72116" lon="-78.51841">
        <ele>78.8</ele>
      </trkpt>
      <trkpt lat="35.72128" lon="-78.51839">
        <ele>78.6</ele>
      </trkpt>
      <trkpt lat="35.72133" lon="-78.51838">
        <ele>78.5</ele>
      </trkpt>
      <trkpt lat="35.72188" lon="-78.51828">
        <ele>77.8</ele>
      </trkpt>
      <trkpt lat="35.72217" lon="-78.51824">
        <ele>77.3</ele>
      </trkpt>
      <trkpt lat="35.72265" lon="-78.51815">
        <ele>76.7</ele>
      </trkpt>
      <trkpt lat="35.72288" lon="-78.5181">
        <ele>76.3</ele>
      </trkpt>
      <trkpt lat="35.72289" lon="-78.5181">
        <ele>76.2</ele>
      </trkpt>
      <trkpt lat="35.72299" lon="-78.51806">
        <ele>75.9</ele>
      </trkpt>
      <trkpt lat="35.72302" lon="-78.51805">
        <ele>75.9</ele>
      </trkpt>
      <trkpt lat="35.72305" lon="-78.51804">
        <ele>75.9</ele>
      </trkpt>
      <trkpt lat="35.72306" lon="-78.51804">
        <ele>75.9</ele>
      </trkpt>
      <trkpt lat="35.72319" lon="-78.51797">
        <ele>75.4</ele>
      </trkpt>
      <trkpt lat="35.72322" lon="-78.51796">
        <ele>75.3</ele>
      </trkpt>
      <trkpt lat="35.7233" lon="-78.51792">
        <ele>75.2</ele>
      </trkpt>
      <trkpt lat="35.72335" lon="-78.51788">
        <ele>74.9</ele>
      </trkpt>
      <trkpt lat="35.72339" lon="-78.51786">
        <ele>74.9</ele>
      </trkpt>
      <trkpt lat="35.72345" lon="-78.51782">
        <ele>74.7</ele>
      </trkpt>
      <trkpt lat="35.72357" lon="-78.51773">
        <ele>74.5</ele>
      </trkpt>
      <trkpt lat="35.72366" lon="-78.51765">
        <ele>74.2</ele>
      </trkpt>
      <trkpt lat="35.72373" lon="-78.51757">
        <ele>73.8</ele>
      </trkpt>
      <trkpt lat="35.72387" lon="-78.51741">
        <ele>72.9</ele>
      </trkpt>
      <trkpt lat="35.72392" lon="-78.51735">
        <ele>72.6</ele>
      </trkpt>
      <trkpt lat="35.72403" lon="-78.51719">
        <ele>71.7</ele>
      </trkpt>
      <trkpt lat="35.72441" lon="-78.5167">
        <ele>70.3</ele>
      </trkpt>
      <trkpt lat="35.72443" lon="-78.51666">
        <ele>70.2</ele>
      </trkpt>
      <trkpt lat="35.72453" lon="-78.51654">
        <ele>69.7</ele>
      </trkpt>
      <trkpt lat="35.72456" lon="-78.5165">
        <ele>69.6</ele>
      </trkpt>
      <trkpt lat="35.72465" lon="-78.51639">
        <ele>68.9</ele>
      </trkpt>
      <trkpt lat="35.72477" lon="-78.51623">
        <ele>68.3</ele>
      </trkpt>
      <trkpt lat="35.72478" lon="-78.51621">
        <ele>68.1</ele>
      </trkpt>
      <trkpt lat="35.7248" lon="-78.51618">
        <ele>67.9</ele>
      </trkpt>
      <trkpt lat="35.7249" lon="-78.51605">
        <ele>66.9</ele>
      </trkpt>
      <trkpt lat="35.72493" lon="-78.51602">
        <ele>66.7</ele>
      </trkpt>
      <trkpt lat="35.72501" lon="-78.5159">
        <ele>65.7</ele>
      </trkpt>
      <trkpt lat="35.72503" lon="-78.51589">
        <ele>65.7</ele>
      </trkpt>
      <trkpt lat="35.72505" lon="-78.51586">
        <ele>65.5</ele>
      </trkpt>
      <trkpt lat="35.7252" lon="-78.51567">
        <ele>63.7</ele>
      </trkpt>
      <trkpt lat="35.72527" lon="-78.51559">
        <ele>63.1</ele>
      </trkpt>
      <trkpt lat="35.7253" lon="-78.51555">
        <ele>62.6</ele>
      </trkpt>
      <trkpt lat="35.7253" lon="-78.51554">
        <ele>62.5</ele>
      </trkpt>
      <trkpt lat="35.72542" lon="-78.51538">
        <ele>61.1</ele>
      </trkpt>
      <trkpt lat="35.72545" lon="-78.51534">
        <ele>60.8</ele>
      </trkpt>
      <trkpt lat="35.72551" lon="-78.51527">
        <ele>60.3</ele>
      </trkpt>
      <trkpt lat="35.72555" lon="-78.51521">
        <ele>59.8</ele>
      </trkpt>
      <trkpt lat="35.72565" lon="-78.51508">
        <ele>58.7</ele>
      </trkpt>
      <trkpt lat="35.72577" lon="-78.51492">
        <ele>57.6</ele>
      </trkpt>
      <trkpt lat="35.7259" lon="-78.51476">
        <ele>56.3</ele>
      </trkpt>
      <trkpt lat="35.72602" lon="-78.5146">
        <ele>55.3</ele>
      </trkpt>
      <trkpt lat="35.72606" lon="-78.51455">
        <ele>54.9</ele>
      </trkpt>
      <trkpt lat="35.72627" lon="-78.51427">
        <ele>54.1</ele>
      </trkpt>
      <trkpt lat="35.7265" lon="-78.51396">
        <ele>53.7</ele>
      </trkpt>
      <trkpt lat="35.72662" lon="-78.5138">
        <ele>53.6</ele>
      </trkpt>
      <trkpt lat="35.72674" lon="-78.51364">
        <ele>53.4</ele>
      </trkpt>
      <trkpt lat="35.72687" lon="-78.51348">
        <ele>53.2</ele>
      </trkpt>
      <trkpt lat="35.72692" lon="-78.5134">
        <ele>53.2</ele>
      </trkpt>
      <trkpt lat="35.72703" lon="-78.51326">
        <ele>53.0</ele>
      </trkpt>
      <trkpt lat="35.72705" lon="-78.51324">
        <ele>53.0</ele>
      </trkpt>
      <trkpt lat="35.72726" lon="-78.51299">
        <ele>52.7</ele>
      </trkpt>
      <trkpt lat="35.7273" lon="-78.51293">
        <ele>52.7</ele>
      </trkpt>
      <trkpt lat="35.72755" lon="-78.51261">
        <ele>52.4</ele>
      </trkpt>
      <trkpt lat="35.72755" lon="-78.5126">
        <ele>52.5</ele>
      </trkpt>
      <trkpt lat="35.72767" lon="-78.51244">
        <ele>52.5</ele>
      </trkpt>
      <trkpt lat="35.72776" lon="-78.51233">
        <ele>52.6</ele>
      </trkpt>
      <trkpt lat="35.7278" lon="-78.51228">
        <ele>52.5</ele>
      </trkpt>
      <trkpt lat="35.72804" lon="-78.51196">
        <ele>52.4</ele>
      </trkpt>
      <trkpt lat="35.72808" lon="-78.51191">
        <ele>52.4</ele>
      </trkpt>
      <trkpt lat="35.72826" lon="-78.51167">
        <ele>52.7</ele>
      </trkpt>
      <trkpt lat="35.72844" lon="-78.51145">
        <ele>52.6</ele>
      </trkpt>
      <trkpt lat="35.72851" lon="-78.51134">
        <ele>52.5</ele>
      </trkpt>
      <trkpt lat="35.72855" lon="-78.51128">
        <ele>52.6</ele>
      </trkpt>
      <trkpt lat="35.72862" lon="-78.51116">
        <ele>53.0</ele>
      </trkpt>
      <trkpt lat="35.72864" lon="-78.51113">
        <ele>52.8</ele>
      </trkpt>
      <trkpt lat="35.72866" lon="-78.51109">
        <ele>52.7</ele>
      </trkpt>
      <trkpt lat="35.72869" lon="-78.51103">
        <ele>52.8</ele>
      </trkpt>
      <trkpt lat="35.72873" lon="-78.51094">
        <ele>53.0</ele>
      </trkpt>
      <trkpt lat="35.72875" lon="-78.5109">
        <ele>52.9</ele>
      </trkpt>
      <trkpt lat="35.72881" lon="-78.51074">
        <ele>53.3</ele>
      </trkpt>
      <trkpt lat="35.72883" lon="-78.51069">
        <ele>53.4</ele>
      </trkpt>
      <trkpt lat="35.72886" lon="-78.51062">
        <ele>53.5</ele>
      </trkpt>
      <trkpt lat="35.72891" lon="-78.51039">
        <ele>54.2</ele>
      </trkpt>
      <trkpt lat="35.72894" lon="-78.51021">
        <ele>54.5</ele>
      </trkpt>
      <trkpt lat="35.72896" lon="-78.51012">
        <ele>54.7</ele>
      </trkpt>
      <trkpt lat="35.72897" lon="-78.50997">
        <ele>55.2</ele>
      </trkpt>
      <trkpt lat="35.729" lon="-78.50975">
        <ele>55.6</ele>
      </trkpt>
      <trkpt lat="35.72901" lon="-78.50955">
        <ele>56.0</ele>
      </trkpt>
      <trkpt lat="35.72905" lon="-78.50917">
        <ele>57.0</ele>
      </trkpt>
      <trkpt lat="35.72908" lon="-78.50887">
        <ele>58.1</ele>
      </trkpt>
      <trkpt lat="35.72908" lon="-78.50879">
        <ele>58.4</ele>
      </trkpt>
      <trkpt lat="35.7291" lon="-78.50865">
        <ele>58.6</ele>
      </trkpt>
      <trkpt lat="35.7291" lon="-78.50863">
        <ele>58.6</ele>
      </trkpt>
      <trkpt lat="35.72911" lon="-78.50858">
        <ele>58.7</ele>
      </trkpt>
      <trkpt lat="35.72911" lon="-78.50851">
        <ele>58.7</ele>
      </trkpt>
      <trkpt lat="35.72912" lon="-78.50838">
        <ele>58.7</ele>
      </trkpt>
      <trkpt lat="35.72914" lon="-78.50821">
        <ele>58.7</ele>
      </trkpt>
      <trkpt lat="35.72915" lon="-78.50807">
        <ele>58.7</ele>
      </trkpt>
      <trkpt lat="35.72916" lon="-78.50799">
        <ele>58.7</ele>
      </trkpt>
      <trkpt lat="35.72916" lon="-78.50797">
        <ele>58.7</ele>
      </trkpt>
      <trkpt lat="35.72918" lon="-78.50774">
        <ele>59.1</ele>
      </trkpt>
      <trkpt lat="35.72921" lon="-78.50753">
        <ele>59.3</ele>
      </trkpt>
      <trkpt lat="35.72922" lon="-78.50747">
        <ele>59.3</ele>
      </trkpt>
      <trkpt lat="35.72924" lon="-78.50732">
        <ele>59.2</ele>
      </trkpt>
      <trkpt lat="35.72926" lon="-78.5072">
        <ele>59.2</ele>
      </trkpt>
      <trkpt lat="35.7293" lon="-78.50701">
        <ele>59.2</ele>
      </trkpt>
      <trkpt lat="35.72936" lon="-78.50675">
        <ele>59.3</ele>
      </trkpt>
      <trkpt lat="35.72938" lon="-78.50669">
        <ele>59.4</ele>
      </trkpt>
      <trkpt lat="35.72938" lon="-78.50667">
        <ele>59.4</ele>
      </trkpt>
      <trkpt lat="35.72939" lon="-78.50662">
        <ele>59.5</ele>
      </trkpt>
      <trkpt lat="35.72944" lon="-78.50646">
        <ele>59.8</ele>
      </trkpt>
      <trkpt lat="35.72944" lon="-78.50643">
        <ele>59.9</ele>
      </trkpt>
      <trkpt lat="35.72949" lon="-78.50627">
        <ele>60.3</ele>
      </trkpt>
      <trkpt lat="35.72949" lon="-78.50625">
        <ele>60.4</ele>
      </trkpt>
      <trkpt lat="35.72956" lon="-78.50607">
        <ele>60.7</ele>
      </trkpt>
      <trkpt lat="35.72963" lon="-78.50589">
        <ele>60.9</ele>
      </trkpt>
      <trkpt lat="35.7297" lon="-78.50574">
        <ele>60.7</ele>
      </trkpt>
      <trkpt lat="35.72971" lon="-78.50569">
        <ele>60.8</ele>
      </trkpt>
      <trkpt lat="35.72985" lon="-78.5054">
        <ele>61.2</ele>
      </trkpt>
      <trkpt lat="35.72987" lon="-78.50535">
        <ele>61.3</ele>
      </trkpt>
      <trkpt lat="35.7299" lon="-78.50531">
        <ele>61.4</ele>
      </trkpt>
      <trkpt lat="35.72991" lon="-78.50527">
        <ele>61.5</ele>
      </trkpt>
      <trkpt lat="35.73001" lon="-78.50509">
        <ele>62.2</ele>
      </trkpt>
      <trkpt lat="35.73008" lon="-78.50493">
        <ele>62.5</ele>
      </trkpt>
      <trkpt lat="35.7301" lon="-78.5049">
        <ele>62.6</ele>
      </trkpt>
      <trkpt lat="35.73016" lon="-78.50478">
        <ele>63.0</ele>
      </trkpt>
      <trkpt lat="35.73019" lon="-78.50472">
        <ele>63.0</ele>
      </trkpt>
      <trkpt lat="35.73025" lon="-78.5046">
        <ele>62.6</ele>
      </trkpt>
      <trkpt lat="35.73025" lon="-78.50459">
        <ele>62.6</ele>
      </trkpt>
      <trkpt lat="35.73026" lon="-78.50458">
        <ele>62.6</ele>
      </trkpt>
      <trkpt lat="35.73048" lon="-78.50419">
        <ele>62.0</ele>
      </trkpt>
      <trkpt lat="35.7306" lon="-78.50396">
        <ele>61.9</ele>
      </trkpt>
      <trkpt lat="35.73066" lon="-78.50383">
        <ele>61.9</ele>
      </trkpt>
      <trkpt lat="35.73074" lon="-78.50366">
        <ele>62.1</ele>
      </trkpt>
      <trkpt lat="35.73077" lon="-78.50358">
        <ele>62.0</ele>
      </trkpt>
      <trkpt lat="35.73081" lon="-78.50348">
        <ele>61.9</ele>
      </trkpt>
      <trkpt lat="35.73105" lon="-78.50277">
        <ele>61.9</ele>
      </trkpt>
      <trkpt lat="35.73111" lon="-78.50258">
        <ele>61.9</ele>
      </trkpt>
      <trkpt lat="35.73112" lon="-78.50256">
        <ele>61.9</ele>
      </trkpt>
      <trkpt lat="35.73113" lon="-78.50252">
        <ele>62.0</ele>
      </trkpt>
      <trkpt lat="35.73116" lon="-78.50244">
        <ele>62.1</ele>
      </trkpt>
      <trkpt lat="35.73118" lon="-78.50237">
        <ele>62.1</ele>
      </trkpt>
      <trkpt lat="35.73119" lon="-78.50236">
        <ele>62.1</ele>
      </trkpt>
      <trkpt lat="35.73123" lon="-78.50224">
        <ele>62.2</ele>
      </trkpt>
      <trkpt lat="35.73125" lon="-78.50218">
        <ele>62.3</ele>
      </trkpt>
      <trkpt lat="35.73126" lon="-78.50216">
        <ele>62.4</ele>
      </trkpt>
      <trkpt lat="35.7313" lon="-78.50203">
        <ele>62.4</ele>
      </trkpt>
      <trkpt lat="35.73133" lon="-78.50195">
        <ele>62.4</ele>
      </trkpt>
      <trkpt lat="35.73144" lon="-78.50162">
        <ele>62.4</ele>
      </trkpt>
      <trkpt lat="35.73147" lon="-78.50154">
        <ele>62.3</ele>
      </trkpt>
      <trkpt lat="35.73149" lon="-78.50148">
        <ele>62.2</ele>
      </trkpt>
      <trkpt lat="35.73155" lon="-78.50134">
        <ele>62.3</ele>
      </trkpt>
      <trkpt lat="35.73155" lon="-78.50133">
        <ele>62.3</ele>
      </trkpt>
      <trkpt lat="35.73162" lon="-78.50116">
        <ele>62.4</ele>
      </trkpt>
      <trkpt lat="35.73168" lon="-78.50104">
        <ele>62.6</ele>
      </trkpt>
      <trkpt lat="35.73172" lon="-78.50096">
        <ele>62.7</ele>
      </trkpt>
      <trkpt lat="35.73172" lon="-78.50095">
        <ele>62.7</ele>
      </trkpt>
      <trkpt lat="35.73176" lon="-78.50089">
        <ele>62.8</ele>
      </trkpt>
      <trkpt lat="35.7318" lon="-78.50081">
        <ele>63.0</ele>
      </trkpt>
      <trkpt lat="35.73182" lon="-78.50079">
        <ele>63.0</ele>
      </trkpt>
      <trkpt lat="35.73182" lon="-78.50077">
        <ele>63.1</ele>
      </trkpt>
      <trkpt lat="35.73185" lon="-78.50074">
        <ele>63.0</ele>
      </trkpt>
      <trkpt lat="35.73189" lon="-78.50067">
        <ele>63.2</ele>
      </trkpt>
      <trkpt lat="35.73193" lon="-78.50061">
        <ele>63.3</ele>
      </trkpt>
      <trkpt lat="35.73193" lon="-78.5006">
        <ele>63.4</ele>
      </trkpt>
      <trkpt lat="35.73197" lon="-78.50055">
        <ele>63.5</ele>
      </trkpt>
      <trkpt lat="35.73216" lon="-78.50026">
        <ele>64.2</ele>
      </trkpt>
      <trkpt lat="35.73222" lon="-78.50017">
        <ele>64.4</ele>
      </trkpt>
      <trkpt lat="35.73227" lon="-78.5001">
        <ele>64.6</ele>
      </trkpt>
      <trkpt lat="35.7323" lon="-78.50006">
        <ele>64.7</ele>
      </trkpt>
      <trkpt lat="35.73236" lon="-78.49997">
        <ele>65.1</ele>
      </trkpt>
      <trkpt lat="35.7324" lon="-78.49992">
        <ele>65.2</ele>
      </trkpt>
      <trkpt lat="35.73244" lon="-78.49986">
        <ele>65.4</ele>
      </trkpt>
      <trkpt lat="35.73247" lon="-78.49982">
        <ele>65.5</ele>
      </trkpt>
      <trkpt lat="35.73251" lon="-78.49977">
        <ele>65.6</ele>
      </trkpt>
      <trkpt lat="35.73252" lon="-78.49976">
        <ele>65.6</ele>
      </trkpt>
      <trkpt lat="35.73257" lon="-78.49969">
        <ele>65.9</ele>
      </trkpt>
      <trkpt lat="35.73259" lon="-78.49967">
        <ele>65.9</ele>
      </trkpt>
      <trkpt lat="35.7326" lon="-78.49966">
        <ele>66.0</ele>
      </trkpt>
      <trkpt lat="35.73264" lon="-78.49962">
        <ele>66.1</ele>
      </trkpt>
      <trkpt lat="35.73264" lon="-78.49961">
        <ele>66.2</ele>
      </trkpt>
      <trkpt lat="35.73265" lon="-78.49961">
        <ele>66.2</ele>
      </trkpt>
      <trkpt lat="35.7327" lon="-78.49954">
        <ele>66.4</ele>
      </trkpt>
      <trkpt lat="35.73277" lon="-78.49948">
        <ele>66.8</ele>
      </trkpt>
      <trkpt lat="35.73279" lon="-78.49947">
        <ele>66.8</ele>
      </trkpt>
      <trkpt lat="35.73298" lon="-78.4993">
        <ele>67.5</ele>
      </trkpt>
      <trkpt lat="35.73308" lon="-78.49921">
        <ele>68.0</ele>
      </trkpt>
      <trkpt lat="35.73314" lon="-78.49916">
        <ele>68.2</ele>
      </trkpt>
      <trkpt lat="35.73349" lon="-78.49888">
        <ele>69.6</ele>
      </trkpt>
      <trkpt lat="35.73353" lon="-78.49884">
        <ele>69.7</ele>
      </trkpt>
      <trkpt lat="35.73383" lon="-78.4986">
        <ele>70.8</ele>
      </trkpt>
      <trkpt lat="35.73413" lon="-78.49836">
        <ele>72.1</ele>
      </trkpt>
      <trkpt lat="35.73422" lon="-78.49828">
        <ele>72.4</ele>
      </trkpt>
      <trkpt lat="35.73427" lon="-78.49824">
        <ele>72.5</ele>
      </trkpt>
      <trkpt lat="35.73428" lon="-78.49823">
        <ele>72.5</ele>
      </trkpt>
      <trkpt lat="35.73458" lon="-78.49798">
        <ele>73.4</ele>
      </trkpt>
      <trkpt lat="35.73464" lon="-78.49792">
        <ele>73.5</ele>
      </trkpt>
      <trkpt lat="35.73473" lon="-78.49782">
        <ele>73.8</ele>
      </trkpt>
      <trkpt lat="35.7348" lon="-78.49775">
        <ele>73.8</ele>
      </trkpt>
      <trkpt lat="35.73492" lon="-78.49759">
        <ele>74.2</ele>
      </trkpt>
      <trkpt lat="35.73544" lon="-78.49692">
        <ele>75.6</ele>
      </trkpt>
      <trkpt lat="35.73567" lon="-78.49663">
        <ele>76.4</ele>
      </trkpt>
      <trkpt lat="35.73585" lon="-78.49638">
        <ele>77.0</ele>
      </trkpt>
      <trkpt lat="35.73623" lon="-78.49591">
        <ele>78.3</ele>
      </trkpt>
      <trkpt lat="35.73647" lon="-78.49559">
        <ele>79.0</ele>
      </trkpt>
      <trkpt lat="35.73658" lon="-78.49545">
        <ele>79.3</ele>
      </trkpt>
      <trkpt lat="35.73664" lon="-78.49539">
        <ele>79.6</ele>
      </trkpt>
      <trkpt lat="35.73667" lon="-78.49535">
        <ele>79.6</ele>
      </trkpt>
      <trkpt lat="35.73693" lon="-78.49505">
        <ele>80.1</ele>
      </trkpt>
      <trkpt lat="35.73694" lon="-78.49504">
        <ele>80.1</ele>
      </trkpt>
      <trkpt lat="35.73706" lon="-78.49491">
        <ele>80.0</ele>
      </trkpt>
      <trkpt lat="35.73706" lon="-78.4949">
        <ele>80.0</ele>
      </trkpt>
      <trkpt lat="35.73741" lon="-78.4945">
        <ele>79.3</ele>
      </trkpt>
      <trkpt lat="35.73758" lon="-78.49431">
        <ele>79.4</ele>
      </trkpt>
      <trkpt lat="35.73771" lon="-78.49417">
        <ele>79.7</ele>
      </trkpt>
      <trkpt lat="35.73784" lon="-78.49402">
        <ele>80.3</ele>
      </trkpt>
      <trkpt lat="35.73785" lon="-78.49401">
        <ele>80.4</ele>
      </trkpt>
      <trkpt lat="35.73821" lon="-78.49363">
        <ele>81.8</ele>
      </trkpt>
      <trkpt lat="35.73841" lon="-78.49341">
        <ele>82.4</ele>
      </trkpt>
      <trkpt lat="35.73868" lon="-78.49305">
        <ele>83.1</ele>
      </trkpt>
      <trkpt lat="35.73878" lon="-78.49292">
        <ele>83.2</ele>
      </trkpt>
      <trkpt lat="35.73887" lon="-78.49278">
        <ele>83.2</ele>
      </trkpt>
      <trkpt lat="35.7389" lon="-78.49275">
        <ele>83.2</ele>
      </trkpt>
      <trkpt lat="35.73902" lon="-78.49258">
        <ele>82.8</ele>
      </trkpt>
      <trkpt lat="35.73911" lon="-78.49245">
        <ele>82.4</ele>
      </trkpt>
      <trkpt lat="35.73919" lon="-78.49233">
        <ele>82.2</ele>
      </trkpt>
      <trkpt lat="35.73929" lon="-78.49222">
        <ele>81.7</ele>
      </trkpt>
      <trkpt lat="35.73944" lon="-78.49204">
        <ele>81.5</ele>
      </trkpt>
      <trkpt lat="35.73952" lon="-78.49195">
        <ele>81.3</ele>
      </trkpt>
      <trkpt lat="35.73967" lon="-78.49177">
        <ele>81.2</ele>
      </trkpt>
      <trkpt lat="35.73977" lon="-78.49166">
        <ele>81.1</ele>
      </trkpt>
      <trkpt lat="35.7401" lon="-78.49127">
        <ele>81.0</ele>
      </trkpt>
      <trkpt lat="35.74038" lon="-78.49095">
        <ele>80.7</ele>
      </trkpt>
      <trkpt lat="35.74077" lon="-78.49049">
        <ele>79.7</ele>
      </trkpt>
      <trkpt lat="35.74105" lon="-78.49017">
        <ele>79.3</ele>
      </trkpt>
      <trkpt lat="35.74129" lon="-78.48988">
        <ele>79.7</ele>
      </trkpt>
      <trkpt lat="35.74133" lon="-78.48984">
        <ele>79.7</ele>
      </trkpt>
      <trkpt lat="35.74134" lon="-78.48983">
        <ele>79.7</ele>
      </trkpt>
      <trkpt lat="35.74146" lon="-78.48968">
        <ele>80.1</ele>
      </trkpt>
      <trkpt lat="35.74174" lon="-78.48936">
        <ele>81.2</ele>
      </trkpt>
      <trkpt lat="35.74211" lon="-78.48892">
        <ele>82.1</ele>
      </trkpt>
      <trkpt lat="35.74212" lon="-78.48891">
        <ele>82.1</ele>
      </trkpt>
      <trkpt lat="35.7422" lon="-78.48881">
        <ele>82.0</ele>
      </trkpt>
      <trkpt lat="35.74277" lon="-78.48816">
        <ele>82.6</ele>
      </trkpt>
      <trkpt lat="35.74303" lon="-78.48785">
        <ele>82.9</ele>
      </trkpt>
      <trkpt lat="35.74326" lon="-78.48758">
        <ele>83.0</ele>
      </trkpt>
      <trkpt lat="35.74329" lon="-78.48754">
        <ele>83.0</ele>
      </trkpt>
      <trkpt lat="35.74333" lon="-78.48751">
        <ele>83.1</ele>
      </trkpt>
      <trkpt lat="35.74381" lon="-78.48694">
        <ele>84.2</ele>
      </trkpt>
      <trkpt lat="35.74381" lon="-78.48694">
        <ele>84.2</ele>
      </trkpt>
      <trkpt lat="35.74353" lon="-78.48654">
        <ele>84.6</ele>
      </trkpt>
      <trkpt lat="35.74319" lon="-78.48605">
        <ele>82.4</ele>
      </trkpt>
      <trkpt lat="35.74319" lon="-78.48605">
        <ele>82.4</ele>
      </trkpt>
      <trkpt lat="35.74319" lon="-78.48605">
        <ele>82.4</ele>
      </trkpt>
      <trkpt lat="35.74312" lon="-78.48595">
        <ele>82.1</ele>
      </trkpt>
      <trkpt lat="35.74307" lon="-78.48587">
        <ele>81.8</ele>
      </trkpt>
      <trkpt lat="35.74295" lon="-78.4857">
        <ele>81.5</ele>
      </trkpt>
      <trkpt lat="35.74288" lon="-78.4856">
        <ele>81.3</ele>
      </trkpt>
      <trkpt lat="35.74283" lon="-78.48553">
        <ele>81.2</ele>
      </trkpt>
      <trkpt lat="35.74272" lon="-78.48535">
        <ele>81.0</ele>
      </trkpt>
      <trkpt lat="35.74268" lon="-78.48528">
        <ele>80.9</ele>
      </trkpt>
      <trkpt lat="35.74255" lon="-78.48504">
        <ele>81.2</ele>
      </trkpt>
      <trkpt lat="35.74248" lon="-78.48491">
        <ele>81.5</ele>
      </trkpt>
      <trkpt lat="35.74244" lon="-78.48479">
        <ele>81.8</ele>
      </trkpt>
      <trkpt lat="35.74242" lon="-78.48476">
        <ele>81.8</ele>
      </trkpt>
      <trkpt lat="35.74237" lon="-78.48461">
        <ele>81.9</ele>
      </trkpt>
      <trkpt lat="35.74236" lon="-78.48459">
        <ele>81.9</ele>
      </trkpt>
      <trkpt lat="35.74224" lon="-78.48427">
        <ele>81.3</ele>
      </trkpt>
      <trkpt lat="35.74221" lon="-78.48419">
        <ele>81.2</ele>
      </trkpt>
      <trkpt lat="35.74221" lon="-78.48419">
        <ele>81.2</ele>
      </trkpt>
      <trkpt lat="35.74236" lon="-78.48415">
        <ele>81.4</ele>
      </trkpt>
      <trkpt lat="35.74258" lon="-78.48409">
        <ele>81.6</ele>
      </trkpt>
      <trkpt lat="35.74265" lon="-78.48407">
        <ele>81.6</ele>
      </trkpt>
      <trkpt lat="35.74275" lon="-78.48405">
        <ele>81.5</ele>
      </trkpt>
      <trkpt lat="35.74281" lon="-78.48403">
        <ele>81.5</ele>
      </trkpt>
      <trkpt lat="35.74285" lon="-78.48402">
        <ele>81.4</ele>
      </trkpt>
      <trkpt lat="35.74293" lon="-78.48401">
        <ele>81.2</ele>
      </trkpt>
      <trkpt lat="35.74319" lon="-78.48395">
        <ele>80.6</ele>
      </trkpt>
      <trkpt lat="35.74346" lon="-78.48389">
        <ele>80.1</ele>
      </trkpt>
      <trkpt lat="35.74352" lon="-78.48388">
        <ele>80.0</ele>
      </trkpt>
      <trkpt lat="35.74356" lon="-78.48387">
        <ele>80.0</ele>
      </trkpt>
      <trkpt lat="35.74364" lon="-78.48385">
        <ele>80.1</ele>
      </trkpt>
      <trkpt lat="35.74388" lon="-78.4838">
        <ele>80.1</ele>
      </trkpt>
      <trkpt lat="35.74399" lon="-78.48377">
        <ele>80.2</ele>
      </trkpt>
      <trkpt lat="35.74399" lon="-78.48377">
        <ele>80.2</ele>
      </trkpt>
      <trkpt lat="35.74417" lon="-78.48373">
        <ele>80.3</ele>
      </trkpt>
      <trkpt lat="35.74422" lon="-78.48372">
        <ele>80.4</ele>
      </trkpt>
      <trkpt lat="35.74427" lon="-78.48371">
        <ele>80.5</ele>
      </trkpt>
      <trkpt lat="35.74434" lon="-78.48369">
        <ele>80.5</ele>
      </trkpt>
      <trkpt lat="35.74436" lon="-78.48369">
        <ele>80.5</ele>
      </trkpt>
      <trkpt lat="35.74452" lon="-78.48365">
        <ele>80.8</ele>
      </trkpt>
      <trkpt lat="35.7447" lon="-78.48361">
        <ele>81.0</ele>
      </trkpt>
      <trkpt lat="35.7448" lon="-78.48359">
        <ele>81.2</ele>
      </trkpt>
      <trkpt lat="35.74488" lon="-78.48357">
        <ele>81.3</ele>
      </trkpt>
      <trkpt lat="35.74493" lon="-78.48356">
        <ele>81.4</ele>
      </trkpt>
      <trkpt lat="35.74498" lon="-78.48355">
        <ele>81.5</ele>
      </trkpt>
      <trkpt lat="35.74541" lon="-78.48345">
        <ele>82.7</ele>
      </trkpt>
      <trkpt lat="35.74573" lon="-78.48339">
        <ele>83.7</ele>
      </trkpt>
      <trkpt lat="35.74589" lon="-78.48335">
        <ele>84.2</ele>
      </trkpt>
      <trkpt lat="35.74597" lon="-78.48333">
        <ele>84.4</ele>
      </trkpt>
      <trkpt lat="35.74621" lon="-78.48328">
        <ele>85.0</ele>
      </trkpt>
      <trkpt lat="35.74636" lon="-78.48325">
        <ele>85.4</ele>
      </trkpt>
      <trkpt lat="35.74644" lon="-78.48323">
        <ele>85.9</ele>
      </trkpt>
      <trkpt lat="35.74668" lon="-78.48317">
        <ele>86.4</ele>
      </trkpt>
      <trkpt lat="35.74688" lon="-78.48313">
        <ele>87.1</ele>
      </trkpt>
      <trkpt lat="35.74697" lon="-78.48311">
        <ele>87.4</ele>
      </trkpt>
      <trkpt lat="35.74707" lon="-78.48309">
        <ele>87.7</ele>
      </trkpt>
      <trkpt lat="35.74726" lon="-78.48305">
        <ele>87.9</ele>
      </trkpt>
      <trkpt lat="35.74732" lon="-78.48304">
        <ele>87.9</ele>
      </trkpt>
      <trkpt lat="35.74735" lon="-78.48303">
        <ele>87.9</ele>
      </trkpt>
      <trkpt lat="35.74753" lon="-78.48299">
        <ele>88.0</ele>
      </trkpt>
      <trkpt lat="35.7476" lon="-78.48298">
        <ele>88.0</ele>
      </trkpt>
      <trkpt lat="35.74768" lon="-78.48296">
        <ele>88.1</ele>
      </trkpt>
      <trkpt lat="35.74778" lon="-78.48294">
        <ele>88.2</ele>
      </trkpt>
      <trkpt lat="35.74784" lon="-78.48294">
        <ele>88.2</ele>
      </trkpt>
      <trkpt lat="35.74806" lon="-78.48291">
        <ele>88.3</ele>
      </trkpt>
      <trkpt lat="35.74807" lon="-78.4829">
        <ele>88.3</ele>
      </trkpt>
      <trkpt lat="35.74809" lon="-78.4829">
        <ele>88.3</ele>
      </trkpt>
      <trkpt lat="35.74833" lon="-78.48287">
        <ele>88.3</ele>
      </trkpt>
      <trkpt lat="35.74883" lon="-78.48282">
        <ele>88.2</ele>
      </trkpt>
      <trkpt lat="35.74906" lon="-78.48279">
        <ele>88.5</ele>
      </trkpt>
      <trkpt lat="35.74932" lon="-78.48276">
        <ele>88.7</ele>
      </trkpt>
      <trkpt lat="35.74964" lon="-78.48272">
        <ele>88.8</ele>
      </trkpt>
      <trkpt lat="35.74968" lon="-78.48272">
        <ele>88.7</ele>
      </trkpt>
      <trkpt lat="35.7498" lon="-78.48271">
        <ele>88.5</ele>
      </trkpt>
      <trkpt lat="35.74989" lon="-78.4827">
        <ele>88.3</ele>
      </trkpt>
      <trkpt lat="35.74997" lon="-78.4827">
        <ele>88.2</ele>
      </trkpt>
      <trkpt lat="35.75013" lon="-78.4827">
        <ele>88.2</ele>
      </trkpt>
      <trkpt lat="35.75015" lon="-78.4827">
        <ele>88.2</ele>
      </trkpt>
      <trkpt lat="35.75027" lon="-78.48271">
        <ele>88.2</ele>
      </trkpt>
      <trkpt lat="35.75034" lon="-78.48272">
        <ele>88.2</ele>
      </trkpt>
      <trkpt lat="35.75036" lon="-78.48272">
        <ele>88.2</ele>
      </trkpt>
      <trkpt lat="35.75051" lon="-78.48274">
        <ele>88.2</ele>
      </trkpt>
      <trkpt lat="35.75056" lon="-78.48275">
        <ele>88.2</ele>
      </trkpt>
      <trkpt lat="35.75067" lon="-78.48276">
        <ele>88.4</ele>
      </trkpt>
      <trkpt lat="35.75071" lon="-78.48276">
        <ele>88.4</ele>
      </trkpt>
      <trkpt lat="35.75078" lon="-78.48276">
        <ele>88.3</ele>
      </trkpt>
      <trkpt lat="35.75082" lon="-78.48276">
        <ele>88.1</ele>
      </trkpt>
      <trkpt lat="35.75084" lon="-78.48276">
        <ele>88.1</ele>
      </trkpt>
      <trkpt lat="35.75089" lon="-78.48272">
        <ele>87.8</ele>
      </trkpt>
      <trkpt lat="35.75098" lon="-78.48272">
        <ele>87.3</ele>
      </trkpt>
      <trkpt lat="35.75102" lon="-78.48271">
        <ele>87.1</ele>
      </trkpt>
      <trkpt lat="35.75106" lon="-78.48271">
        <ele>86.8</ele>
      </trkpt>
      <trkpt lat="35.75112" lon="-78.48271">
        <ele>86.5</ele>
      </trkpt>
      <trkpt lat="35.75114" lon="-78.48271">
        <ele>86.4</ele>
      </trkpt>
      <trkpt lat="35.7512" lon="-78.48272">
        <ele>86.1</ele>
      </trkpt>
      <trkpt lat="35.75124" lon="-78.48272">
        <ele>86.0</ele>
      </trkpt>
      <trkpt lat="35.75131" lon="-78.48273">
        <ele>85.8</ele>
      </trkpt>
      <trkpt lat="35.75145" lon="-78.48276">
        <ele>85.1</ele>
      </trkpt>
      <trkpt lat="35.75174" lon="-78.48282">
        <ele>83.4</ele>
      </trkpt>
      <trkpt lat="35.75191" lon="-78.48286">
        <ele>82.8</ele>
      </trkpt>
      <trkpt lat="35.75227" lon="-78.48293">
        <ele>82.1</ele>
      </trkpt>
      <trkpt lat="35.75245" lon="-78.48297">
        <ele>82.0</ele>
      </trkpt>
      <trkpt lat="35.75262" lon="-78.48301">
        <ele>82.7</ele>
      </trkpt>
      <trkpt lat="35.7528" lon="-78.48304">
        <ele>83.7</ele>
      </trkpt>
      <trkpt lat="35.75333" lon="-78.48316">
        <ele>86.4</ele>
      </trkpt>
      <trkpt lat="35.75356" lon="-78.48321">
        <ele>87.0</ele>
      </trkpt>
      <trkpt lat="35.75373" lon="-78.48325">
        <ele>87.5</ele>
      </trkpt>
      <trkpt lat="35.75405" lon="-78.48332">
        <ele>88.6</ele>
      </trkpt>
      <trkpt lat="35.7544" lon="-78.4834">
        <ele>89.5</ele>
      </trkpt>
      <trkpt lat="35.75493" lon="-78.48352">
        <ele>90.5</ele>
      </trkpt>
      <trkpt lat="35.75506" lon="-78.48355">
        <ele>90.6</ele>
      </trkpt>
      <trkpt lat="35.7553" lon="-78.48359">
        <ele>90.7</ele>
      </trkpt>
      <trkpt lat="35.75553" lon="-78.48364">
        <ele>90.7</ele>
      </trkpt>
      <trkpt lat="35.75565" lon="-78.48366">
        <ele>90.6</ele>
      </trkpt>
      <trkpt lat="35.75625" lon="-78.48379">
        <ele>90.3</ele>
      </trkpt>
      <trkpt lat="35.7566" lon="-78.48386">
        <ele>90.6</ele>
      </trkpt>
      <trkpt lat="35.75679" lon="-78.48391">
        <ele>90.7</ele>
      </trkpt>
      <trkpt lat="35.75712" lon="-78.48398">
        <ele>91.1</ele>
      </trkpt>
      <trkpt lat="35.75716" lon="-78.48399">
        <ele>91.2</ele>
      </trkpt>
      <trkpt lat="35.75738" lon="-78.48403">
        <ele>91.5</ele>
      </trkpt>
      <trkpt lat="35.75773" lon="-78.48411">
        <ele>91.9</ele>
      </trkpt>
      <trkpt lat="35.75826" lon="-78.48423">
        <ele>92.7</ele>
      </trkpt>
      <trkpt lat="35.75879" lon="-78.48434">
        <ele>93.7</ele>
      </trkpt>
      <trkpt lat="35.75901" lon="-78.48439">
        <ele>94.0</ele>
      </trkpt>
      <trkpt lat="35.75954" lon="-78.48451">
        <ele>94.6</ele>
      </trkpt>
      <trkpt lat="35.75984" lon="-78.48457">
        <ele>95.0</ele>
      </trkpt>
      <trkpt lat="35.75989" lon="-78.48458">
        <ele>95.1</ele>
      </trkpt>
      <trkpt lat="35.76047" lon="-78.48471">
        <ele>95.7</ele>
      </trkpt>
      <trkpt lat="35.76065" lon="-78.48475">
        <ele>95.9</ele>
      </trkpt>
      <trkpt lat="35.76118" lon="-78.48486">
        <ele>96.4</ele>
      </trkpt>
      <trkpt lat="35.76145" lon="-78.48492">
        <ele>96.6</ele>
      </trkpt>
      <trkpt lat="35.76153" lon="-78.48494">
        <ele>96.7</ele>
      </trkpt>
      <trkpt lat="35.76159" lon="-78.48495">
        <ele>96.8</ele>
      </trkpt>
      <trkpt lat="35.76204" lon="-78.48505">
        <ele>96.5</ele>
      </trkpt>
      <trkpt lat="35.76222" lon="-78.48509">
        <ele>96.5</ele>
      </trkpt>
      <trkpt lat="35.76272" lon="-78.48521">
        <ele>95.6</ele>
      </trkpt>
      <trkpt lat="35.76298" lon="-78.48527">
        <ele>94.9</ele>
      </trkpt>
      <trkpt lat="35.76308" lon="-78.48529">
        <ele>94.8</ele>
      </trkpt>
      <trkpt lat="35.76325" lon="-78.48533">
        <ele>95.0</ele>
      </trkpt>
      <trkpt lat="35.76359" lon="-78.4854">
        <ele>95.4</ele>
      </trkpt>
      <trkpt lat="35.76413" lon="-78.48552">
        <ele>96.5</ele>
      </trkpt>
      <trkpt lat="35.76414" lon="-78.48553">
        <ele>96.5</ele>
      </trkpt>
      <trkpt lat="35.76429" lon="-78.48557">
        <ele>96.4</ele>
      </trkpt>
      <trkpt lat="35.76447" lon="-78.48562">
        <ele>96.3</ele>
      </trkpt>
      <trkpt lat="35.76467" lon="-78.48567">
        <ele>96.1</ele>
      </trkpt>
      <trkpt lat="35.76468" lon="-78.48567">
        <ele>96.1</ele>
      </trkpt>
      <trkpt lat="35.76482" lon="-78.48572">
        <ele>95.8</ele>
      </trkpt>
      <trkpt lat="35.76489" lon="-78.48575">
        <ele>95.7</ele>
      </trkpt>
      <trkpt lat="35.7652" lon="-78.48586">
        <ele>95.1</ele>
      </trkpt>
      <trkpt lat="35.76532" lon="-78.48592">
        <ele>95.0</ele>
      </trkpt>
      <trkpt lat="35.76555" lon="-78.48602">
        <ele>94.7</ele>
      </trkpt>
      <trkpt lat="35.76567" lon="-78.48608">
        <ele>94.7</ele>
      </trkpt>
      <trkpt lat="35.76569" lon="-78.4861">
        <ele>94.7</ele>
      </trkpt>
      <trkpt lat="35.76571" lon="-78.48611">
        <ele>94.7</ele>
      </trkpt>
      <trkpt lat="35.76579" lon="-78.48615">
        <ele>94.7</ele>
      </trkpt>
      <trkpt lat="35.76598" lon="-78.48626">
        <ele>94.7</ele>
      </trkpt>
      <trkpt lat="35.76599" lon="-78.48627">
        <ele>94.7</ele>
      </trkpt>
      <trkpt lat="35.766" lon="-78.48627">
        <ele>94.7</ele>
      </trkpt>
      <trkpt lat="35.76622" lon="-78.48642">
        <ele>94.4</ele>
      </trkpt>
      <trkpt lat="35.76672" lon="-78.4868">
        <ele>93.9</ele>
      </trkpt>
      <trkpt lat="35.76699" lon="-78.487">
        <ele>93.7</ele>
      </trkpt>
      <trkpt lat="35.76701" lon="-78.48701">
        <ele>93.7</ele>
      </trkpt>
      <trkpt lat="35.76703" lon="-78.48703">
        <ele>93.7</ele>
      </trkpt>
      <trkpt lat="35.76706" lon="-78.48705">
        <ele>93.6</ele>
      </trkpt>
      <trkpt lat="35.76707" lon="-78.48706">
        <ele>93.6</ele>
      </trkpt>
      <trkpt lat="35.76716" lon="-78.48713">
        <ele>93.6</ele>
      </trkpt>
      <trkpt lat="35.7673" lon="-78.48724">
        <ele>93.5</ele>
      </trkpt>
      <trkpt lat="35.76731" lon="-78.48725">
        <ele>93.5</ele>
      </trkpt>
      <trkpt lat="35.76732" lon="-78.48725">
        <ele>93.5</ele>
      </trkpt>
      <trkpt lat="35.76746" lon="-78.48737">
        <ele>93.4</ele>
      </trkpt>
      <trkpt lat="35.76762" lon="-78.48748">
        <ele>93.3</ele>
      </trkpt>
      <trkpt lat="35.76782" lon="-78.48764">
        <ele>93.2</ele>
      </trkpt>
      <trkpt lat="35.76799" lon="-78.48776">
        <ele>93.3</ele>
      </trkpt>
      <trkpt lat="35.76814" lon="-78.48788">
        <ele>93.7</ele>
      </trkpt>
      <trkpt lat="35.7682" lon="-78.48792">
        <ele>93.6</ele>
      </trkpt>
      <trkpt lat="35.76832" lon="-78.48801">
        <ele>93.7</ele>
      </trkpt>
      <trkpt lat="35.76839" lon="-78.48806">
        <ele>93.7</ele>
      </trkpt>
      <trkpt lat="35.76845" lon="-78.4881">
        <ele>93.7</ele>
      </trkpt>
      <trkpt lat="35.76859" lon="-78.4882">
        <ele>93.6</ele>
      </trkpt>
      <trkpt lat="35.76866" lon="-78.48826">
        <ele>93.5</ele>
      </trkpt>
      <trkpt lat="35.76878" lon="-78.48834">
        <ele>93.2</ele>
      </trkpt>
      <trkpt lat="35.76893" lon="-78.48843">
        <ele>92.8</ele>
      </trkpt>
      <trkpt lat="35.76903" lon="-78.48848">
        <ele>92.7</ele>
      </trkpt>
      <trkpt lat="35.76906" lon="-78.4885">
        <ele>92.7</ele>
      </trkpt>
      <trkpt lat="35.76912" lon="-78.48853">
        <ele>92.8</ele>
      </trkpt>
      <trkpt lat="35.76912" lon="-78.48853">
        <ele>92.8</ele>
      </trkpt>
      <trkpt lat="35.76918" lon="-78.48855">
        <ele>92.8</ele>
      </trkpt>
      <trkpt lat="35.76925" lon="-78.48858">
        <ele>92.9</ele>
      </trkpt>
      <trkpt lat="35.76934" lon="-78.48861">
        <ele>93.0</ele>
      </trkpt>
      <trkpt lat="35.76946" lon="-78.48864">
        <ele>93.3</ele>
      </trkpt>
      <trkpt lat="35.76955" lon="-78.48866">
        <ele>93.4</ele>
      </trkpt>
      <trkpt lat="35.76959" lon="-78.48866">
        <ele>93.4</ele>
      </trkpt>
      <trkpt lat="35.76965" lon="-78.48867">
        <ele>93.5</ele>
      </trkpt>
      <trkpt lat="35.76981" lon="-78.48868">
        <ele>93.6</ele>
      </trkpt>
      <trkpt lat="35.76983" lon="-78.48868">
        <ele>93.6</ele>
      </trkpt>
      <trkpt lat="35.76985" lon="-78.48868">
        <ele>93.5</ele>
      </trkpt>
      <trkpt lat="35.76987" lon="-78.48868">
        <ele>93.5</ele>
      </trkpt>
      <trkpt lat="35.76995" lon="-78.48868">
        <ele>93.5</ele>
      </trkpt>
      <trkpt lat="35.77008" lon="-78.48869">
        <ele>93.3</ele>
      </trkpt>
      <trkpt lat="35.77055" lon="-78.48867">
        <ele>92.6</ele>
      </trkpt>
      <trkpt lat="35.7709" lon="-78.48866">
        <ele>92.4</ele>
      </trkpt>
      <trkpt lat="35.77093" lon="-78.48866">
        <ele>92.4</ele>
      </trkpt>
      <trkpt lat="35.77165" lon="-78.48864">
        <ele>92.7</ele>
      </trkpt>
      <trkpt lat="35.77208" lon="-78.48863">
        <ele>92.9</ele>
      </trkpt>
      <trkpt lat="35.7723" lon="-78.48862">
        <ele>93.2</ele>
      </trkpt>
      <trkpt lat="35.77239" lon="-78.48862">
        <ele>93.2</ele>
      </trkpt>
      <trkpt lat="35.77243" lon="-78.48862">
        <ele>93.1</ele>
      </trkpt>
      <trkpt lat="35.77247" lon="-78.48863">
        <ele>93.1</ele>
      </trkpt>
      <trkpt lat="35.77254" lon="-78.48863">
        <ele>93.1</ele>
      </trkpt>
      <trkpt lat="35.77258" lon="-78.48863">
        <ele>93.1</ele>
      </trkpt>
      <trkpt lat="35.77265" lon="-78.48863">
        <ele>93.1</ele>
      </trkpt>
      <trkpt lat="35.77271" lon="-78.48864">
        <ele>93.1</ele>
      </trkpt>
      <trkpt lat="35.77294" lon="-78.48868">
        <ele>93.3</ele>
      </trkpt>
      <trkpt lat="35.77303" lon="-78.48871">
        <ele>93.3</ele>
      </trkpt>
      <trkpt lat="35.77312" lon="-78.48874">
        <ele>93.5</ele>
      </trkpt>
      <trkpt lat="35.77341" lon="-78.48886">
        <ele>93.7</ele>
      </trkpt>
      <trkpt lat="35.77344" lon="-78.48887">
        <ele>93.7</ele>
      </trkpt>
      <trkpt lat="35.7735" lon="-78.48891">
        <ele>93.7</ele>
      </trkpt>
      <trkpt lat="35.7738" lon="-78.48907">
        <ele>94.2</ele>
      </trkpt>
      <trkpt lat="35.77407" lon="-78.48921">
        <ele>94.3</ele>
      </trkpt>
      <trkpt lat="35.77418" lon="-78.48927">
        <ele>94.4</ele>
      </trkpt>
      <trkpt lat="35.77425" lon="-78.48931">
        <ele>94.4</ele>
      </trkpt>
      <trkpt lat="35.77468" lon="-78.48953">
        <ele>94.0</ele>
      </trkpt>
      <trkpt lat="35.77504" lon="-78.48973">
        <ele>94.2</ele>
      </trkpt>
      <trkpt lat="35.77508" lon="-78.48975">
        <ele>94.2</ele>
      </trkpt>
      <trkpt lat="35.7754" lon="-78.48991">
        <ele>94.5</ele>
      </trkpt>
      <trkpt lat="35.77556" lon="-78.48999">
        <ele>94.9</ele>
      </trkpt>
      <trkpt lat="35.77591" lon="-78.49013">
        <ele>95.2</ele>
      </trkpt>
      <trkpt lat="35.77618" lon="-78.4902">
        <ele>95.6</ele>
      </trkpt>
      <trkpt lat="35.77644" lon="-78.49025">
        <ele>95.9</ele>
      </trkpt>
      <trkpt lat="35.77693" lon="-78.49031">
        <ele>96.4</ele>
      </trkpt>
      <trkpt lat="35.77713" lon="-78.49034">
        <ele>96.4</ele>
      </trkpt>
      <trkpt lat="35.77727" lon="-78.49035">
        <ele>96.6</ele>
      </trkpt>
      <trkpt lat="35.77734" lon="-78.49035">
        <ele>96.7</ele>
      </trkpt>
      <trkpt lat="35.77772" lon="-78.49039">
        <ele>97.0</ele>
      </trkpt>
      <trkpt lat="35.77799" lon="-78.49041">
        <ele>97.2</ele>
      </trkpt>
      <trkpt lat="35.77803" lon="-78.49041">
        <ele>97.3</ele>
      </trkpt>
      <trkpt lat="35.77807" lon="-78.49042">
        <ele>97.3</ele>
      </trkpt>
      <trkpt lat="35.77823" lon="-78.49042">
        <ele>97.6</ele>
      </trkpt>
      <trkpt lat="35.77826" lon="-78.49042">
        <ele>97.6</ele>
      </trkpt>
      <trkpt lat="35.77859" lon="-78.49038">
        <ele>97.3</ele>
      </trkpt>
      <trkpt lat="35.77932" lon="-78.4901">
        <ele>96.5</ele>
      </trkpt>
      <trkpt lat="35.77945" lon="-78.49005">
        <ele>96.5</ele>
      </trkpt>
      <trkpt lat="35.77961" lon="-78.48998">
        <ele>96.6</ele>
      </trkpt>
      <trkpt lat="35.77977" lon="-78.48991">
        <ele>96.7</ele>
      </trkpt>
      <trkpt lat="35.77985" lon="-78.48988">
        <ele>96.8</ele>
      </trkpt>
      <trkpt lat="35.78011" lon="-78.48976">
        <ele>96.8</ele>
      </trkpt>
      <trkpt lat="35.78017" lon="-78.48974">
        <ele>96.8</ele>
      </trkpt>
      <trkpt lat="35.78018" lon="-78.48973">
        <ele>96.8</ele>
      </trkpt>
      <trkpt lat="35.78027" lon="-78.48969">
        <ele>96.8</ele>
      </trkpt>
      <trkpt lat="35.7803" lon="-78.48967">
        <ele>96.8</ele>
      </trkpt>
      <trkpt lat="35.78032" lon="-78.48967">
        <ele>96.7</ele>
      </trkpt>
      <trkpt lat="35.78034" lon="-78.48965">
        <ele>96.7</ele>
      </trkpt>
      <trkpt lat="35.78041" lon="-78.48962">
        <ele>96.6</ele>
      </trkpt>
      <trkpt lat="35.78046" lon="-78.48958">
        <ele>96.5</ele>
      </trkpt>
      <trkpt lat="35.78051" lon="-78.48956">
        <ele>96.4</ele>
      </trkpt>
      <trkpt lat="35.78062" lon="-78.48949">
        <ele>96.3</ele>
      </trkpt>
      <trkpt lat="35.78063" lon="-78.48949">
        <ele>96.3</ele>
      </trkpt>
      <trkpt lat="35.78069" lon="-78.48944">
        <ele>96.1</ele>
      </trkpt>
      <trkpt lat="35.78077" lon="-78.48939">
        <ele>96.0</ele>
      </trkpt>
      <trkpt lat="35.78084" lon="-78.48933">
        <ele>95.8</ele>
      </trkpt>
      <trkpt lat="35.78088" lon="-78.4893">
        <ele>95.7</ele>
      </trkpt>
      <trkpt lat="35.78103" lon="-78.4892">
        <ele>95.5</ele>
      </trkpt>
      <trkpt lat="35.78143" lon="-78.48888">
        <ele>94.7</ele>
      </trkpt>
      <trkpt lat="35.7815" lon="-78.48883">
        <ele>94.6</ele>
      </trkpt>
      <trkpt lat="35.78158" lon="-78.48877">
        <ele>94.6</ele>
      </trkpt>
      <trkpt lat="35.78166" lon="-78.4887">
        <ele>94.6</ele>
      </trkpt>
      <trkpt lat="35.78174" lon="-78.48865">
        <ele>94.5</ele>
      </trkpt>
      <trkpt lat="35.78194" lon="-78.48849">
        <ele>94.4</ele>
      </trkpt>
      <trkpt lat="35.78198" lon="-78.48847">
        <ele>94.4</ele>
      </trkpt>
      <trkpt lat="35.78206" lon="-78.4884">
        <ele>94.4</ele>
      </trkpt>
      <trkpt lat="35.78218" lon="-78.48831">
        <ele>94.4</ele>
      </trkpt>
      <trkpt lat="35.78234" lon="-78.48819">
        <ele>94.3</ele>
      </trkpt>
      <trkpt lat="35.78257" lon="-78.48801">
        <ele>94.2</ele>
      </trkpt>
      <trkpt lat="35.78265" lon="-78.48794">
        <ele>94.1</ele>
      </trkpt>
      <trkpt lat="35.78292" lon="-78.48772">
        <ele>93.8</ele>
      </trkpt>
      <trkpt lat="35.78306" lon="-78.48762">
        <ele>93.6</ele>
      </trkpt>
      <trkpt lat="35.78307" lon="-78.4876">
        <ele>93.7</ele>
      </trkpt>
      <trkpt lat="35.7833" lon="-78.48742">
        <ele>93.7</ele>
      </trkpt>
      <trkpt lat="35.78331" lon="-78.48741">
        <ele>93.7</ele>
      </trkpt>
      <trkpt lat="35.78358" lon="-78.48721">
        <ele>93.7</ele>
      </trkpt>
      <trkpt lat="35.78372" lon="-78.48709">
        <ele>93.7</ele>
      </trkpt>
      <trkpt lat="35.78379" lon="-78.48703">
        <ele>93.7</ele>
      </trkpt>
      <trkpt lat="35.78414" lon="-78.48678">
        <ele>93.8</ele>
      </trkpt>
      <trkpt lat="35.78458" lon="-78.48647">
        <ele>94.2</ele>
      </trkpt>
      <trkpt lat="35.78472" lon="-78.48637">
        <ele>94.3</ele>
      </trkpt>
      <trkpt lat="35.78479" lon="-78.48632">
        <ele>94.3</ele>
      </trkpt>
      <trkpt lat="35.78486" lon="-78.48626">
        <ele>94.3</ele>
      </trkpt>
      <trkpt lat="35.78513" lon="-78.4861">
        <ele>94.2</ele>
      </trkpt>
      <trkpt lat="35.78527" lon="-78.48602">
        <ele>94.0</ele>
      </trkpt>
      <trkpt lat="35.78548" lon="-78.48591">
        <ele>93.9</ele>
      </trkpt>
      <trkpt lat="35.78553" lon="-78.48589">
        <ele>93.9</ele>
      </trkpt>
      <trkpt lat="35.78576" lon="-78.48579">
        <ele>93.8</ele>
      </trkpt>
      <trkpt lat="35.78595" lon="-78.48572">
        <ele>94.0</ele>
      </trkpt>
      <trkpt lat="35.78595" lon="-78.48572">
        <ele>94.0</ele>
      </trkpt>
      <trkpt lat="35.78611" lon="-78.48565">
        <ele>94.1</ele>
      </trkpt>
      <trkpt lat="35.78618" lon="-78.48564">
        <ele>94.2</ele>
      </trkpt>
      <trkpt lat="35.78623" lon="-78.48563">
        <ele>94.3</ele>
      </trkpt>
      <trkpt lat="35.78628" lon="-78.48562">
        <ele>94.4</ele>
      </trkpt>
      <trkpt lat="35.78636" lon="-78.48559">
        <ele>94.5</ele>
      </trkpt>
      <trkpt lat="35.78652" lon="-78.48539">
        <ele>94.8</ele>
      </trkpt>
      <trkpt lat="35.78656" lon="-78.48535">
        <ele>94.9</ele>
      </trkpt>
      <trkpt lat="35.78661" lon="-78.48528">
        <ele>94.9</ele>
      </trkpt>
      <trkpt lat="35.78666" lon="-78.4852">
        <ele>95.0</ele>
      </trkpt>
      <trkpt lat="35.78674" lon="-78.48509">
        <ele>95.0</ele>
      </trkpt>
      <trkpt lat="35.7868" lon="-78.485">
        <ele>95.1</ele>
      </trkpt>
      <trkpt lat="35.78697" lon="-78.48476">
        <ele>95.4</ele>
      </trkpt>
      <trkpt lat="35.78719" lon="-78.48445">
        <ele>95.9</ele>
      </trkpt>
      <trkpt lat="35.78732" lon="-78.48423">
        <ele>95.8</ele>
      </trkpt>
      <trkpt lat="35.78735" lon="-78.48419">
        <ele>95.7</ele>
      </trkpt>
      <trkpt lat="35.78738" lon="-78.48415">
        <ele>95.7</ele>
      </trkpt>
      <trkpt lat="35.7874" lon="-78.48411">
        <ele>95.8</ele>
      </trkpt>
      <trkpt lat="35.7874" lon="-78.4841">
        <ele>95.8</ele>
      </trkpt>
      <trkpt lat="35.78744" lon="-78.48404">
        <ele>95.8</ele>
      </trkpt>
      <trkpt lat="35.78753" lon="-78.48389">
        <ele>95.6</ele>
      </trkpt>
      <trkpt lat="35.78756" lon="-78.48383">
        <ele>95.5</ele>
      </trkpt>
      <trkpt lat="35.78762" lon="-78.48374">
        <ele>95.4</ele>
      </trkpt>
      <trkpt lat="35.78767" lon="-78.48365">
        <ele>95.3</ele>
      </trkpt>
      <trkpt lat="35.78774" lon="-78.48353">
        <ele>95.0</ele>
      </trkpt>
      <trkpt lat="35.78782" lon="-78.48335">
        <ele>94.6</ele>
      </trkpt>
      <trkpt lat="35.78786" lon="-78.48324">
        <ele>94.4</ele>
      </trkpt>
      <trkpt lat="35.78789" lon="-78.48313">
        <ele>94.1</ele>
      </trkpt>
      <trkpt lat="35.7879" lon="-78.48306">
        <ele>93.8</ele>
      </trkpt>
      <trkpt lat="35.78792" lon="-78.48297">
        <ele>93.7</ele>
      </trkpt>
      <trkpt lat="35.78792" lon="-78.48291">
        <ele>93.9</ele>
      </trkpt>
      <trkpt lat="35.78792" lon="-78.48289">
        <ele>93.9</ele>
      </trkpt>
      <trkpt lat="35.78793" lon="-78.48288">
        <ele>93.9</ele>
      </trkpt>
      <trkpt lat="35.78793" lon="-78.48281">
        <ele>94.1</ele>
      </trkpt>
      <trkpt lat="35.78794" lon="-78.48267">
        <ele>94.3</ele>
      </trkpt>
      <trkpt lat="35.78793" lon="-78.48256">
        <ele>94.3</ele>
      </trkpt>
      <trkpt lat="35.78793" lon="-78.48244">
        <ele>94.4</ele>
      </trkpt>
      <trkpt lat="35.78792" lon="-78.48231">
        <ele>94.9</ele>
      </trkpt>
      <trkpt lat="35.78788" lon="-78.48205">
        <ele>95.6</ele>
      </trkpt>
      <trkpt lat="35.78787" lon="-78.48191">
        <ele>95.8</ele>
      </trkpt>
      <trkpt lat="35.78787" lon="-78.48191">
        <ele>95.8</ele>
      </trkpt>
      <trkpt lat="35.78784" lon="-78.48156">
        <ele>95.6</ele>
      </trkpt>
      <trkpt lat="35.7885" lon="-78.48118">
        <ele>93.6</ele>
      </trkpt>
      <trkpt lat="35.78916" lon="-78.4808">
        <ele>94.2</ele>
      </trkpt>
      <trkpt lat="35.78998" lon="-78.48035">
        <ele>92.1</ele>
      </trkpt>
      <trkpt lat="35.79079" lon="-78.4799">
        <ele>93.9</ele>
      </trkpt>
      <trkpt lat="35.79161" lon="-78.47946">
        <ele>99.1</ele>
      </trkpt>
      <trkpt lat="35.7923" lon="-78.47908">
        <ele>103.1</ele>
      </trkpt>
      <trkpt lat="35.793" lon="-78.47869">
        <ele>105.8</ele>
      </trkpt>
      <trkpt lat="35.79369" lon="-78.47831">
        <ele>106.7</ele>
      </trkpt>
      <trkpt lat="35.79438" lon="-78.47793">
        <ele>106.0</ele>
      </trkpt>
      <trkpt lat="35.79489" lon="-78.47765">
        <ele>103.1</ele>
      </trkpt>
      <trkpt lat="35.79451" lon="-78.47665">
        <ele>106.0</ele>
      </trkpt>
      <trkpt lat="35.79391" lon="-78.47699">
        <ele>107.1</ele>
      </trkpt>
      <trkpt lat="35.79344" lon="-78.47728">
        <ele>106.1</ele>
      </trkpt>
      <trkpt lat="35.79344" lon="-78.47728">
        <ele>106.1</ele>
      </trkpt>
      <trkpt lat="35.79329" lon="-78.47738">
        <ele>105.7</ele>
      </trkpt>
      <trkpt lat="35.79286" lon="-78.47765">
        <ele>104.9</ele>
      </trkpt>
      <trkpt lat="35.79244" lon="-78.47792">
        <ele>104.1</ele>
      </trkpt>
      <trkpt lat="35.79198" lon="-78.4781">
        <ele>102.2</ele>
      </trkpt>
      <trkpt lat="35.79124" lon="-78.47831">
        <ele>99.7</ele>
      </trkpt>
      <trkpt lat="35.79103" lon="-78.47839">
        <ele>99.1</ele>
      </trkpt>
      <trkpt lat="35.7905" lon="-78.47868">
        <ele>97.2</ele>
      </trkpt>
      <trkpt lat="35.78996" lon="-78.47897">
        <ele>97.0</ele>
      </trkpt>
      <trkpt lat="35.78987" lon="-78.47871">
        <ele>98.4</ele>
      </trkpt>
      <trkpt lat="35.7898" lon="-78.47847">
        <ele>98.8</ele>
      </trkpt>
      <trkpt lat="35.78977" lon="-78.47836">
        <ele>99.0</ele>
      </trkpt>
      <trkpt lat="35.78974" lon="-78.47799">
        <ele>99.2</ele>
      </trkpt>
      <trkpt lat="35.78972" lon="-78.47711">
        <ele>94.9</ele>
      </trkpt>
      <trkpt lat="35.78905" lon="-78.47714">
        <ele>93.0</ele>
      </trkpt>
      <trkpt lat="35.78829" lon="-78.47718">
        <ele>94.1</ele>
      </trkpt>
      <trkpt lat="35.78754" lon="-78.47722">
        <ele>95.0</ele>
      </trkpt>
      <trkpt lat="35.78678" lon="-78.47725">
        <ele>93.6</ele>
      </trkpt>
      <trkpt lat="35.78678" lon="-78.47725">
        <ele>93.6</ele>
      </trkpt>
      <trkpt lat="35.78624" lon="-78.47728">
        <ele>92.8</ele>
      </trkpt>
      <trkpt lat="35.78571" lon="-78.47731">
        <ele>91.8</ele>
      </trkpt>
      <trkpt lat="35.7857" lon="-78.47786">
        <ele>93.4</ele>
      </trkpt>
      <trkpt lat="35.78569" lon="-78.47842">
        <ele>95.2</ele>
      </trkpt>
      <trkpt lat="35.78559" lon="-78.47845">
        <ele>95.4</ele>
      </trkpt>
      <trkpt lat="35.78549" lon="-78.47851">
        <ele>95.6</ele>
      </trkpt>
      <trkpt lat="35.78495" lon="-78.47798">
        <ele>93.1</ele>
      </trkpt>
      <trkpt lat="35.78441" lon="-78.47745">
        <ele>92.1</ele>
      </trkpt>
      <trkpt lat="35.78387" lon="-78.47691">
        <ele>92.2</ele>
      </trkpt>
      <trkpt lat="35.78333" lon="-78.47638">
        <ele>91.7</ele>
      </trkpt>
      <trkpt lat="35.78266" lon="-78.47577">
        <ele>89.9</ele>
      </trkpt>
      <trkpt lat="35.78199" lon="-78.47516">
        <ele>87.3</ele>
      </trkpt>
      <trkpt lat="35.78156" lon="-78.47478">
        <ele>85.5</ele>
      </trkpt>
      <trkpt lat="35.7813" lon="-78.47445">
        <ele>84.9</ele>
      </trkpt>
      <trkpt lat="35.78123" lon="-78.47433">
        <ele>84.6</ele>
      </trkpt>
      <trkpt lat="35.78109" lon="-78.47405">
        <ele>83.9</ele>
      </trkpt>
      <trkpt lat="35.78095" lon="-78.47361">
        <ele>81.4</ele>
      </trkpt>
      <trkpt lat="35.78094" lon="-78.47351">
        <ele>80.6</ele>
      </trkpt>
      <trkpt lat="35.78087" lon="-78.47284">
        <ele>78.2</ele>
      </trkpt>
      <trkpt lat="35.78087" lon="-78.47267">
        <ele>77.7</ele>
      </trkpt>
      <trkpt lat="35.78007" lon="-78.47274">
        <ele>81.7</ele>
      </trkpt>
      <trkpt lat="35.77942" lon="-78.47282">
        <ele>78.3</ele>
      </trkpt>
      <trkpt lat="35.77907" lon="-78.47295">
        <ele>78.7</ele>
      </trkpt>
      <trkpt lat="35.77861" lon="-78.47316">
        <ele>77.0</ele>
      </trkpt>
      <trkpt lat="35.77813" lon="-78.47356">
        <ele>78.5</ele>
      </trkpt>
      <trkpt lat="35.77786" lon="-78.47383">
        <ele>79.0</ele>
      </trkpt>
      <trkpt lat="35.77765" lon="-78.47413">
        <ele>79.1</ele>
      </trkpt>
      <trkpt lat="35.77717" lon="-78.47491">
        <ele>75.6</ele>
      </trkpt>
      <trkpt lat="35.77673" lon="-78.47566">
        <ele>73.2</ele>
      </trkpt>
      <trkpt lat="35.77628" lon="-78.4764">
        <ele>79.2</ele>
      </trkpt>
      <trkpt lat="35.77628" lon="-78.4764">
        <ele>79.2</ele>
      </trkpt>
      <trkpt lat="35.77595" lon="-78.47693">
        <ele>77.9</ele>
      </trkpt>
      <trkpt lat="35.77605" lon="-78.47702">
        <ele>77.9</ele>
      </trkpt>
      <trkpt lat="35.77658" lon="-78.47744">
        <ele>80.3</ele>
      </trkpt>
      <trkpt lat="35.77679" lon="-78.47758">
        <ele>81.1</ele>
      </trkpt>
      <trkpt lat="35.77716" lon="-78.47775">
        <ele>82.5</ele>
      </trkpt>
      <trkpt lat="35.77787" lon="-78.47802">
        <ele>84.1</ele>
      </trkpt>
      <trkpt lat="35.77859" lon="-78.4783">
        <ele>85.7</ele>
      </trkpt>
      <trkpt lat="35.7788" lon="-78.47836">
        <ele>85.4</ele>
      </trkpt>
      <trkpt lat="35.77915" lon="-78.47844">
        <ele>84.8</ele>
      </trkpt>
      <trkpt lat="35.77948" lon="-78.47846">
        <ele>86.0</ele>
      </trkpt>
      <trkpt lat="35.77971" lon="-78.47845">
        <ele>86.4</ele>
      </trkpt>
      <trkpt lat="35.78053" lon="-78.47835">
        <ele>88.4</ele>
      </trkpt>
      <trkpt lat="35.78066" lon="-78.47835">
        <ele>88.6</ele>
      </trkpt>
      <trkpt lat="35.78099" lon="-78.47838">
        <ele>89.2</ele>
      </trkpt>
      <trkpt lat="35.78122" lon="-78.47843">
        <ele>89.7</ele>
      </trkpt>
      <trkpt lat="35.78122" lon="-78.47843">
        <ele>89.7</ele>
      </trkpt>
      <trkpt lat="35.7813" lon="-78.47845">
        <ele>89.8</ele>
      </trkpt>
      <trkpt lat="35.78162" lon="-78.47855">
        <ele>90.4</ele>
      </trkpt>
      <trkpt lat="35.78226" lon="-78.47885">
        <ele>89.6</ele>
      </trkpt>
      <trkpt lat="35.78291" lon="-78.47914">
        <ele>89.1</ele>
      </trkpt>
      <trkpt lat="35.78355" lon="-78.47944">
        <ele>91.8</ele>
      </trkpt>
      <trkpt lat="35.78412" lon="-78.47976">
        <ele>92.6</ele>
      </trkpt>
      <trkpt lat="35.78469" lon="-78.48007">
        <ele>91.6</ele>
      </trkpt>
      <trkpt lat="35.78469" lon="-78.48007">
        <ele>91.6</ele>
      </trkpt>
      <trkpt lat="35.7851" lon="-78.48032">
        <ele>90.4</ele>
      </trkpt>
      <trkpt lat="35.78551" lon="-78.48056">
        <ele>90.9</ele>
      </trkpt>
      <trkpt lat="35.78593" lon="-78.48086">
        <ele>93.4</ele>
      </trkpt>
      <trkpt lat="35.78617" lon="-78.48105">
        <ele>94.8</ele>
      </trkpt>
      <trkpt lat="35.78652" lon="-78.48135">
        <ele>95.2</ele>
      </trkpt>
      <trkpt lat="35.78695" lon="-78.48175">
        <ele>95.1</ele>
      </trkpt>
      <trkpt lat="35.78718" lon="-78.48193">
        <ele>96.1</ele>
      </trkpt>
      <trkpt lat="35.78729" lon="-78.48201">
        <ele>96.4</ele>
      </trkpt>
      <trkpt lat="35.78757" lon="-78.48216">
        <ele>96.4</ele>
      </trkpt>
      <trkpt lat="35.78757" lon="-78.48215">
        <ele>96.4</ele>
      </trkpt>
      <trkpt lat="35.78757" lon="-78.48215">
        <ele>96.4</ele>
      </trkpt>
      <trkpt lat="35.78763" lon="-78.48218">
        <ele>96.2</ele>
      </trkpt>
      <trkpt lat="35.78792" lon="-78.48231">
        <ele>94.9</ele>
      </trkpt>
      <trkpt lat="35.78792" lon="-78.48231">
        <ele>94.9</ele>
      </trkpt>
      <trkpt lat="35.78793" lon="-78.48244">
        <ele>94.4</ele>
      </trkpt>
      <trkpt lat="35.78793" lon="-78.48256">
        <ele>94.3</ele>
      </trkpt>
      <trkpt lat="35.78794" lon="-78.48267">
        <ele>94.3</ele>
      </trkpt>
      <trkpt lat="35.78793" lon="-78.48281">
        <ele>94.1</ele>
      </trkpt>
      <trkpt lat="35.78793" lon="-78.48288">
        <ele>93.9</ele>
      </trkpt>
      <trkpt lat="35.78792" lon="-78.48289">
        <ele>93.9</ele>
      </trkpt>
      <trkpt lat="35.78792" lon="-78.48291">
        <ele>93.9</ele>
      </trkpt>
      <trkpt lat="35.78792" lon="-78.48297">
        <ele>93.7</ele>
      </trkpt>
      <trkpt lat="35.7879" lon="-78.48306">
        <ele>93.8</ele>
      </trkpt>
      <trkpt lat="35.7879" lon="-78.48306">
        <ele>93.8</ele>
      </trkpt>
      <trkpt lat="35.78789" lon="-78.48313">
        <ele>94.1</ele>
      </trkpt>
      <trkpt lat="35.78786" lon="-78.48324">
        <ele>94.4</ele>
      </trkpt>
      <trkpt lat="35.78782" lon="-78.48335">
        <ele>94.6</ele>
      </trkpt>
      <trkpt lat="35.78774" lon="-78.48353">
        <ele>95.0</ele>
      </trkpt>
      <trkpt lat="35.78767" lon="-78.48365">
        <ele>95.3</ele>
      </trkpt>
      <trkpt lat="35.78762" lon="-78.48374">
        <ele>95.4</ele>
      </trkpt>
      <trkpt lat="35.78756" lon="-78.48383">
        <ele>95.5</ele>
      </trkpt>
      <trkpt lat="35.78753" lon="-78.48389">
        <ele>95.6</ele>
      </trkpt>
      <trkpt lat="35.78744" lon="-78.48404">
        <ele>95.8</ele>
      </trkpt>
      <trkpt lat="35.7874" lon="-78.4841">
        <ele>95.8</ele>
      </trkpt>
      <trkpt lat="35.7874" lon="-78.48411">
        <ele>95.8</ele>
      </trkpt>
      <trkpt lat="35.78738" lon="-78.48415">
        <ele>95.7</ele>
      </trkpt>
      <trkpt lat="35.78735" lon="-78.48419">
        <ele>95.7</ele>
      </trkpt>
      <trkpt lat="35.78732" lon="-78.48423">
        <ele>95.8</ele>
      </trkpt>
      <trkpt lat="35.78719" lon="-78.48445">
        <ele>95.9</ele>
      </trkpt>
      <trkpt lat="35.78697" lon="-78.48476">
        <ele>95.4</ele>
      </trkpt>
      <trkpt lat="35.7868" lon="-78.485">
        <ele>95.1</ele>
      </trkpt>
      <trkpt lat="35.78674" lon="-78.48509">
        <ele>95.0</ele>
      </trkpt>
      <trkpt lat="35.78666" lon="-78.4852">
        <ele>95.0</ele>
      </trkpt>
      <trkpt lat="35.78661" lon="-78.48528">
        <ele>94.9</ele>
      </trkpt>
      <trkpt lat="35.78656" lon="-78.48535">
        <ele>94.9</ele>
      </trkpt>
      <trkpt lat="35.78652" lon="-78.48539">
        <ele>94.8</ele>
      </trkpt>
      <trkpt lat="35.78636" lon="-78.48559">
        <ele>94.5</ele>
      </trkpt>
      <trkpt lat="35.78628" lon="-78.48562">
        <ele>94.4</ele>
      </trkpt>
      <trkpt lat="35.78623" lon="-78.48563">
        <ele>94.3</ele>
      </trkpt>
      <trkpt lat="35.78618" lon="-78.48564">
        <ele>94.2</ele>
      </trkpt>
      <trkpt lat="35.78611" lon="-78.48565">
        <ele>94.1</ele>
      </trkpt>
      <trkpt lat="35.78595" lon="-78.48572">
        <ele>94.0</ele>
      </trkpt>
      <trkpt lat="35.78595" lon="-78.48572">
        <ele>94.0</ele>
      </trkpt>
      <trkpt lat="35.78576" lon="-78.48579">
        <ele>93.8</ele>
      </trkpt>
      <trkpt lat="35.78553" lon="-78.48589">
        <ele>93.9</ele>
      </trkpt>
      <trkpt lat="35.78548" lon="-78.48591">
        <ele>93.9</ele>
      </trkpt>
      <trkpt lat="35.78527" lon="-78.48602">
        <ele>94.0</ele>
      </trkpt>
      <trkpt lat="35.78513" lon="-78.4861">
        <ele>94.2</ele>
      </trkpt>
      <trkpt lat="35.78486" lon="-78.48626">
        <ele>94.3</ele>
      </trkpt>
      <trkpt lat="35.78479" lon="-78.48632">
        <ele>94.3</ele>
      </trkpt>
      <trkpt lat="35.78472" lon="-78.48637">
        <ele>94.3</ele>
      </trkpt>
      <trkpt lat="35.78458" lon="-78.48647">
        <ele>94.2</ele>
      </trkpt>
      <trkpt lat="35.78414" lon="-78.48678">
        <ele>93.8</ele>
      </trkpt>
      <trkpt lat="35.78379" lon="-78.48703">
        <ele>93.7</ele>
      </trkpt>
      <trkpt lat="35.78372" lon="-78.48709">
        <ele>93.7</ele>
      </trkpt>
      <trkpt lat="35.78358" lon="-78.48721">
        <ele>93.7</ele>
      </trkpt>
      <trkpt lat="35.78331" lon="-78.48741">
        <ele>93.7</ele>
      </trkpt>
      <trkpt lat="35.7833" lon="-78.48742">
        <ele>93.7</ele>
      </trkpt>
      <trkpt lat="35.78307" lon="-78.4876">
        <ele>93.7</ele>
      </trkpt>
      <trkpt lat="35.78306" lon="-78.48762">
        <ele>93.6</ele>
      </trkpt>
      <trkpt lat="35.78292" lon="-78.48772">
        <ele>93.8</ele>
      </trkpt>
      <trkpt lat="35.78265" lon="-78.48794">
        <ele>94.1</ele>
      </trkpt>
      <trkpt lat="35.78257" lon="-78.48801">
        <ele>94.2</ele>
      </trkpt>
      <trkpt lat="35.78234" lon="-78.48819">
        <ele>94.3</ele>
      </trkpt>
      <trkpt lat="35.78218" lon="-78.48831">
        <ele>94.4</ele>
      </trkpt>
      <trkpt lat="35.78206" lon="-78.4884">
        <ele>94.4</ele>
      </trkpt>
      <trkpt lat="35.78198" lon="-78.48847">
        <ele>94.4</ele>
      </trkpt>
      <trkpt lat="35.78194" lon="-78.48849">
        <ele>94.4</ele>
      </trkpt>
      <trkpt lat="35.78174" lon="-78.48865">
        <ele>94.5</ele>
      </trkpt>
      <trkpt lat="35.78166" lon="-78.4887">
        <ele>94.6</ele>
      </trkpt>
      <trkpt lat="35.78158" lon="-78.48877">
        <ele>94.6</ele>
      </trkpt>
      <trkpt lat="35.7815" lon="-78.48883">
        <ele>94.6</ele>
      </trkpt>
      <trkpt lat="35.78143" lon="-78.48888">
        <ele>94.7</ele>
      </trkpt>
      <trkpt lat="35.78103" lon="-78.4892">
        <ele>95.5</ele>
      </trkpt>
      <trkpt lat="35.78088" lon="-78.4893">
        <ele>95.7</ele>
      </trkpt>
      <trkpt lat="35.78084" lon="-78.48933">
        <ele>95.8</ele>
      </trkpt>
      <trkpt lat="35.78077" lon="-78.48939">
        <ele>96.0</ele>
      </trkpt>
      <trkpt lat="35.78069" lon="-78.48944">
        <ele>96.1</ele>
      </trkpt>
      <trkpt lat="35.78063" lon="-78.48949">
        <ele>96.3</ele>
      </trkpt>
      <trkpt lat="35.78062" lon="-78.48949">
        <ele>96.3</ele>
      </trkpt>
      <trkpt lat="35.78051" lon="-78.48956">
        <ele>96.4</ele>
      </trkpt>
      <trkpt lat="35.78046" lon="-78.48958">
        <ele>96.5</ele>
      </trkpt>
      <trkpt lat="35.78041" lon="-78.48962">
        <ele>96.6</ele>
      </trkpt>
      <trkpt lat="35.78034" lon="-78.48965">
        <ele>96.7</ele>
      </trkpt>
      <trkpt lat="35.78032" lon="-78.48967">
        <ele>96.7</ele>
      </trkpt>
      <trkpt lat="35.7803" lon="-78.48967">
        <ele>96.8</ele>
      </trkpt>
      <trkpt lat="35.78027" lon="-78.48969">
        <ele>96.8</ele>
      </trkpt>
      <trkpt lat="35.78018" lon="-78.48973">
        <ele>96.8</ele>
      </trkpt>
      <trkpt lat="35.78017" lon="-78.48974">
        <ele>96.8</ele>
      </trkpt>
      <trkpt lat="35.78011" lon="-78.48976">
        <ele>96.8</ele>
      </trkpt>
      <trkpt lat="35.77985" lon="-78.48988">
        <ele>96.8</ele>
      </trkpt>
      <trkpt lat="35.77977" lon="-78.48991">
        <ele>96.7</ele>
      </trkpt>
      <trkpt lat="35.77961" lon="-78.48998">
        <ele>96.6</ele>
      </trkpt>
      <trkpt lat="35.77945" lon="-78.49005">
        <ele>96.5</ele>
      </trkpt>
      <trkpt lat="35.77932" lon="-78.4901">
        <ele>96.5</ele>
      </trkpt>
      <trkpt lat="35.77859" lon="-78.49038">
        <ele>97.3</ele>
      </trkpt>
      <trkpt lat="35.77826" lon="-78.49042">
        <ele>97.6</ele>
      </trkpt>
      <trkpt lat="35.77823" lon="-78.49042">
        <ele>97.6</ele>
      </trkpt>
      <trkpt lat="35.77807" lon="-78.49042">
        <ele>97.3</ele>
      </trkpt>
      <trkpt lat="35.77803" lon="-78.49041">
        <ele>97.3</ele>
      </trkpt>
      <trkpt lat="35.77799" lon="-78.49041">
        <ele>97.2</ele>
      </trkpt>
      <trkpt lat="35.77772" lon="-78.49039">
        <ele>97.0</ele>
      </trkpt>
      <trkpt lat="35.77734" lon="-78.49035">
        <ele>96.7</ele>
      </trkpt>
      <trkpt lat="35.77727" lon="-78.49035">
        <ele>96.6</ele>
      </trkpt>
      <trkpt lat="35.77713" lon="-78.49034">
        <ele>96.4</ele>
      </trkpt>
      <trkpt lat="35.77693" lon="-78.49031">
        <ele>96.4</ele>
      </trkpt>
      <trkpt lat="35.77644" lon="-78.49025">
        <ele>95.9</ele>
      </trkpt>
      <trkpt lat="35.77618" lon="-78.4902">
        <ele>95.6</ele>
      </trkpt>
      <trkpt lat="35.77591" lon="-78.49013">
        <ele>95.2</ele>
      </trkpt>
      <trkpt lat="35.77556" lon="-78.48999">
        <ele>94.9</ele>
      </trkpt>
      <trkpt lat="35.7754" lon="-78.48991">
        <ele>94.5</ele>
      </trkpt>
      <trkpt lat="35.77508" lon="-78.48975">
        <ele>94.2</ele>
      </trkpt>
      <trkpt lat="35.77504" lon="-78.48973">
        <ele>94.2</ele>
      </trkpt>
      <trkpt lat="35.77468" lon="-78.48953">
        <ele>94.0</ele>
      </trkpt>
      <trkpt lat="35.77425" lon="-78.48931">
        <ele>94.4</ele>
      </trkpt>
      <trkpt lat="35.77418" lon="-78.48927">
        <ele>94.4</ele>
      </trkpt>
      <trkpt lat="35.77407" lon="-78.48921">
        <ele>94.3</ele>
      </trkpt>
      <trkpt lat="35.7738" lon="-78.48907">
        <ele>94.2</ele>
      </trkpt>
      <trkpt lat="35.7735" lon="-78.48891">
        <ele>93.7</ele>
      </trkpt>
      <trkpt lat="35.77344" lon="-78.48887">
        <ele>93.7</ele>
      </trkpt>
      <trkpt lat="35.77341" lon="-78.48886">
        <ele>93.7</ele>
      </trkpt>
      <trkpt lat="35.77312" lon="-78.48874">
        <ele>93.5</ele>
      </trkpt>
      <trkpt lat="35.77303" lon="-78.48871">
        <ele>93.3</ele>
      </trkpt>
      <trkpt lat="35.77294" lon="-78.48868">
        <ele>93.3</ele>
      </trkpt>
      <trkpt lat="35.77271" lon="-78.48864">
        <ele>93.1</ele>
      </trkpt>
      <trkpt lat="35.77265" lon="-78.48863">
        <ele>93.1</ele>
      </trkpt>
      <trkpt lat="35.77258" lon="-78.48863">
        <ele>93.1</ele>
      </trkpt>
      <trkpt lat="35.77254" lon="-78.48863">
        <ele>93.1</ele>
      </trkpt>
      <trkpt lat="35.77247" lon="-78.48863">
        <ele>93.1</ele>
      </trkpt>
      <trkpt lat="35.77243" lon="-78.48862">
        <ele>93.1</ele>
      </trkpt>
      <trkpt lat="35.77239" lon="-78.48862">
        <ele>93.2</ele>
      </trkpt>
      <trkpt lat="35.7723" lon="-78.48862">
        <ele>93.2</ele>
      </trkpt>
      <trkpt lat="35.77208" lon="-78.48863">
        <ele>92.9</ele>
      </trkpt>
      <trkpt lat="35.77165" lon="-78.48864">
        <ele>92.7</ele>
      </trkpt>
      <trkpt lat="35.77093" lon="-78.48866">
        <ele>92.4</ele>
      </trkpt>
      <trkpt lat="35.7709" lon="-78.48866">
        <ele>92.4</ele>
      </trkpt>
      <trkpt lat="35.77055" lon="-78.48867">
        <ele>92.6</ele>
      </trkpt>
      <trkpt lat="35.77008" lon="-78.48869">
        <ele>93.3</ele>
      </trkpt>
      <trkpt lat="35.76995" lon="-78.48868">
        <ele>93.5</ele>
      </trkpt>
      <trkpt lat="35.76987" lon="-78.48868">
        <ele>93.5</ele>
      </trkpt>
      <trkpt lat="35.76985" lon="-78.48868">
        <ele>93.5</ele>
      </trkpt>
      <trkpt lat="35.76983" lon="-78.48868">
        <ele>93.6</ele>
      </trkpt>
      <trkpt lat="35.76981" lon="-78.48868">
        <ele>93.6</ele>
      </trkpt>
      <trkpt lat="35.76965" lon="-78.48867">
        <ele>93.5</ele>
      </trkpt>
      <trkpt lat="35.76959" lon="-78.48866">
        <ele>93.4</ele>
      </trkpt>
      <trkpt lat="35.76955" lon="-78.48866">
        <ele>93.4</ele>
      </trkpt>
      <trkpt lat="35.76946" lon="-78.48864">
        <ele>93.3</ele>
      </trkpt>
      <trkpt lat="35.76934" lon="-78.48861">
        <ele>93.0</ele>
      </trkpt>
      <trkpt lat="35.76925" lon="-78.48858">
        <ele>92.9</ele>
      </trkpt>
      <trkpt lat="35.76918" lon="-78.48855">
        <ele>92.8</ele>
      </trkpt>
      <trkpt lat="35.76912" lon="-78.48853">
        <ele>92.8</ele>
      </trkpt>
      <trkpt lat="35.76906" lon="-78.4885">
        <ele>92.7</ele>
      </trkpt>
      <trkpt lat="35.76903" lon="-78.48848">
        <ele>92.7</ele>
      </trkpt>
      <trkpt lat="35.76893" lon="-78.48843">
        <ele>92.8</ele>
      </trkpt>
      <trkpt lat="35.76878" lon="-78.48834">
        <ele>93.2</ele>
      </trkpt>
      <trkpt lat="35.76866" lon="-78.48826">
        <ele>93.5</ele>
      </trkpt>
      <trkpt lat="35.76859" lon="-78.4882">
        <ele>93.6</ele>
      </trkpt>
      <trkpt lat="35.76845" lon="-78.4881">
        <ele>93.7</ele>
      </trkpt>
      <trkpt lat="35.76839" lon="-78.48806">
        <ele>93.7</ele>
      </trkpt>
      <trkpt lat="35.76832" lon="-78.48801">
        <ele>93.7</ele>
      </trkpt>
      <trkpt lat="35.7682" lon="-78.48792">
        <ele>93.6</ele>
      </trkpt>
      <trkpt lat="35.76814" lon="-78.48788">
        <ele>93.7</ele>
      </trkpt>
      <trkpt lat="35.76799" lon="-78.48776">
        <ele>93.3</ele>
      </trkpt>
      <trkpt lat="35.76782" lon="-78.48764">
        <ele>93.2</ele>
      </trkpt>
      <trkpt lat="35.76762" lon="-78.48748">
        <ele>93.2</ele>
      </trkpt>
      <trkpt lat="35.76746" lon="-78.48737">
        <ele>93.3</ele>
      </trkpt>
      <trkpt lat="35.76732" lon="-78.48725">
        <ele>93.4</ele>
      </trkpt>
      <trkpt lat="35.76731" lon="-78.48725">
        <ele>93.4</ele>
      </trkpt>
      <trkpt lat="35.7673" lon="-78.48724">
        <ele>93.4</ele>
      </trkpt>
      <trkpt lat="35.76716" lon="-78.48713">
        <ele>93.5</ele>
      </trkpt>
      <trkpt lat="35.76707" lon="-78.48706">
        <ele>93.6</ele>
      </trkpt>
      <trkpt lat="35.76706" lon="-78.48705">
        <ele>93.6</ele>
      </trkpt>
      <trkpt lat="35.76703" lon="-78.48703">
        <ele>93.7</ele>
      </trkpt>
      <trkpt lat="35.76701" lon="-78.48701">
        <ele>93.7</ele>
      </trkpt>
      <trkpt lat="35.76699" lon="-78.487">
        <ele>93.7</ele>
      </trkpt>
      <trkpt lat="35.76672" lon="-78.4868">
        <ele>93.9</ele>
      </trkpt>
      <trkpt lat="35.76622" lon="-78.48642">
        <ele>94.4</ele>
      </trkpt>
      <trkpt lat="35.766" lon="-78.48627">
        <ele>94.7</ele>
      </trkpt>
      <trkpt lat="35.76599" lon="-78.48627">
        <ele>94.7</ele>
      </trkpt>
      <trkpt lat="35.76598" lon="-78.48626">
        <ele>94.7</ele>
      </trkpt>
      <trkpt lat="35.76579" lon="-78.48615">
        <ele>94.7</ele>
      </trkpt>
      <trkpt lat="35.76571" lon="-78.48611">
        <ele>94.7</ele>
      </trkpt>
      <trkpt lat="35.76569" lon="-78.4861">
        <ele>94.7</ele>
      </trkpt>
      <trkpt lat="35.76567" lon="-78.48608">
        <ele>94.7</ele>
      </trkpt>
      <trkpt lat="35.76555" lon="-78.48602">
        <ele>94.7</ele>
      </trkpt>
      <trkpt lat="35.76532" lon="-78.48592">
        <ele>95.0</ele>
      </trkpt>
      <trkpt lat="35.7652" lon="-78.48586">
        <ele>95.1</ele>
      </trkpt>
      <trkpt lat="35.76489" lon="-78.48575">
        <ele>95.7</ele>
      </trkpt>
      <trkpt lat="35.76482" lon="-78.48572">
        <ele>95.8</ele>
      </trkpt>
      <trkpt lat="35.76468" lon="-78.48567">
        <ele>96.1</ele>
      </trkpt>
      <trkpt lat="35.76467" lon="-78.48567">
        <ele>96.1</ele>
      </trkpt>
      <trkpt lat="35.76447" lon="-78.48562">
        <ele>96.3</ele>
      </trkpt>
      <trkpt lat="35.76429" lon="-78.48557">
        <ele>96.4</ele>
      </trkpt>
      <trkpt lat="35.76414" lon="-78.48553">
        <ele>96.5</ele>
      </trkpt>
      <trkpt lat="35.76413" lon="-78.48552">
        <ele>96.5</ele>
      </trkpt>
      <trkpt lat="35.76412" lon="-78.48552">
        <ele>96.5</ele>
      </trkpt>
      <trkpt lat="35.76412" lon="-78.48552">
        <ele>96.5</ele>
      </trkpt>
      <trkpt lat="35.76359" lon="-78.4854">
        <ele>95.4</ele>
      </trkpt>
      <trkpt lat="35.76325" lon="-78.48533">
        <ele>95.0</ele>
      </trkpt>
      <trkpt lat="35.76308" lon="-78.48529">
        <ele>94.8</ele>
      </trkpt>
      <trkpt lat="35.76298" lon="-78.48527">
        <ele>94.9</ele>
      </trkpt>
      <trkpt lat="35.76272" lon="-78.48521">
        <ele>95.6</ele>
      </trkpt>
      <trkpt lat="35.76222" lon="-78.48509">
        <ele>96.5</ele>
      </trkpt>
      <trkpt lat="35.76204" lon="-78.48505">
        <ele>96.5</ele>
      </trkpt>
      <trkpt lat="35.76159" lon="-78.48495">
        <ele>96.8</ele>
      </trkpt>
      <trkpt lat="35.76153" lon="-78.48494">
        <ele>96.7</ele>
      </trkpt>
      <trkpt lat="35.76145" lon="-78.48492">
        <ele>96.6</ele>
      </trkpt>
      <trkpt lat="35.76118" lon="-78.48486">
        <ele>96.4</ele>
      </trkpt>
      <trkpt lat="35.76065" lon="-78.48475">
        <ele>95.9</ele>
      </trkpt>
      <trkpt lat="35.76047" lon="-78.48471">
        <ele>95.7</ele>
      </trkpt>
      <trkpt lat="35.75989" lon="-78.48458">
        <ele>95.1</ele>
      </trkpt>
      <trkpt lat="35.75984" lon="-78.48457">
        <ele>95.0</ele>
      </trkpt>
      <trkpt lat="35.75954" lon="-78.48451">
        <ele>94.6</ele>
      </trkpt>
      <trkpt lat="35.75901" lon="-78.48439">
        <ele>94.0</ele>
      </trkpt>
      <trkpt lat="35.75879" lon="-78.48434">
        <ele>93.7</ele>
      </trkpt>
      <trkpt lat="35.75826" lon="-78.48423">
        <ele>92.7</ele>
      </trkpt>
      <trkpt lat="35.75773" lon="-78.48411">
        <ele>91.9</ele>
      </trkpt>
      <trkpt lat="35.75738" lon="-78.48403">
        <ele>91.5</ele>
      </trkpt>
      <trkpt lat="35.75716" lon="-78.48399">
        <ele>91.2</ele>
      </trkpt>
      <trkpt lat="35.75712" lon="-78.48398">
        <ele>91.1</ele>
      </trkpt>
      <trkpt lat="35.75679" lon="-78.48391">
        <ele>90.7</ele>
      </trkpt>
      <trkpt lat="35.7566" lon="-78.48386">
        <ele>90.6</ele>
      </trkpt>
      <trkpt lat="35.75625" lon="-78.48379">
        <ele>90.3</ele>
      </trkpt>
      <trkpt lat="35.75565" lon="-78.48366">
        <ele>90.6</ele>
      </trkpt>
      <trkpt lat="35.75553" lon="-78.48364">
        <ele>90.7</ele>
      </trkpt>
      <trkpt lat="35.7553" lon="-78.48359">
        <ele>90.7</ele>
      </trkpt>
      <trkpt lat="35.75506" lon="-78.48355">
        <ele>90.6</ele>
      </trkpt>
      <trkpt lat="35.75493" lon="-78.48352">
        <ele>90.5</ele>
      </trkpt>
      <trkpt lat="35.7544" lon="-78.4834">
        <ele>89.5</ele>
      </trkpt>
      <trkpt lat="35.75405" lon="-78.48332">
        <ele>88.6</ele>
      </trkpt>
      <trkpt lat="35.75373" lon="-78.48325">
        <ele>87.5</ele>
      </trkpt>
      <trkpt lat="35.75356" lon="-78.48321">
        <ele>87.0</ele>
      </trkpt>
      <trkpt lat="35.75333" lon="-78.48316">
        <ele>86.4</ele>
      </trkpt>
      <trkpt lat="35.7528" lon="-78.48304">
        <ele>83.7</ele>
      </trkpt>
      <trkpt lat="35.75262" lon="-78.48301">
        <ele>82.7</ele>
      </trkpt>
      <trkpt lat="35.75245" lon="-78.48297">
        <ele>82.0</ele>
      </trkpt>
      <trkpt lat="35.75227" lon="-78.48293">
        <ele>82.1</ele>
      </trkpt>
      <trkpt lat="35.75191" lon="-78.48286">
        <ele>82.8</ele>
      </trkpt>
      <trkpt lat="35.75174" lon="-78.48282">
        <ele>83.4</ele>
      </trkpt>
      <trkpt lat="35.75145" lon="-78.48276">
        <ele>85.1</ele>
      </trkpt>
      <trkpt lat="35.75131" lon="-78.48273">
        <ele>85.8</ele>
      </trkpt>
      <trkpt lat="35.75124" lon="-78.48272">
        <ele>86.0</ele>
      </trkpt>
      <trkpt lat="35.7512" lon="-78.48272">
        <ele>86.1</ele>
      </trkpt>
      <trkpt lat="35.75114" lon="-78.48271">
        <ele>86.4</ele>
      </trkpt>
      <trkpt lat="35.75112" lon="-78.48271">
        <ele>86.5</ele>
      </trkpt>
      <trkpt lat="35.75106" lon="-78.48271">
        <ele>86.8</ele>
      </trkpt>
      <trkpt lat="35.75102" lon="-78.48271">
        <ele>87.1</ele>
      </trkpt>
      <trkpt lat="35.75098" lon="-78.48272">
        <ele>87.3</ele>
      </trkpt>
      <trkpt lat="35.75089" lon="-78.48272">
        <ele>87.8</ele>
      </trkpt>
      <trkpt lat="35.75084" lon="-78.48276">
        <ele>88.1</ele>
      </trkpt>
      <trkpt lat="35.75082" lon="-78.48276">
        <ele>88.1</ele>
      </trkpt>
      <trkpt lat="35.75078" lon="-78.48276">
        <ele>88.3</ele>
      </trkpt>
      <trkpt lat="35.75071" lon="-78.48276">
        <ele>88.4</ele>
      </trkpt>
      <trkpt lat="35.75067" lon="-78.48276">
        <ele>88.4</ele>
      </trkpt>
      <trkpt lat="35.75056" lon="-78.48275">
        <ele>88.2</ele>
      </trkpt>
      <trkpt lat="35.75051" lon="-78.48274">
        <ele>88.2</ele>
      </trkpt>
      <trkpt lat="35.75036" lon="-78.48272">
        <ele>88.2</ele>
      </trkpt>
      <trkpt lat="35.75034" lon="-78.48272">
        <ele>88.2</ele>
      </trkpt>
      <trkpt lat="35.75027" lon="-78.48271">
        <ele>88.2</ele>
      </trkpt>
      <trkpt lat="35.75015" lon="-78.4827">
        <ele>88.2</ele>
      </trkpt>
      <trkpt lat="35.75013" lon="-78.4827">
        <ele>88.2</ele>
      </trkpt>
      <trkpt lat="35.74997" lon="-78.4827">
        <ele>88.2</ele>
      </trkpt>
      <trkpt lat="35.74989" lon="-78.4827">
        <ele>88.3</ele>
      </trkpt>
      <trkpt lat="35.7498" lon="-78.48271">
        <ele>88.5</ele>
      </trkpt>
      <trkpt lat="35.74968" lon="-78.48272">
        <ele>88.7</ele>
      </trkpt>
      <trkpt lat="35.74964" lon="-78.48272">
        <ele>88.8</ele>
      </trkpt>
      <trkpt lat="35.74932" lon="-78.48276">
        <ele>88.7</ele>
      </trkpt>
      <trkpt lat="35.74906" lon="-78.48279">
        <ele>88.5</ele>
      </trkpt>
      <trkpt lat="35.74883" lon="-78.48282">
        <ele>88.2</ele>
      </trkpt>
      <trkpt lat="35.74833" lon="-78.48287">
        <ele>88.3</ele>
      </trkpt>
      <trkpt lat="35.74809" lon="-78.4829">
        <ele>88.3</ele>
      </trkpt>
      <trkpt lat="35.74807" lon="-78.4829">
        <ele>88.3</ele>
      </trkpt>
      <trkpt lat="35.74806" lon="-78.48291">
        <ele>88.3</ele>
      </trkpt>
      <trkpt lat="35.74784" lon="-78.48294">
        <ele>88.2</ele>
      </trkpt>
      <trkpt lat="35.74778" lon="-78.48294">
        <ele>88.2</ele>
      </trkpt>
      <trkpt lat="35.74768" lon="-78.48296">
        <ele>88.1</ele>
      </trkpt>
      <trkpt lat="35.7476" lon="-78.48298">
        <ele>88.0</ele>
      </trkpt>
      <trkpt lat="35.74753" lon="-78.48299">
        <ele>88.0</ele>
      </trkpt>
      <trkpt lat="35.74735" lon="-78.48303">
        <ele>87.9</ele>
      </trkpt>
      <trkpt lat="35.74732" lon="-78.48304">
        <ele>87.9</ele>
      </trkpt>
      <trkpt lat="35.74726" lon="-78.48305">
        <ele>87.9</ele>
      </trkpt>
      <trkpt lat="35.74707" lon="-78.48309">
        <ele>87.7</ele>
      </trkpt>
      <trkpt lat="35.74697" lon="-78.48311">
        <ele>87.4</ele>
      </trkpt>
      <trkpt lat="35.74688" lon="-78.48313">
        <ele>87.1</ele>
      </trkpt>
      <trkpt lat="35.74668" lon="-78.48317">
        <ele>86.4</ele>
      </trkpt>
      <trkpt lat="35.74644" lon="-78.48323">
        <ele>85.9</ele>
      </trkpt>
      <trkpt lat="35.74636" lon="-78.48325">
        <ele>85.4</ele>
      </trkpt>
      <trkpt lat="35.74621" lon="-78.48328">
        <ele>85.0</ele>
      </trkpt>
      <trkpt lat="35.74597" lon="-78.48333">
        <ele>84.4</ele>
      </trkpt>
      <trkpt lat="35.74589" lon="-78.48335">
        <ele>84.2</ele>
      </trkpt>
      <trkpt lat="35.74573" lon="-78.48339">
        <ele>83.7</ele>
      </trkpt>
      <trkpt lat="35.74541" lon="-78.48345">
        <ele>82.7</ele>
      </trkpt>
      <trkpt lat="35.74498" lon="-78.48355">
        <ele>81.5</ele>
      </trkpt>
      <trkpt lat="35.74493" lon="-78.48356">
        <ele>81.4</ele>
      </trkpt>
      <trkpt lat="35.74488" lon="-78.48357">
        <ele>81.3</ele>
      </trkpt>
      <trkpt lat="35.7448" lon="-78.48359">
        <ele>81.2</ele>
      </trkpt>
      <trkpt lat="35.7447" lon="-78.48361">
        <ele>81.0</ele>
      </trkpt>
      <trkpt lat="35.74452" lon="-78.48365">
        <ele>80.8</ele>
      </trkpt>
      <trkpt lat="35.74436" lon="-78.48369">
        <ele>80.5</ele>
      </trkpt>
      <trkpt lat="35.74434" lon="-78.48369">
        <ele>80.5</ele>
      </trkpt>
      <trkpt lat="35.74427" lon="-78.48371">
        <ele>80.5</ele>
      </trkpt>
      <trkpt lat="35.74422" lon="-78.48372">
        <ele>80.4</ele>
      </trkpt>
      <trkpt lat="35.74417" lon="-78.48373">
        <ele>80.3</ele>
      </trkpt>
      <trkpt lat="35.74388" lon="-78.4838">
        <ele>80.1</ele>
      </trkpt>
      <trkpt lat="35.74364" lon="-78.48385">
        <ele>80.1</ele>
      </trkpt>
      <trkpt lat="35.74356" lon="-78.48387">
        <ele>80.0</ele>
      </trkpt>
      <trkpt lat="35.74352" lon="-78.48388">
        <ele>80.0</ele>
      </trkpt>
      <trkpt lat="35.74346" lon="-78.48389">
        <ele>80.1</ele>
      </trkpt>
      <trkpt lat="35.74319" lon="-78.48395">
        <ele>80.6</ele>
      </trkpt>
      <trkpt lat="35.74293" lon="-78.48401">
        <ele>81.2</ele>
      </trkpt>
      <trkpt lat="35.74285" lon="-78.48402">
        <ele>81.4</ele>
      </trkpt>
      <trkpt lat="35.74281" lon="-78.48403">
        <ele>81.5</ele>
      </trkpt>
      <trkpt lat="35.74275" lon="-78.48405">
        <ele>81.5</ele>
      </trkpt>
      <trkpt lat="35.74265" lon="-78.48407">
        <ele>81.6</ele>
      </trkpt>
      <trkpt lat="35.74258" lon="-78.48409">
        <ele>81.6</ele>
      </trkpt>
      <trkpt lat="35.74236" lon="-78.48415">
        <ele>81.4</ele>
      </trkpt>
      <trkpt lat="35.74221" lon="-78.48419">
        <ele>81.2</ele>
      </trkpt>
      <trkpt lat="35.74221" lon="-78.48419">
        <ele>81.2</ele>
      </trkpt>
      <trkpt lat="35.74224" lon="-78.48427">
        <ele>81.3</ele>
      </trkpt>
      <trkpt lat="35.74236" lon="-78.48459">
        <ele>81.9</ele>
      </trkpt>
      <trkpt lat="35.74237" lon="-78.48461">
        <ele>81.9</ele>
      </trkpt>
      <trkpt lat="35.74242" lon="-78.48476">
        <ele>81.8</ele>
      </trkpt>
      <trkpt lat="35.74244" lon="-78.48479">
        <ele>81.8</ele>
      </trkpt>
      <trkpt lat="35.74248" lon="-78.48491">
        <ele>81.5</ele>
      </trkpt>
      <trkpt lat="35.74255" lon="-78.48504">
        <ele>81.2</ele>
      </trkpt>
      <trkpt lat="35.74262" lon="-78.48518">
        <ele>80.9</ele>
      </trkpt>
      <trkpt lat="35.74262" lon="-78.48518">
        <ele>80.9</ele>
      </trkpt>
      <trkpt lat="35.74268" lon="-78.48528">
        <ele>80.9</ele>
      </trkpt>
      <trkpt lat="35.74272" lon="-78.48535">
        <ele>81.0</ele>
      </trkpt>
      <trkpt lat="35.74283" lon="-78.48553">
        <ele>81.2</ele>
      </trkpt>
      <trkpt lat="35.74288" lon="-78.4856">
        <ele>81.3</ele>
      </trkpt>
      <trkpt lat="35.74295" lon="-78.4857">
        <ele>81.5</ele>
      </trkpt>
      <trkpt lat="35.74307" lon="-78.48587">
        <ele>81.8</ele>
      </trkpt>
      <trkpt lat="35.74312" lon="-78.48595">
        <ele>82.1</ele>
      </trkpt>
      <trkpt lat="35.74353" lon="-78.48654">
        <ele>84.6</ele>
      </trkpt>
      <trkpt lat="35.74381" lon="-78.48694">
        <ele>84.2</ele>
      </trkpt>
      <trkpt lat="35.74381" lon="-78.48694">
        <ele>84.2</ele>
      </trkpt>
      <trkpt lat="35.74333" lon="-78.48751">
        <ele>83.1</ele>
      </trkpt>
      <trkpt lat="35.74329" lon="-78.48754">
        <ele>83.0</ele>
      </trkpt>
      <trkpt lat="35.74326" lon="-78.48758">
        <ele>83.0</ele>
      </trkpt>
      <trkpt lat="35.74303" lon="-78.48785">
        <ele>82.9</ele>
      </trkpt>
      <trkpt lat="35.74277" lon="-78.48816">
        <ele>82.6</ele>
      </trkpt>
      <trkpt lat="35.74264" lon="-78.48831">
        <ele>82.5</ele>
      </trkpt>
      <trkpt lat="35.7422" lon="-78.48881">
        <ele>82.0</ele>
      </trkpt>
      <trkpt lat="35.74212" lon="-78.48891">
        <ele>82.1</ele>
      </trkpt>
      <trkpt lat="35.74211" lon="-78.48892">
        <ele>82.1</ele>
      </trkpt>
      <trkpt lat="35.74174" lon="-78.48936">
        <ele>81.2</ele>
      </trkpt>
      <trkpt lat="35.74146" lon="-78.48968">
        <ele>80.1</ele>
      </trkpt>
      <trkpt lat="35.74134" lon="-78.48983">
        <ele>79.7</ele>
      </trkpt>
      <trkpt lat="35.74133" lon="-78.48984">
        <ele>79.7</ele>
      </trkpt>
      <trkpt lat="35.74129" lon="-78.48988">
        <ele>79.7</ele>
      </trkpt>
      <trkpt lat="35.74105" lon="-78.49017">
        <ele>79.3</ele>
      </trkpt>
      <trkpt lat="35.74077" lon="-78.49049">
        <ele>79.7</ele>
      </trkpt>
      <trkpt lat="35.74038" lon="-78.49095">
        <ele>80.7</ele>
      </trkpt>
      <trkpt lat="35.7401" lon="-78.49127">
        <ele>81.0</ele>
      </trkpt>
      <trkpt lat="35.73977" lon="-78.49166">
        <ele>81.1</ele>
      </trkpt>
      <trkpt lat="35.73967" lon="-78.49177">
        <ele>81.2</ele>
      </trkpt>
      <trkpt lat="35.73952" lon="-78.49195">
        <ele>81.3</ele>
      </trkpt>
      <trkpt lat="35.73944" lon="-78.49204">
        <ele>81.5</ele>
      </trkpt>
      <trkpt lat="35.73929" lon="-78.49222">
        <ele>81.7</ele>
      </trkpt>
      <trkpt lat="35.73919" lon="-78.49233">
        <ele>82.2</ele>
      </trkpt>
      <trkpt lat="35.73911" lon="-78.49245">
        <ele>82.4</ele>
      </trkpt>
      <trkpt lat="35.73902" lon="-78.49258">
        <ele>82.8</ele>
      </trkpt>
      <trkpt lat="35.7389" lon="-78.49275">
        <ele>83.2</ele>
      </trkpt>
      <trkpt lat="35.73887" lon="-78.49278">
        <ele>83.2</ele>
      </trkpt>
      <trkpt lat="35.73878" lon="-78.49292">
        <ele>83.2</ele>
      </trkpt>
      <trkpt lat="35.73868" lon="-78.49305">
        <ele>83.1</ele>
      </trkpt>
      <trkpt lat="35.73841" lon="-78.49341">
        <ele>82.4</ele>
      </trkpt>
      <trkpt lat="35.73821" lon="-78.49363">
        <ele>81.8</ele>
      </trkpt>
      <trkpt lat="35.73785" lon="-78.49401">
        <ele>80.4</ele>
      </trkpt>
      <trkpt lat="35.73784" lon="-78.49402">
        <ele>80.3</ele>
      </trkpt>
      <trkpt lat="35.73771" lon="-78.49417">
        <ele>79.7</ele>
      </trkpt>
      <trkpt lat="35.73758" lon="-78.49431">
        <ele>79.4</ele>
      </trkpt>
      <trkpt lat="35.73741" lon="-78.4945">
        <ele>79.3</ele>
      </trkpt>
      <trkpt lat="35.73706" lon="-78.4949">
        <ele>80.0</ele>
      </trkpt>
      <trkpt lat="35.73706" lon="-78.49491">
        <ele>80.0</ele>
      </trkpt>
      <trkpt lat="35.73694" lon="-78.49504">
        <ele>80.1</ele>
      </trkpt>
      <trkpt lat="35.73693" lon="-78.49505">
        <ele>80.1</ele>
      </trkpt>
      <trkpt lat="35.73667" lon="-78.49535">
        <ele>79.6</ele>
      </trkpt>
      <trkpt lat="35.73664" lon="-78.49539">
        <ele>79.6</ele>
      </trkpt>
      <trkpt lat="35.73658" lon="-78.49545">
        <ele>79.3</ele>
      </trkpt>
      <trkpt lat="35.73647" lon="-78.49559">
        <ele>79.0</ele>
      </trkpt>
      <trkpt lat="35.73623" lon="-78.49591">
        <ele>78.3</ele>
      </trkpt>
      <trkpt lat="35.73585" lon="-78.49638">
        <ele>77.0</ele>
      </trkpt>
      <trkpt lat="35.73567" lon="-78.49663">
        <ele>76.4</ele>
      </trkpt>
      <trkpt lat="35.73544" lon="-78.49692">
        <ele>75.6</ele>
      </trkpt>
      <trkpt lat="35.73492" lon="-78.49759">
        <ele>74.2</ele>
      </trkpt>
      <trkpt lat="35.7348" lon="-78.49775">
        <ele>73.8</ele>
      </trkpt>
      <trkpt lat="35.73473" lon="-78.49782">
        <ele>73.8</ele>
      </trkpt>
      <trkpt lat="35.73464" lon="-78.49792">
        <ele>73.5</ele>
      </trkpt>
      <trkpt lat="35.73458" lon="-78.49798">
        <ele>73.4</ele>
      </trkpt>
      <trkpt lat="35.73428" lon="-78.49823">
        <ele>72.5</ele>
      </trkpt>
      <trkpt lat="35.73427" lon="-78.49824">
        <ele>72.5</ele>
      </trkpt>
      <trkpt lat="35.73422" lon="-78.49828">
        <ele>72.4</ele>
      </trkpt>
      <trkpt lat="35.73413" lon="-78.49836">
        <ele>72.1</ele>
      </trkpt>
      <trkpt lat="35.73383" lon="-78.4986">
        <ele>70.8</ele>
      </trkpt>
      <trkpt lat="35.73353" lon="-78.49884">
        <ele>69.7</ele>
      </trkpt>
      <trkpt lat="35.73349" lon="-78.49888">
        <ele>69.6</ele>
      </trkpt>
      <trkpt lat="35.73314" lon="-78.49916">
        <ele>68.2</ele>
      </trkpt>
      <trkpt lat="35.73308" lon="-78.49921">
        <ele>68.0</ele>
      </trkpt>
      <trkpt lat="35.73298" lon="-78.4993">
        <ele>67.5</ele>
      </trkpt>
      <trkpt lat="35.73279" lon="-78.49947">
        <ele>66.8</ele>
      </trkpt>
      <trkpt lat="35.73277" lon="-78.49948">
        <ele>66.8</ele>
      </trkpt>
      <trkpt lat="35.7327" lon="-78.49954">
        <ele>66.4</ele>
      </trkpt>
      <trkpt lat="35.73265" lon="-78.49961">
        <ele>66.2</ele>
      </trkpt>
      <trkpt lat="35.73264" lon="-78.49961">
        <ele>66.2</ele>
      </trkpt>
      <trkpt lat="35.73264" lon="-78.49962">
        <ele>66.1</ele>
      </trkpt>
      <trkpt lat="35.7326" lon="-78.49966">
        <ele>66.0</ele>
      </trkpt>
      <trkpt lat="35.73259" lon="-78.49967">
        <ele>65.9</ele>
      </trkpt>
      <trkpt lat="35.73257" lon="-78.49969">
        <ele>65.9</ele>
      </trkpt>
      <trkpt lat="35.73252" lon="-78.49976">
        <ele>65.6</ele>
      </trkpt>
      <trkpt lat="35.73251" lon="-78.49977">
        <ele>65.6</ele>
      </trkpt>
      <trkpt lat="35.73247" lon="-78.49982">
        <ele>65.5</ele>
      </trkpt>
      <trkpt lat="35.73244" lon="-78.49986">
        <ele>65.4</ele>
      </trkpt>
      <trkpt lat="35.7324" lon="-78.49992">
        <ele>65.2</ele>
      </trkpt>
      <trkpt lat="35.73236" lon="-78.49997">
        <ele>65.1</ele>
      </trkpt>
      <trkpt lat="35.7323" lon="-78.50006">
        <ele>64.7</ele>
      </trkpt>
      <trkpt lat="35.73227" lon="-78.5001">
        <ele>64.6</ele>
      </trkpt>
      <trkpt lat="35.73222" lon="-78.50017">
        <ele>64.4</ele>
      </trkpt>
      <trkpt lat="35.73216" lon="-78.50026">
        <ele>64.2</ele>
      </trkpt>
      <trkpt lat="35.73197" lon="-78.50055">
        <ele>63.5</ele>
      </trkpt>
      <trkpt lat="35.73193" lon="-78.5006">
        <ele>63.4</ele>
      </trkpt>
      <trkpt lat="35.73193" lon="-78.50061">
        <ele>63.3</ele>
      </trkpt>
      <trkpt lat="35.73189" lon="-78.50067">
        <ele>63.2</ele>
      </trkpt>
      <trkpt lat="35.73185" lon="-78.50074">
        <ele>63.0</ele>
      </trkpt>
      <trkpt lat="35.73182" lon="-78.50077">
        <ele>63.1</ele>
      </trkpt>
      <trkpt lat="35.73182" lon="-78.50079">
        <ele>63.0</ele>
      </trkpt>
      <trkpt lat="35.7318" lon="-78.50081">
        <ele>63.0</ele>
      </trkpt>
      <trkpt lat="35.73176" lon="-78.50089">
        <ele>62.8</ele>
      </trkpt>
      <trkpt lat="35.73172" lon="-78.50095">
        <ele>62.7</ele>
      </trkpt>
      <trkpt lat="35.73172" lon="-78.50096">
        <ele>62.7</ele>
      </trkpt>
      <trkpt lat="35.73168" lon="-78.50104">
        <ele>62.6</ele>
      </trkpt>
      <trkpt lat="35.73162" lon="-78.50116">
        <ele>62.4</ele>
      </trkpt>
      <trkpt lat="35.73155" lon="-78.50133">
        <ele>62.3</ele>
      </trkpt>
      <trkpt lat="35.73155" lon="-78.50134">
        <ele>62.3</ele>
      </trkpt>
      <trkpt lat="35.73149" lon="-78.50148">
        <ele>62.2</ele>
      </trkpt>
      <trkpt lat="35.73147" lon="-78.50154">
        <ele>62.3</ele>
      </trkpt>
      <trkpt lat="35.73144" lon="-78.50162">
        <ele>62.4</ele>
      </trkpt>
      <trkpt lat="35.73133" lon="-78.50195">
        <ele>62.4</ele>
      </trkpt>
      <trkpt lat="35.7313" lon="-78.50203">
        <ele>62.4</ele>
      </trkpt>
      <trkpt lat="35.73126" lon="-78.50216">
        <ele>62.4</ele>
      </trkpt>
      <trkpt lat="35.73125" lon="-78.50218">
        <ele>62.3</ele>
      </trkpt>
      <trkpt lat="35.73123" lon="-78.50224">
        <ele>62.2</ele>
      </trkpt>
      <trkpt lat="35.73119" lon="-78.50236">
        <ele>62.1</ele>
      </trkpt>
      <trkpt lat="35.73118" lon="-78.50237">
        <ele>62.1</ele>
      </trkpt>
      <trkpt lat="35.73116" lon="-78.50244">
        <ele>62.1</ele>
      </trkpt>
      <trkpt lat="35.73113" lon="-78.50252">
        <ele>62.0</ele>
      </trkpt>
      <trkpt lat="35.73112" lon="-78.50256">
        <ele>61.9</ele>
      </trkpt>
      <trkpt lat="35.73111" lon="-78.50258">
        <ele>61.9</ele>
      </trkpt>
      <trkpt lat="35.73105" lon="-78.50277">
        <ele>61.9</ele>
      </trkpt>
      <trkpt lat="35.73081" lon="-78.50348">
        <ele>61.9</ele>
      </trkpt>
      <trkpt lat="35.73077" lon="-78.50358">
        <ele>62.0</ele>
      </trkpt>
      <trkpt lat="35.73074" lon="-78.50366">
        <ele>62.1</ele>
      </trkpt>
      <trkpt lat="35.73066" lon="-78.50383">
        <ele>61.9</ele>
      </trkpt>
      <trkpt lat="35.7306" lon="-78.50396">
        <ele>61.9</ele>
      </trkpt>
      <trkpt lat="35.73048" lon="-78.50419">
        <ele>62.0</ele>
      </trkpt>
      <trkpt lat="35.73026" lon="-78.50458">
        <ele>62.6</ele>
      </trkpt>
      <trkpt lat="35.73025" lon="-78.50459">
        <ele>62.6</ele>
      </trkpt>
      <trkpt lat="35.73025" lon="-78.5046">
        <ele>62.6</ele>
      </trkpt>
      <trkpt lat="35.73019" lon="-78.50472">
        <ele>63.0</ele>
      </trkpt>
      <trkpt lat="35.73016" lon="-78.50478">
        <ele>63.0</ele>
      </trkpt>
      <trkpt lat="35.7301" lon="-78.5049">
        <ele>62.6</ele>
      </trkpt>
      <trkpt lat="35.73008" lon="-78.50493">
        <ele>62.5</ele>
      </trkpt>
      <trkpt lat="35.73001" lon="-78.50509">
        <ele>62.2</ele>
      </trkpt>
      <trkpt lat="35.72991" lon="-78.50527">
        <ele>61.5</ele>
      </trkpt>
      <trkpt lat="35.7299" lon="-78.50531">
        <ele>61.4</ele>
      </trkpt>
      <trkpt lat="35.72987" lon="-78.50535">
        <ele>61.3</ele>
      </trkpt>
      <trkpt lat="35.72985" lon="-78.5054">
        <ele>61.2</ele>
      </trkpt>
      <trkpt lat="35.72971" lon="-78.50569">
        <ele>60.8</ele>
      </trkpt>
      <trkpt lat="35.7297" lon="-78.50574">
        <ele>60.7</ele>
      </trkpt>
      <trkpt lat="35.72963" lon="-78.50589">
        <ele>60.9</ele>
      </trkpt>
      <trkpt lat="35.72956" lon="-78.50607">
        <ele>60.7</ele>
      </trkpt>
      <trkpt lat="35.72949" lon="-78.50625">
        <ele>60.4</ele>
      </trkpt>
      <trkpt lat="35.72949" lon="-78.50627">
        <ele>60.3</ele>
      </trkpt>
      <trkpt lat="35.72944" lon="-78.50643">
        <ele>59.9</ele>
      </trkpt>
      <trkpt lat="35.72944" lon="-78.50646">
        <ele>59.8</ele>
      </trkpt>
      <trkpt lat="35.72939" lon="-78.50662">
        <ele>59.5</ele>
      </trkpt>
      <trkpt lat="35.72938" lon="-78.50667">
        <ele>59.4</ele>
      </trkpt>
      <trkpt lat="35.72938" lon="-78.50669">
        <ele>59.4</ele>
      </trkpt>
      <trkpt lat="35.72936" lon="-78.50675">
        <ele>59.3</ele>
      </trkpt>
      <trkpt lat="35.7293" lon="-78.50701">
        <ele>59.2</ele>
      </trkpt>
      <trkpt lat="35.72926" lon="-78.5072">
        <ele>59.2</ele>
      </trkpt>
      <trkpt lat="35.72924" lon="-78.50732">
        <ele>59.2</ele>
      </trkpt>
      <trkpt lat="35.72922" lon="-78.50747">
        <ele>59.3</ele>
      </trkpt>
      <trkpt lat="35.72921" lon="-78.50753">
        <ele>59.3</ele>
      </trkpt>
      <trkpt lat="35.72918" lon="-78.50774">
        <ele>59.1</ele>
      </trkpt>
      <trkpt lat="35.72916" lon="-78.50797">
        <ele>58.7</ele>
      </trkpt>
      <trkpt lat="35.72916" lon="-78.50799">
        <ele>58.7</ele>
      </trkpt>
      <trkpt lat="35.72915" lon="-78.50807">
        <ele>58.7</ele>
      </trkpt>
      <trkpt lat="35.72914" lon="-78.50821">
        <ele>58.7</ele>
      </trkpt>
      <trkpt lat="35.72912" lon="-78.50838">
        <ele>58.7</ele>
      </trkpt>
      <trkpt lat="35.72911" lon="-78.50851">
        <ele>58.7</ele>
      </trkpt>
      <trkpt lat="35.72911" lon="-78.50858">
        <ele>58.7</ele>
      </trkpt>
      <trkpt lat="35.7291" lon="-78.50863">
        <ele>58.6</ele>
      </trkpt>
      <trkpt lat="35.7291" lon="-78.50865">
        <ele>58.6</ele>
      </trkpt>
      <trkpt lat="35.72908" lon="-78.50879">
        <ele>58.4</ele>
      </trkpt>
      <trkpt lat="35.72908" lon="-78.50887">
        <ele>58.1</ele>
      </trkpt>
      <trkpt lat="35.72905" lon="-78.50917">
        <ele>57.0</ele>
      </trkpt>
      <trkpt lat="35.72901" lon="-78.50955">
        <ele>56.0</ele>
      </trkpt>
      <trkpt lat="35.729" lon="-78.50975">
        <ele>55.6</ele>
      </trkpt>
      <trkpt lat="35.72897" lon="-78.50997">
        <ele>55.2</ele>
      </trkpt>
      <trkpt lat="35.72896" lon="-78.51012">
        <ele>54.7</ele>
      </trkpt>
      <trkpt lat="35.72894" lon="-78.51021">
        <ele>54.5</ele>
      </trkpt>
      <trkpt lat="35.72891" lon="-78.51039">
        <ele>54.2</ele>
      </trkpt>
      <trkpt lat="35.72886" lon="-78.51062">
        <ele>53.5</ele>
      </trkpt>
      <trkpt lat="35.72883" lon="-78.51069">
        <ele>53.4</ele>
      </trkpt>
      <trkpt lat="35.72881" lon="-78.51074">
        <ele>53.3</ele>
      </trkpt>
      <trkpt lat="35.72875" lon="-78.5109">
        <ele>52.9</ele>
      </trkpt>
      <trkpt lat="35.72873" lon="-78.51094">
        <ele>53.0</ele>
      </trkpt>
      <trkpt lat="35.72869" lon="-78.51103">
        <ele>52.8</ele>
      </trkpt>
      <trkpt lat="35.72866" lon="-78.51109">
        <ele>52.7</ele>
      </trkpt>
      <trkpt lat="35.72864" lon="-78.51113">
        <ele>52.8</ele>
      </trkpt>
      <trkpt lat="35.72862" lon="-78.51116">
        <ele>53.0</ele>
      </trkpt>
      <trkpt lat="35.72855" lon="-78.51128">
        <ele>52.6</ele>
      </trkpt>
      <trkpt lat="35.72851" lon="-78.51134">
        <ele>52.5</ele>
      </trkpt>
      <trkpt lat="35.72844" lon="-78.51145">
        <ele>52.6</ele>
      </trkpt>
      <trkpt lat="35.72826" lon="-78.51167">
        <ele>52.7</ele>
      </trkpt>
      <trkpt lat="35.72808" lon="-78.51191">
        <ele>52.4</ele>
      </trkpt>
      <trkpt lat="35.72804" lon="-78.51196">
        <ele>52.4</ele>
      </trkpt>
      <trkpt lat="35.7278" lon="-78.51228">
        <ele>52.5</ele>
      </trkpt>
      <trkpt lat="35.72776" lon="-78.51233">
        <ele>52.6</ele>
      </trkpt>
      <trkpt lat="35.72767" lon="-78.51244">
        <ele>52.5</ele>
      </trkpt>
      <trkpt lat="35.72755" lon="-78.5126">
        <ele>52.5</ele>
      </trkpt>
      <trkpt lat="35.72755" lon="-78.51261">
        <ele>52.4</ele>
      </trkpt>
      <trkpt lat="35.7273" lon="-78.51293">
        <ele>52.6</ele>
      </trkpt>
      <trkpt lat="35.72726" lon="-78.51299">
        <ele>52.5</ele>
      </trkpt>
      <trkpt lat="35.72705" lon="-78.51324">
        <ele>52.9</ele>
      </trkpt>
      <trkpt lat="35.72703" lon="-78.51326">
        <ele>52.9</ele>
      </trkpt>
      <trkpt lat="35.72692" lon="-78.5134">
        <ele>53.1</ele>
      </trkpt>
      <trkpt lat="35.72687" lon="-78.51348">
        <ele>53.2</ele>
      </trkpt>
      <trkpt lat="35.72674" lon="-78.51364">
        <ele>53.5</ele>
      </trkpt>
      <trkpt lat="35.72662" lon="-78.5138">
        <ele>53.7</ele>
      </trkpt>
      <trkpt lat="35.7265" lon="-78.51396">
        <ele>54.0</ele>
      </trkpt>
      <trkpt lat="35.72627" lon="-78.51427">
        <ele>54.4</ele>
      </trkpt>
      <trkpt lat="35.72606" lon="-78.51455">
        <ele>54.9</ele>
      </trkpt>
      <trkpt lat="35.72602" lon="-78.5146">
        <ele>55.3</ele>
      </trkpt>
      <trkpt lat="35.7259" lon="-78.51476">
        <ele>56.3</ele>
      </trkpt>
      <trkpt lat="35.72577" lon="-78.51492">
        <ele>57.6</ele>
      </trkpt>
      <trkpt lat="35.72565" lon="-78.51508">
        <ele>58.7</ele>
      </trkpt>
      <trkpt lat="35.72555" lon="-78.51521">
        <ele>59.8</ele>
      </trkpt>
      <trkpt lat="35.72551" lon="-78.51527">
        <ele>60.3</ele>
      </trkpt>
      <trkpt lat="35.72545" lon="-78.51534">
        <ele>60.8</ele>
      </trkpt>
      <trkpt lat="35.72542" lon="-78.51538">
        <ele>61.1</ele>
      </trkpt>
      <trkpt lat="35.7253" lon="-78.51554">
        <ele>62.5</ele>
      </trkpt>
      <trkpt lat="35.7253" lon="-78.51555">
        <ele>62.6</ele>
      </trkpt>
      <trkpt lat="35.72527" lon="-78.51559">
        <ele>63.1</ele>
      </trkpt>
      <trkpt lat="35.7252" lon="-78.51567">
        <ele>63.7</ele>
      </trkpt>
      <trkpt lat="35.72505" lon="-78.51586">
        <ele>65.5</ele>
      </trkpt>
      <trkpt lat="35.72503" lon="-78.51589">
        <ele>65.7</ele>
      </trkpt>
      <trkpt lat="35.72501" lon="-78.5159">
        <ele>65.7</ele>
      </trkpt>
      <trkpt lat="35.72493" lon="-78.51602">
        <ele>66.7</ele>
      </trkpt>
      <trkpt lat="35.7249" lon="-78.51605">
        <ele>66.9</ele>
      </trkpt>
      <trkpt lat="35.7248" lon="-78.51618">
        <ele>67.9</ele>
      </trkpt>
      <trkpt lat="35.72478" lon="-78.51621">
        <ele>68.1</ele>
      </trkpt>
      <trkpt lat="35.72477" lon="-78.51623">
        <ele>68.3</ele>
      </trkpt>
      <trkpt lat="35.72465" lon="-78.51639">
        <ele>68.9</ele>
      </trkpt>
      <trkpt lat="35.72456" lon="-78.5165">
        <ele>69.6</ele>
      </trkpt>
      <trkpt lat="35.72453" lon="-78.51654">
        <ele>69.7</ele>
      </trkpt>
      <trkpt lat="35.72443" lon="-78.51666">
        <ele>70.2</ele>
      </trkpt>
      <trkpt lat="35.72441" lon="-78.5167">
        <ele>70.3</ele>
      </trkpt>
      <trkpt lat="35.72403" lon="-78.51719">
        <ele>71.7</ele>
      </trkpt>
      <trkpt lat="35.72392" lon="-78.51735">
        <ele>72.6</ele>
      </trkpt>
      <trkpt lat="35.72387" lon="-78.51741">
        <ele>72.9</ele>
      </trkpt>
      <trkpt lat="35.72373" lon="-78.51757">
        <ele>73.8</ele>
      </trkpt>
      <trkpt lat="35.72366" lon="-78.51765">
        <ele>74.2</ele>
      </trkpt>
      <trkpt lat="35.72357" lon="-78.51773">
        <ele>74.5</ele>
      </trkpt>
      <trkpt lat="35.72345" lon="-78.51782">
        <ele>74.7</ele>
      </trkpt>
      <trkpt lat="35.72339" lon="-78.51786">
        <ele>74.9</ele>
      </trkpt>
      <trkpt lat="35.72335" lon="-78.51788">
        <ele>74.9</ele>
      </trkpt>
      <trkpt lat="35.7233" lon="-78.51792">
        <ele>75.2</ele>
      </trkpt>
      <trkpt lat="35.72322" lon="-78.51796">
        <ele>75.3</ele>
      </trkpt>
      <trkpt lat="35.72319" lon="-78.51797">
        <ele>75.4</ele>
      </trkpt>
      <trkpt lat="35.72306" lon="-78.51804">
        <ele>75.9</ele>
      </trkpt>
      <trkpt lat="35.72305" lon="-78.51804">
        <ele>75.9</ele>
      </trkpt>
      <trkpt lat="35.72302" lon="-78.51805">
        <ele>75.9</ele>
      </trkpt>
      <trkpt lat="35.72299" lon="-78.51806">
        <ele>75.9</ele>
      </trkpt>
      <trkpt lat="35.72289" lon="-78.5181">
        <ele>76.2</ele>
      </trkpt>
      <trkpt lat="35.72288" lon="-78.5181">
        <ele>76.3</ele>
      </trkpt>
      <trkpt lat="35.72265" lon="-78.51815">
        <ele>76.7</ele>
      </trkpt>
      <trkpt lat="35.72217" lon="-78.51824">
        <ele>77.3</ele>
      </trkpt>
      <trkpt lat="35.72188" lon="-78.51828">
        <ele>77.8</ele>
      </trkpt>
      <trkpt lat="35.72133" lon="-78.51838">
        <ele>78.5</ele>
      </trkpt>
      <trkpt lat="35.72128" lon="-78.51839">
        <ele>78.6</ele>
      </trkpt>
      <trkpt lat="35.72116" lon="-78.51841">
        <ele>78.8</ele>
      </trkpt>
      <trkpt lat="35.72114" lon="-78.51842">
        <ele>78.8</ele>
      </trkpt>
      <trkpt lat="35.72085" lon="-78.51847">
        <ele>79.4</ele>
      </trkpt>
      <trkpt lat="35.7207" lon="-78.5185">
        <ele>79.7</ele>
      </trkpt>
      <trkpt lat="35.72052" lon="-78.51855">
        <ele>80.1</ele>
      </trkpt>
      <trkpt lat="35.72038" lon="-78.51859">
        <ele>80.4</ele>
      </trkpt>
      <trkpt lat="35.72021" lon="-78.51865">
        <ele>80.8</ele>
      </trkpt>
      <trkpt lat="35.72008" lon="-78.5187">
        <ele>81.1</ele>
      </trkpt>
      <trkpt lat="35.72005" lon="-78.51871">
        <ele>81.1</ele>
      </trkpt>
      <trkpt lat="35.72001" lon="-78.51873">
        <ele>81.2</ele>
      </trkpt>
      <trkpt lat="35.71996" lon="-78.51876">
        <ele>81.2</ele>
      </trkpt>
      <trkpt lat="35.71992" lon="-78.51878">
        <ele>81.2</ele>
      </trkpt>
      <trkpt lat="35.71987" lon="-78.5188">
        <ele>81.4</ele>
      </trkpt>
      <trkpt lat="35.71983" lon="-78.51882">
        <ele>81.5</ele>
      </trkpt>
      <trkpt lat="35.71973" lon="-78.51887">
        <ele>81.6</ele>
      </trkpt>
      <trkpt lat="35.71963" lon="-78.51893">
        <ele>81.7</ele>
      </trkpt>
      <trkpt lat="35.7196" lon="-78.51895">
        <ele>81.7</ele>
      </trkpt>
      <trkpt lat="35.71948" lon="-78.51903">
        <ele>81.7</ele>
      </trkpt>
      <trkpt lat="35.71941" lon="-78.51908">
        <ele>81.6</ele>
      </trkpt>
      <trkpt lat="35.71936" lon="-78.51911">
        <ele>81.6</ele>
      </trkpt>
      <trkpt lat="35.71916" lon="-78.51923">
        <ele>81.3</ele>
      </trkpt>
      <trkpt lat="35.71881" lon="-78.51949">
        <ele>81.1</ele>
      </trkpt>
      <trkpt lat="35.71861" lon="-78.51963">
        <ele>81.5</ele>
      </trkpt>
      <trkpt lat="35.71838" lon="-78.51979">
        <ele>81.8</ele>
      </trkpt>
      <trkpt lat="35.71812" lon="-78.51997">
        <ele>82.2</ele>
      </trkpt>
      <trkpt lat="35.71775" lon="-78.52023">
        <ele>82.3</ele>
      </trkpt>
      <trkpt lat="35.71723" lon="-78.5206">
        <ele>82.1</ele>
      </trkpt>
      <trkpt lat="35.71713" lon="-78.52067">
        <ele>82.1</ele>
      </trkpt>
      <trkpt lat="35.71707" lon="-78.52071">
        <ele>82.1</ele>
      </trkpt>
      <trkpt lat="35.71697" lon="-78.52078">
        <ele>82.2</ele>
      </trkpt>
      <trkpt lat="35.71651" lon="-78.52111">
        <ele>82.4</ele>
      </trkpt>
      <trkpt lat="35.71646" lon="-78.52114">
        <ele>82.3</ele>
      </trkpt>
      <trkpt lat="35.71613" lon="-78.52137">
        <ele>82.6</ele>
      </trkpt>
      <trkpt lat="35.71541" lon="-78.52187">
        <ele>82.9</ele>
      </trkpt>
      <trkpt lat="35.71526" lon="-78.52198">
        <ele>83.0</ele>
      </trkpt>
      <trkpt lat="35.71517" lon="-78.52204">
        <ele>83.1</ele>
      </trkpt>
      <trkpt lat="35.71516" lon="-78.52205">
        <ele>83.1</ele>
      </trkpt>
      <trkpt lat="35.71512" lon="-78.52207">
        <ele>83.2</ele>
      </trkpt>
      <trkpt lat="35.71501" lon="-78.52215">
        <ele>83.2</ele>
      </trkpt>
      <trkpt lat="35.71485" lon="-78.52226">
        <ele>83.4</ele>
      </trkpt>
      <trkpt lat="35.71478" lon="-78.52231">
        <ele>83.5</ele>
      </trkpt>
      <trkpt lat="35.71463" lon="-78.52242">
        <ele>84.0</ele>
      </trkpt>
      <trkpt lat="35.71461" lon="-78.52243">
        <ele>84.0</ele>
      </trkpt>
      <trkpt lat="35.71458" lon="-78.52245">
        <ele>84.0</ele>
      </trkpt>
      <trkpt lat="35.71454" lon="-78.52247">
        <ele>84.1</ele>
      </trkpt>
      <trkpt lat="35.71454" lon="-78.52248">
        <ele>84.1</ele>
      </trkpt>
      <trkpt lat="35.71438" lon="-78.52259">
        <ele>84.7</ele>
      </trkpt>
      <trkpt lat="35.71431" lon="-78.52263">
        <ele>84.9</ele>
      </trkpt>
      <trkpt lat="35.71423" lon="-78.52269">
        <ele>85.2</ele>
      </trkpt>
      <trkpt lat="35.71411" lon="-78.52278">
        <ele>85.8</ele>
      </trkpt>
      <trkpt lat="35.71407" lon="-78.52281">
        <ele>86.0</ele>
      </trkpt>
      <trkpt lat="35.71406" lon="-78.52281">
        <ele>86.1</ele>
      </trkpt>
      <trkpt lat="35.71369" lon="-78.52307">
        <ele>88.4</ele>
      </trkpt>
      <trkpt lat="35.7136" lon="-78.52313">
        <ele>88.9</ele>
      </trkpt>
      <trkpt lat="35.71328" lon="-78.52335">
        <ele>90.3</ele>
      </trkpt>
      <trkpt lat="35.71317" lon="-78.52343">
        <ele>90.9</ele>
      </trkpt>
      <trkpt lat="35.71313" lon="-78.52345">
        <ele>91.0</ele>
      </trkpt>
      <trkpt lat="35.71313" lon="-78.52346">
        <ele>91.0</ele>
      </trkpt>
      <trkpt lat="35.71306" lon="-78.5235">
        <ele>91.3</ele>
      </trkpt>
      <trkpt lat="35.71303" lon="-78.52352">
        <ele>91.4</ele>
      </trkpt>
      <trkpt lat="35.71294" lon="-78.52358">
        <ele>91.8</ele>
      </trkpt>
      <trkpt lat="35.71289" lon="-78.52362">
        <ele>91.8</ele>
      </trkpt>
      <trkpt lat="35.71288" lon="-78.52363">
        <ele>91.8</ele>
      </trkpt>
      <trkpt lat="35.71272" lon="-78.52374">
        <ele>92.2</ele>
      </trkpt>
      <trkpt lat="35.71265" lon="-78.52379">
        <ele>92.4</ele>
      </trkpt>
      <trkpt lat="35.71256" lon="-78.52385">
        <ele>92.4</ele>
      </trkpt>
      <trkpt lat="35.71235" lon="-78.524">
        <ele>92.9</ele>
      </trkpt>
      <trkpt lat="35.7121" lon="-78.52418">
        <ele>93.4</ele>
      </trkpt>
      <trkpt lat="35.71206" lon="-78.52421">
        <ele>93.5</ele>
      </trkpt>
      <trkpt lat="35.71195" lon="-78.52431">
        <ele>93.5</ele>
      </trkpt>
      <trkpt lat="35.71185" lon="-78.52439">
        <ele>93.7</ele>
      </trkpt>
      <trkpt lat="35.71176" lon="-78.52449">
        <ele>93.7</ele>
      </trkpt>
      <trkpt lat="35.71175" lon="-78.5245">
        <ele>93.7</ele>
      </trkpt>
      <trkpt lat="35.71167" lon="-78.52459">
        <ele>93.9</ele>
      </trkpt>
      <trkpt lat="35.71165" lon="-78.52462">
        <ele>93.9</ele>
      </trkpt>
      <trkpt lat="35.71162" lon="-78.52464">
        <ele>94.2</ele>
      </trkpt>
      <trkpt lat="35.71162" lon="-78.52465">
        <ele>94.1</ele>
      </trkpt>
      <trkpt lat="35.71161" lon="-78.52466">
        <ele>94.2</ele>
      </trkpt>
      <trkpt lat="35.71158" lon="-78.5247">
        <ele>94.2</ele>
      </trkpt>
      <trkpt lat="35.71156" lon="-78.52472">
        <ele>94.2</ele>
      </trkpt>
      <trkpt lat="35.7115" lon="-78.5248">
        <ele>94.6</ele>
      </trkpt>
      <trkpt lat="35.71144" lon="-78.52487">
        <ele>94.9</ele>
      </trkpt>
      <trkpt lat="35.71141" lon="-78.5249">
        <ele>95.1</ele>
      </trkpt>
      <trkpt lat="35.71132" lon="-78.52501">
        <ele>95.6</ele>
      </trkpt>
      <trkpt lat="35.71131" lon="-78.52503">
        <ele>95.7</ele>
      </trkpt>
      <trkpt lat="35.71129" lon="-78.52506">
        <ele>95.8</ele>
      </trkpt>
      <trkpt lat="35.71105" lon="-78.52535">
        <ele>97.9</ele>
      </trkpt>
      <trkpt lat="35.71096" lon="-78.52545">
        <ele>98.7</ele>
      </trkpt>
      <trkpt lat="35.71086" lon="-78.52558">
        <ele>99.6</ele>
      </trkpt>
      <trkpt lat="35.71082" lon="-78.52563">
        <ele>99.9</ele>
      </trkpt>
      <trkpt lat="35.71077" lon="-78.52568">
        <ele>100.2</ele>
      </trkpt>
      <trkpt lat="35.71071" lon="-78.52575">
        <ele>100.7</ele>
      </trkpt>
      <trkpt lat="35.71067" lon="-78.5258">
        <ele>101.0</ele>
      </trkpt>
      <trkpt lat="35.71064" lon="-78.52583">
        <ele>101.2</ele>
      </trkpt>
      <trkpt lat="35.7106" lon="-78.52588">
        <ele>101.5</ele>
      </trkpt>
      <trkpt lat="35.71059" lon="-78.52589">
        <ele>101.5</ele>
      </trkpt>
      <trkpt lat="35.71058" lon="-78.52591">
        <ele>101.6</ele>
      </trkpt>
      <trkpt lat="35.71054" lon="-78.52596">
        <ele>101.7</ele>
      </trkpt>
      <trkpt lat="35.71051" lon="-78.52598">
        <ele>101.8</ele>
      </trkpt>
      <trkpt lat="35.71048" lon="-78.52602">
        <ele>101.9</ele>
      </trkpt>
      <trkpt lat="35.71045" lon="-78.52605">
        <ele>102.0</ele>
      </trkpt>
      <trkpt lat="35.71041" lon="-78.52611">
        <ele>102.0</ele>
      </trkpt>
      <trkpt lat="35.71038" lon="-78.52614">
        <ele>102.0</ele>
      </trkpt>
      <trkpt lat="35.71034" lon="-78.52619">
        <ele>102.0</ele>
      </trkpt>
      <trkpt lat="35.71033" lon="-78.5262">
        <ele>102.0</ele>
      </trkpt>
      <trkpt lat="35.71028" lon="-78.52626">
        <ele>101.9</ele>
      </trkpt>
      <trkpt lat="35.71025" lon="-78.52629">
        <ele>101.9</ele>
      </trkpt>
      <trkpt lat="35.70996" lon="-78.52663">
        <ele>101.1</ele>
      </trkpt>
      <trkpt lat="35.70993" lon="-78.52666">
        <ele>101.0</ele>
      </trkpt>
      <trkpt lat="35.70988" lon="-78.52672">
        <ele>100.9</ele>
      </trkpt>
      <trkpt lat="35.70986" lon="-78.52674">
        <ele>100.8</ele>
      </trkpt>
      <trkpt lat="35.70981" lon="-78.5268">
        <ele>100.7</ele>
      </trkpt>
      <trkpt lat="35.70975" lon="-78.52687">
        <ele>100.6</ele>
      </trkpt>
      <trkpt lat="35.70973" lon="-78.52689">
        <ele>100.6</ele>
      </trkpt>
      <trkpt lat="35.70967" lon="-78.52696">
        <ele>100.5</ele>
      </trkpt>
      <trkpt lat="35.70962" lon="-78.52702">
        <ele>100.4</ele>
      </trkpt>
      <trkpt lat="35.7096" lon="-78.52704">
        <ele>100.5</ele>
      </trkpt>
      <trkpt lat="35.70955" lon="-78.5271">
        <ele>100.5</ele>
      </trkpt>
      <trkpt lat="35.70954" lon="-78.5271">
        <ele>100.5</ele>
      </trkpt>
      <trkpt lat="35.70954" lon="-78.52711">
        <ele>100.5</ele>
      </trkpt>
      <trkpt lat="35.70949" lon="-78.52717">
        <ele>100.6</ele>
      </trkpt>
      <trkpt lat="35.70946" lon="-78.5272">
        <ele>100.6</ele>
      </trkpt>
      <trkpt lat="35.7094" lon="-78.52727">
        <ele>100.9</ele>
      </trkpt>
      <trkpt lat="35.70929" lon="-78.5274">
        <ele>101.4</ele>
      </trkpt>
      <trkpt lat="35.70928" lon="-78.52741">
        <ele>101.4</ele>
      </trkpt>
      <trkpt lat="35.70927" lon="-78.52742">
        <ele>101.5</ele>
      </trkpt>
      <trkpt lat="35.70923" lon="-78.52747">
        <ele>101.8</ele>
      </trkpt>
      <trkpt lat="35.7092" lon="-78.5275">
        <ele>101.9</ele>
      </trkpt>
      <trkpt lat="35.7089" lon="-78.52785">
        <ele>104.3</ele>
      </trkpt>
      <trkpt lat="35.70876" lon="-78.52801">
        <ele>105.3</ele>
      </trkpt>
      <trkpt lat="35.7087" lon="-78.52807">
        <ele>105.7</ele>
      </trkpt>
      <trkpt lat="35.70867" lon="-78.52811">
        <ele>106.0</ele>
      </trkpt>
      <trkpt lat="35.70863" lon="-78.52815">
        <ele>106.4</ele>
      </trkpt>
      <trkpt lat="35.70861" lon="-78.52817">
        <ele>106.5</ele>
      </trkpt>
      <trkpt lat="35.70854" lon="-78.52825">
        <ele>107.1</ele>
      </trkpt>
      <trkpt lat="35.70849" lon="-78.5283">
        <ele>107.3</ele>
      </trkpt>
      <trkpt lat="35.70848" lon="-78.5283">
        <ele>107.4</ele>
      </trkpt>
      <trkpt lat="35.70843" lon="-78.52837">
        <ele>107.6</ele>
      </trkpt>
      <trkpt lat="35.70842" lon="-78.52838">
        <ele>107.6</ele>
      </trkpt>
      <trkpt lat="35.70835" lon="-78.52843">
        <ele>107.8</ele>
      </trkpt>
      <trkpt lat="35.70807" lon="-78.52867">
        <ele>108.2</ele>
      </trkpt>
      <trkpt lat="35.70805" lon="-78.52869">
        <ele>108.2</ele>
      </trkpt>
      <trkpt lat="35.70784" lon="-78.52888">
        <ele>108.6</ele>
      </trkpt>
      <trkpt lat="35.70761" lon="-78.52908">
        <ele>109.1</ele>
      </trkpt>
      <trkpt lat="35.70747" lon="-78.5292">
        <ele>109.5</ele>
      </trkpt>
      <trkpt lat="35.70721" lon="-78.52945">
        <ele>110.2</ele>
      </trkpt>
      <trkpt lat="35.70696" lon="-78.52972">
        <ele>111.0</ele>
      </trkpt>
      <trkpt lat="35.70689" lon="-78.52979">
        <ele>111.1</ele>
      </trkpt>
      <trkpt lat="35.70682" lon="-78.52987">
        <ele>111.2</ele>
      </trkpt>
      <trkpt lat="35.70668" lon="-78.53003">
        <ele>111.4</ele>
      </trkpt>
      <trkpt lat="35.70665" lon="-78.53006">
        <ele>111.4</ele>
      </trkpt>
      <trkpt lat="35.70665" lon="-78.53007">
        <ele>111.4</ele>
      </trkpt>
      <trkpt lat="35.70652" lon="-78.53021">
        <ele>111.9</ele>
      </trkpt>
      <trkpt lat="35.70622" lon="-78.53055">
        <ele>112.7</ele>
      </trkpt>
      <trkpt lat="35.70592" lon="-78.53088">
        <ele>113.3</ele>
      </trkpt>
      <trkpt lat="35.70585" lon="-78.53096">
        <ele>113.5</ele>
      </trkpt>
      <trkpt lat="35.70585" lon="-78.53097">
        <ele>113.5</ele>
      </trkpt>
      <trkpt lat="35.70579" lon="-78.53103">
        <ele>113.7</ele>
      </trkpt>
      <trkpt lat="35.70572" lon="-78.5311">
        <ele>113.9</ele>
      </trkpt>
      <trkpt lat="35.70572" lon="-78.53111">
        <ele>113.9</ele>
      </trkpt>
      <trkpt lat="35.70541" lon="-78.53145">
        <ele>115.1</ele>
      </trkpt>
      <trkpt lat="35.70532" lon="-78.53156">
        <ele>115.6</ele>
      </trkpt>
      <trkpt lat="35.7046" lon="-78.53237">
        <ele>118.9</ele>
      </trkpt>
      <trkpt lat="35.70453" lon="-78.53245">
        <ele>119.4</ele>
      </trkpt>
      <trkpt lat="35.70452" lon="-78.53246">
        <ele>119.4</ele>
      </trkpt>
      <trkpt lat="35.70439" lon="-78.53261">
        <ele>120.1</ele>
      </trkpt>
      <trkpt lat="35.70433" lon="-78.53267">
        <ele>120.3</ele>
      </trkpt>
      <trkpt lat="35.70431" lon="-78.53269">
        <ele>120.3</ele>
      </trkpt>
      <trkpt lat="35.70419" lon="-78.53282">
        <ele>120.6</ele>
      </trkpt>
      <trkpt lat="35.70416" lon="-78.53285">
        <ele>120.6</ele>
      </trkpt>
      <trkpt lat="35.70412" lon="-78.53289">
        <ele>120.7</ele>
      </trkpt>
      <trkpt lat="35.70407" lon="-78.53295">
        <ele>120.8</ele>
      </trkpt>
      <trkpt lat="35.70357" lon="-78.53345">
        <ele>121.2</ele>
      </trkpt>
      <trkpt lat="35.70343" lon="-78.5336">
        <ele>121.4</ele>
      </trkpt>
      <trkpt lat="35.70331" lon="-78.53377">
        <ele>121.6</ele>
      </trkpt>
      <trkpt lat="35.70297" lon="-78.53442">
        <ele>122.5</ele>
      </trkpt>
      <trkpt lat="35.70266" lon="-78.53504">
        <ele>123.5</ele>
      </trkpt>
      <trkpt lat="35.70259" lon="-78.53517">
        <ele>123.5</ele>
      </trkpt>
      <trkpt lat="35.70256" lon="-78.53522">
        <ele>123.6</ele>
      </trkpt>
      <trkpt lat="35.70247" lon="-78.53541">
        <ele>123.7</ele>
      </trkpt>
      <trkpt lat="35.70199" lon="-78.53635">
        <ele>124.0</ele>
      </trkpt>
      <trkpt lat="35.70195" lon="-78.53641">
        <ele>124.0</ele>
      </trkpt>
      <trkpt lat="35.70173" lon="-78.53685">
        <ele>123.9</ele>
      </trkpt>
      <trkpt lat="35.7017" lon="-78.53691">
        <ele>123.8</ele>
      </trkpt>
      <trkpt lat="35.70167" lon="-78.53698">
        <ele>123.8</ele>
      </trkpt>
      <trkpt lat="35.70159" lon="-78.53714">
        <ele>123.8</ele>
      </trkpt>
      <trkpt lat="35.70159" lon="-78.53715">
        <ele>123.7</ele>
      </trkpt>
      <trkpt lat="35.70152" lon="-78.53729">
        <ele>123.6</ele>
      </trkpt>
      <trkpt lat="35.70146" lon="-78.53742">
        <ele>123.4</ele>
      </trkpt>
      <trkpt lat="35.70144" lon="-78.53747">
        <ele>123.3</ele>
      </trkpt>
      <trkpt lat="35.70131" lon="-78.53774">
        <ele>122.8</ele>
      </trkpt>
      <trkpt lat="35.70122" lon="-78.5379">
        <ele>122.2</ele>
      </trkpt>
      <trkpt lat="35.70107" lon="-78.53822">
        <ele>121.2</ele>
      </trkpt>
      <trkpt lat="35.70106" lon="-78.53824">
        <ele>121.1</ele>
      </trkpt>
      <trkpt lat="35.70102" lon="-78.53832">
        <ele>120.8</ele>
      </trkpt>
      <trkpt lat="35.70101" lon="-78.53833">
        <ele>120.7</ele>
      </trkpt>
      <trkpt lat="35.70097" lon="-78.53842">
        <ele>120.5</ele>
      </trkpt>
      <trkpt lat="35.70085" lon="-78.53866">
        <ele>120.0</ele>
      </trkpt>
      <trkpt lat="35.70084" lon="-78.53867">
        <ele>120.0</ele>
      </trkpt>
      <trkpt lat="35.70081" lon="-78.53873">
        <ele>119.8</ele>
      </trkpt>
      <trkpt lat="35.70078" lon="-78.53878">
        <ele>119.7</ele>
      </trkpt>
      <trkpt lat="35.70076" lon="-78.5388">
        <ele>119.7</ele>
      </trkpt>
      <trkpt lat="35.70076" lon="-78.53881">
        <ele>119.7</ele>
      </trkpt>
      <trkpt lat="35.70072" lon="-78.53888">
        <ele>119.6</ele>
      </trkpt>
      <trkpt lat="35.70071" lon="-78.53888">
        <ele>119.6</ele>
      </trkpt>
      <trkpt lat="35.70066" lon="-78.53896">
        <ele>119.5</ele>
      </trkpt>
      <trkpt lat="35.70062" lon="-78.53901">
        <ele>119.3</ele>
      </trkpt>
      <trkpt lat="35.70054" lon="-78.53912">
        <ele>119.3</ele>
      </trkpt>
      <trkpt lat="35.70053" lon="-78.53914">
        <ele>119.3</ele>
      </trkpt>
      <trkpt lat="35.7005" lon="-78.53917">
        <ele>119.4</ele>
      </trkpt>
      <trkpt lat="35.70048" lon="-78.53921">
        <ele>119.5</ele>
      </trkpt>
      <trkpt lat="35.70047" lon="-78.53921">
        <ele>119.6</ele>
      </trkpt>
      <trkpt lat="35.70042" lon="-78.53928">
        <ele>119.7</ele>
      </trkpt>
      <trkpt lat="35.70037" lon="-78.53934">
        <ele>119.9</ele>
      </trkpt>
      <trkpt lat="35.70032" lon="-78.53941">
        <ele>120.2</ele>
      </trkpt>
      <trkpt lat="35.70003" lon="-78.53978">
        <ele>121.5</ele>
      </trkpt>
      <trkpt lat="35.70001" lon="-78.53981">
        <ele>121.5</ele>
      </trkpt>
      <trkpt lat="35.69998" lon="-78.53985">
        <ele>121.7</ele>
      </trkpt>
      <trkpt lat="35.69992" lon="-78.53992">
        <ele>122.0</ele>
      </trkpt>
      <trkpt lat="35.69991" lon="-78.53994">
        <ele>122.0</ele>
      </trkpt>
      <trkpt lat="35.69986" lon="-78.54001">
        <ele>122.2</ele>
      </trkpt>
      <trkpt lat="35.69978" lon="-78.5401">
        <ele>122.4</ele>
      </trkpt>
      <trkpt lat="35.69976" lon="-78.54013">
        <ele>122.3</ele>
      </trkpt>
      <trkpt lat="35.69973" lon="-78.54016">
        <ele>122.3</ele>
      </trkpt>
      <trkpt lat="35.69973" lon="-78.54017">
        <ele>122.3</ele>
      </trkpt>
      <trkpt lat="35.69969" lon="-78.54021">
        <ele>122.3</ele>
      </trkpt>
      <trkpt lat="35.69968" lon="-78.54024">
        <ele>122.3</ele>
      </trkpt>
      <trkpt lat="35.69967" lon="-78.54024">
        <ele>122.3</ele>
      </trkpt>
      <trkpt lat="35.69966" lon="-78.54026">
        <ele>122.2</ele>
      </trkpt>
      <trkpt lat="35.69954" lon="-78.54042">
        <ele>121.9</ele>
      </trkpt>
      <trkpt lat="35.69948" lon="-78.54049">
        <ele>121.5</ele>
      </trkpt>
      <trkpt lat="35.69941" lon="-78.54058">
        <ele>121.1</ele>
      </trkpt>
      <trkpt lat="35.6988" lon="-78.54139">
        <ele>116.8</ele>
      </trkpt>
      <trkpt lat="35.69871" lon="-78.54151">
        <ele>116.3</ele>
      </trkpt>
      <trkpt lat="35.69866" lon="-78.54158">
        <ele>116.1</ele>
      </trkpt>
      <trkpt lat="35.69863" lon="-78.54163">
        <ele>115.9</ele>
      </trkpt>
      <trkpt lat="35.69846" lon="-78.54185">
        <ele>114.7</ele>
      </trkpt>
      <trkpt lat="35.69844" lon="-78.54187">
        <ele>114.6</ele>
      </trkpt>
      <trkpt lat="35.6984" lon="-78.54194">
        <ele>114.4</ele>
      </trkpt>
      <trkpt lat="35.69807" lon="-78.54237">
        <ele>112.8</ele>
      </trkpt>
      <trkpt lat="35.69798" lon="-78.5425">
        <ele>112.5</ele>
      </trkpt>
      <trkpt lat="35.69795" lon="-78.54253">
        <ele>112.4</ele>
      </trkpt>
      <trkpt lat="35.69791" lon="-78.54258">
        <ele>112.2</ele>
      </trkpt>
      <trkpt lat="35.69791" lon="-78.54259">
        <ele>112.2</ele>
      </trkpt>
      <trkpt lat="35.6978" lon="-78.54274">
        <ele>111.9</ele>
      </trkpt>
      <trkpt lat="35.69777" lon="-78.54278">
        <ele>111.9</ele>
      </trkpt>
      <trkpt lat="35.69774" lon="-78.54283">
        <ele>111.8</ele>
      </trkpt>
      <trkpt lat="35.69774" lon="-78.54284">
        <ele>111.8</ele>
      </trkpt>
      <trkpt lat="35.6977" lon="-78.54291">
        <ele>111.7</ele>
      </trkpt>
      <trkpt lat="35.69766" lon="-78.54297">
        <ele>111.7</ele>
      </trkpt>
      <trkpt lat="35.69762" lon="-78.54308">
        <ele>112.1</ele>
      </trkpt>
      <trkpt lat="35.69757" lon="-78.54318">
        <ele>112.3</ele>
      </trkpt>
      <trkpt lat="35.69755" lon="-78.54324">
        <ele>112.5</ele>
      </trkpt>
      <trkpt lat="35.69752" lon="-78.54333">
        <ele>112.5</ele>
      </trkpt>
      <trkpt lat="35.69751" lon="-78.54336">
        <ele>112.5</ele>
      </trkpt>
      <trkpt lat="35.6975" lon="-78.54341">
        <ele>112.6</ele>
      </trkpt>
      <trkpt lat="35.6975" lon="-78.54342">
        <ele>112.7</ele>
      </trkpt>
      <trkpt lat="35.69748" lon="-78.5435">
        <ele>112.5</ele>
      </trkpt>
      <trkpt lat="35.69746" lon="-78.5436">
        <ele>112.3</ele>
      </trkpt>
      <trkpt lat="35.69745" lon="-78.54366">
        <ele>112.2</ele>
      </trkpt>
      <trkpt lat="35.69743" lon="-78.54379">
        <ele>112.0</ele>
      </trkpt>
      <trkpt lat="35.69743" lon="-78.5438">
        <ele>112.0</ele>
      </trkpt>
      <trkpt lat="35.69742" lon="-78.54382">
        <ele>112.0</ele>
      </trkpt>
      <trkpt lat="35.69741" lon="-78.54396">
        <ele>112.3</ele>
      </trkpt>
      <trkpt lat="35.6974" lon="-78.54405">
        <ele>112.6</ele>
      </trkpt>
      <trkpt lat="35.6974" lon="-78.54422">
        <ele>113.2</ele>
      </trkpt>
      <trkpt lat="35.6974" lon="-78.54423">
        <ele>113.3</ele>
      </trkpt>
      <trkpt lat="35.69739" lon="-78.54444">
        <ele>114.1</ele>
      </trkpt>
      <trkpt lat="35.6974" lon="-78.54467">
        <ele>114.7</ele>
      </trkpt>
      <trkpt lat="35.6974" lon="-78.54471">
        <ele>114.7</ele>
      </trkpt>
      <trkpt lat="35.6974" lon="-78.54484">
        <ele>114.6</ele>
      </trkpt>
      <trkpt lat="35.6974" lon="-78.5449">
        <ele>114.6</ele>
      </trkpt>
      <trkpt lat="35.6974" lon="-78.54491">
        <ele>114.6</ele>
      </trkpt>
      <trkpt lat="35.6974" lon="-78.54494">
        <ele>114.6</ele>
      </trkpt>
      <trkpt lat="35.69741" lon="-78.54514">
        <ele>114.3</ele>
      </trkpt>
      <trkpt lat="35.69741" lon="-78.54534">
        <ele>113.9</ele>
      </trkpt>
      <trkpt lat="35.69741" lon="-78.5454">
        <ele>113.8</ele>
      </trkpt>
      <trkpt lat="35.69741" lon="-78.54563">
        <ele>113.5</ele>
      </trkpt>
      <trkpt lat="35.6974" lon="-78.5458">
        <ele>113.2</ele>
      </trkpt>
      <trkpt lat="35.69738" lon="-78.54593">
        <ele>113.1</ele>
      </trkpt>
      <trkpt lat="35.69736" lon="-78.54606">
        <ele>113.0</ele>
      </trkpt>
      <trkpt lat="35.69734" lon="-78.54621">
        <ele>112.9</ele>
      </trkpt>
      <trkpt lat="35.69733" lon="-78.54623">
        <ele>112.9</ele>
      </trkpt>
      <trkpt lat="35.6973" lon="-78.54634">
        <ele>112.7</ele>
      </trkpt>
      <trkpt lat="35.69724" lon="-78.5466">
        <ele>112.5</ele>
      </trkpt>
      <trkpt lat="35.69714" lon="-78.54689">
        <ele>112.6</ele>
      </trkpt>
      <trkpt lat="35.69704" lon="-78.54721">
        <ele>112.5</ele>
      </trkpt>
      <trkpt lat="35.69693" lon="-78.54757">
        <ele>112.4</ele>
      </trkpt>
      <trkpt lat="35.69665" lon="-78.54845">
        <ele>110.9</ele>
      </trkpt>
      <trkpt lat="35.69665" lon="-78.54846">
        <ele>110.9</ele>
      </trkpt>
      <trkpt lat="35.69652" lon="-78.54886">
        <ele>110.0</ele>
      </trkpt>
      <trkpt lat="35.6965" lon="-78.54898">
        <ele>110.3</ele>
      </trkpt>
      <trkpt lat="35.69643" lon="-78.54917">
        <ele>110.7</ele>
      </trkpt>
      <trkpt lat="35.6964" lon="-78.54924">
        <ele>110.9</ele>
      </trkpt>
      <trkpt lat="35.69636" lon="-78.54935">
        <ele>111.0</ele>
      </trkpt>
      <trkpt lat="35.69632" lon="-78.54943">
        <ele>111.1</ele>
      </trkpt>
      <trkpt lat="35.69626" lon="-78.54955">
        <ele>111.1</ele>
      </trkpt>
      <trkpt lat="35.6962" lon="-78.54964">
        <ele>111.2</ele>
      </trkpt>
      <trkpt lat="35.69618" lon="-78.54966">
        <ele>111.2</ele>
      </trkpt>
      <trkpt lat="35.69618" lon="-78.54967">
        <ele>111.2</ele>
      </trkpt>
      <trkpt lat="35.69616" lon="-78.54969">
        <ele>111.3</ele>
      </trkpt>
      <trkpt lat="35.69613" lon="-78.54973">
        <ele>111.4</ele>
      </trkpt>
      <trkpt lat="35.69609" lon="-78.54976">
        <ele>111.5</ele>
      </trkpt>
      <trkpt lat="35.69606" lon="-78.54978">
        <ele>111.4</ele>
      </trkpt>
      <trkpt lat="35.69602" lon="-78.54981">
        <ele>111.6</ele>
      </trkpt>
      <trkpt lat="35.69597" lon="-78.54983">
        <ele>111.4</ele>
      </trkpt>
      <trkpt lat="35.69592" lon="-78.54985">
        <ele>111.2</ele>
      </trkpt>
      <trkpt lat="35.69586" lon="-78.54987">
        <ele>111.1</ele>
      </trkpt>
      <trkpt lat="35.69579" lon="-78.54989">
        <ele>110.8</ele>
      </trkpt>
      <trkpt lat="35.69569" lon="-78.5499">
        <ele>110.5</ele>
      </trkpt>
      <trkpt lat="35.69518" lon="-78.54993">
        <ele>109.7</ele>
      </trkpt>
      <trkpt lat="35.69517" lon="-78.54993">
        <ele>109.7</ele>
      </trkpt>
      <trkpt lat="35.69499" lon="-78.54994">
        <ele>109.4</ele>
      </trkpt>
      <trkpt lat="35.69458" lon="-78.54996">
        <ele>108.3</ele>
      </trkpt>
      <trkpt lat="35.69432" lon="-78.54997">
        <ele>107.3</ele>
      </trkpt>
      <trkpt lat="35.69403" lon="-78.54998">
        <ele>106.6</ele>
      </trkpt>
      <trkpt lat="35.69367" lon="-78.55">
        <ele>105.8</ele>
      </trkpt>
      <trkpt lat="35.69283" lon="-78.55005">
        <ele>104.3</ele>
      </trkpt>
      <trkpt lat="35.69279" lon="-78.55005">
        <ele>104.2</ele>
      </trkpt>
      <trkpt lat="35.69246" lon="-78.55008">
        <ele>104.0</ele>
      </trkpt>
      <trkpt lat="35.69246" lon="-78.55008">
        <ele>104.0</ele>
      </trkpt>
      <trkpt lat="35.6924" lon="-78.54949">
        <ele>105.1</ele>
      </trkpt>
      <trkpt lat="35.69236" lon="-78.54914">
        <ele>105.5</ele>
      </trkpt>
      <trkpt lat="35.69234" lon="-78.54895">
        <ele>105.8</ele>
      </trkpt>
      <trkpt lat="35.69233" lon="-78.54884">
        <ele>105.9</ele>
      </trkpt>
      <trkpt lat="35.69233" lon="-78.54883">
        <ele>105.9</ele>
      </trkpt>
      <trkpt lat="35.69226" lon="-78.54812">
        <ele>104.8</ele>
      </trkpt>
      <trkpt lat="35.6922" lon="-78.54775">
        <ele>104.8</ele>
      </trkpt>
      <trkpt lat="35.69214" lon="-78.54742">
        <ele>105.0</ele>
      </trkpt>
      <trkpt lat="35.6921" lon="-78.54719">
        <ele>105.0</ele>
      </trkpt>
      <trkpt lat="35.6921" lon="-78.54717">
        <ele>105.1</ele>
      </trkpt>
      <trkpt lat="35.69208" lon="-78.5471">
        <ele>105.1</ele>
      </trkpt>
      <trkpt lat="35.69208" lon="-78.54709">
        <ele>105.1</ele>
      </trkpt>
      <trkpt lat="35.69203" lon="-78.54684">
        <ele>104.7</ele>
      </trkpt>
      <trkpt lat="35.69193" lon="-78.54641">
        <ele>103.5</ele>
      </trkpt>
      <trkpt lat="35.6919" lon="-78.54631">
        <ele>103.1</ele>
      </trkpt>
      <trkpt lat="35.69189" lon="-78.54624">
        <ele>102.9</ele>
      </trkpt>
      <trkpt lat="35.69188" lon="-78.54624">
        <ele>102.7</ele>
      </trkpt>
      <trkpt lat="35.69175" lon="-78.54572">
        <ele>100.1</ele>
      </trkpt>
      <trkpt lat="35.69162" lon="-78.54524">
        <ele>97.5</ele>
      </trkpt>
      <trkpt lat="35.69162" lon="-78.54524">
        <ele>97.5</ele>
      </trkpt>
      <trkpt lat="35.69161" lon="-78.54519">
        <ele>97.3</ele>
      </trkpt>
      <trkpt lat="35.69142" lon="-78.5445">
        <ele>93.6</ele>
      </trkpt>
      <trkpt lat="35.69131" lon="-78.54408">
        <ele>93.5</ele>
      </trkpt>
      <trkpt lat="35.69124" lon="-78.54375">
        <ele>95.3</ele>
      </trkpt>
      <trkpt lat="35.69122" lon="-78.54365">
        <ele>95.5</ele>
      </trkpt>
      <trkpt lat="35.6912" lon="-78.54349">
        <ele>96.2</ele>
      </trkpt>
      <trkpt lat="35.6912" lon="-78.54331">
        <ele>96.9</ele>
      </trkpt>
      <trkpt lat="35.6912" lon="-78.54321">
        <ele>97.0</ele>
      </trkpt>
      <trkpt lat="35.69121" lon="-78.54299">
        <ele>97.2</ele>
      </trkpt>
      <trkpt lat="35.69127" lon="-78.54244">
        <ele>99.3</ele>
      </trkpt>
      <trkpt lat="35.69128" lon="-78.54233">
        <ele>99.3</ele>
      </trkpt>
      <trkpt lat="35.69129" lon="-78.54222">
        <ele>99.3</ele>
      </trkpt>
      <trkpt lat="35.69131" lon="-78.54212">
        <ele>99.1</ele>
      </trkpt>
      <trkpt lat="35.69132" lon="-78.542">
        <ele>98.8</ele>
      </trkpt>
      <trkpt lat="35.69134" lon="-78.54182">
        <ele>98.7</ele>
      </trkpt>
      <trkpt lat="35.69134" lon="-78.54178">
        <ele>98.7</ele>
      </trkpt>
      <trkpt lat="35.6914" lon="-78.54134">
        <ele>97.1</ele>
      </trkpt>
      <trkpt lat="35.6914" lon="-78.54118">
        <ele>96.9</ele>
      </trkpt>
      <trkpt lat="35.6914" lon="-78.54105">
        <ele>97.0</ele>
      </trkpt>
      <trkpt lat="35.6914" lon="-78.5409">
        <ele>96.9</ele>
      </trkpt>
      <trkpt lat="35.69139" lon="-78.5408">
        <ele>96.9</ele>
      </trkpt>
      <trkpt lat="35.69138" lon="-78.54069">
        <ele>96.8</ele>
      </trkpt>
      <trkpt lat="35.69138" lon="-78.54068">
        <ele>96.8</ele>
      </trkpt>
      <trkpt lat="35.69137" lon="-78.54063">
        <ele>96.7</ele>
      </trkpt>
      <trkpt lat="35.69137" lon="-78.5406">
        <ele>96.8</ele>
      </trkpt>
      <trkpt lat="35.69135" lon="-78.5405">
        <ele>97.0</ele>
      </trkpt>
      <trkpt lat="35.69133" lon="-78.54039">
        <ele>97.0</ele>
      </trkpt>
      <trkpt lat="35.69131" lon="-78.54029">
        <ele>96.7</ele>
      </trkpt>
      <trkpt lat="35.69128" lon="-78.54016">
        <ele>96.4</ele>
      </trkpt>
      <trkpt lat="35.69125" lon="-78.54004">
        <ele>96.1</ele>
      </trkpt>
      <trkpt lat="35.69122" lon="-78.53995">
        <ele>95.8</ele>
      </trkpt>
      <trkpt lat="35.69119" lon="-78.53986">
        <ele>95.6</ele>
      </trkpt>
      <trkpt lat="35.69115" lon="-78.53977">
        <ele>95.3</ele>
      </trkpt>
      <trkpt lat="35.69086" lon="-78.53902">
        <ele>94.7</ele>
      </trkpt>
      <trkpt lat="35.6907" lon="-78.53862">
        <ele>95.3</ele>
      </trkpt>
      <trkpt lat="35.69059" lon="-78.53836">
        <ele>95.2</ele>
      </trkpt>
      <trkpt lat="35.69054" lon="-78.53823">
        <ele>95.1</ele>
      </trkpt>
      <trkpt lat="35.69006" lon="-78.53704">
        <ele>89.0</ele>
      </trkpt>
      <trkpt lat="35.68995" lon="-78.53677">
        <ele>88.4</ele>
      </trkpt>
      <trkpt lat="35.6899" lon="-78.53664">
        <ele>87.6</ele>
      </trkpt>
      <trkpt lat="35.68982" lon="-78.53644">
        <ele>87.2</ele>
      </trkpt>
      <trkpt lat="35.68979" lon="-78.53638">
        <ele>87.7</ele>
      </trkpt>
      <trkpt lat="35.68974" lon="-78.53624">
        <ele>88.3</ele>
      </trkpt>
      <trkpt lat="35.68969" lon="-78.53612">
        <ele>88.8</ele>
      </trkpt>
      <trkpt lat="35.68956" lon="-78.53578">
        <ele>90.7</ele>
      </trkpt>
      <trkpt lat="35.6895" lon="-78.53565">
        <ele>91.0</ele>
      </trkpt>
      <trkpt lat="35.68945" lon="-78.53551">
        <ele>91.2</ele>
      </trkpt>
      <trkpt lat="35.68942" lon="-78.53545">
        <ele>91.2</ele>
      </trkpt>
      <trkpt lat="35.6894" lon="-78.53538">
        <ele>91.2</ele>
      </trkpt>
      <trkpt lat="35.68921" lon="-78.53493">
        <ele>90.4</ele>
      </trkpt>
      <trkpt lat="35.68919" lon="-78.53485">
        <ele>90.2</ele>
      </trkpt>
      <trkpt lat="35.68917" lon="-78.53481">
        <ele>90.2</ele>
      </trkpt>
      <trkpt lat="35.68916" lon="-78.53478">
        <ele>90.4</ele>
      </trkpt>
      <trkpt lat="35.68915" lon="-78.53478">
        <ele>90.5</ele>
      </trkpt>
      <trkpt lat="35.68907" lon="-78.53459">
        <ele>91.3</ele>
      </trkpt>
      <trkpt lat="35.68904" lon="-78.5345">
        <ele>91.7</ele>
      </trkpt>
      <trkpt lat="35.689" lon="-78.5344">
        <ele>92.1</ele>
      </trkpt>
      <trkpt lat="35.689" lon="-78.53439">
        <ele>92.2</ele>
      </trkpt>
      <trkpt lat="35.68898" lon="-78.53435">
        <ele>92.4</ele>
      </trkpt>
      <trkpt lat="35.68892" lon="-78.5342">
        <ele>92.6</ele>
      </trkpt>
      <trkpt lat="35.68892" lon="-78.53419">
        <ele>92.6</ele>
      </trkpt>
      <trkpt lat="35.6889" lon="-78.53415">
        <ele>92.6</ele>
      </trkpt>
      <trkpt lat="35.68884" lon="-78.53399">
        <ele>93.0</ele>
      </trkpt>
      <trkpt lat="35.68868" lon="-78.53359">
        <ele>94.5</ele>
      </trkpt>
      <trkpt lat="35.6886" lon="-78.53339">
        <ele>95.0</ele>
      </trkpt>
      <trkpt lat="35.68837" lon="-78.53281">
        <ele>96.4</ele>
      </trkpt>
      <trkpt lat="35.68836" lon="-78.5328">
        <ele>96.4</ele>
      </trkpt>
      <trkpt lat="35.68813" lon="-78.53222">
        <ele>98.8</ele>
      </trkpt>
      <trkpt lat="35.68805" lon="-78.53202">
        <ele>99.5</ele>
      </trkpt>
      <trkpt lat="35.68804" lon="-78.532">
        <ele>99.5</ele>
      </trkpt>
      <trkpt lat="35.68797" lon="-78.53182">
        <ele>99.9</ele>
      </trkpt>
      <trkpt lat="35.68796" lon="-78.5318">
        <ele>99.9</ele>
      </trkpt>
      <trkpt lat="35.6878" lon="-78.53141">
        <ele>100.6</ele>
      </trkpt>
      <trkpt lat="35.6878" lon="-78.53139">
        <ele>100.6</ele>
      </trkpt>
      <trkpt lat="35.68772" lon="-78.53121">
        <ele>100.9</ele>
      </trkpt>
      <trkpt lat="35.68764" lon="-78.53101">
        <ele>101.2</ele>
      </trkpt>
      <trkpt lat="35.68748" lon="-78.53061">
        <ele>101.6</ele>
      </trkpt>
      <trkpt lat="35.68692" lon="-78.52923">
        <ele>106.4</ele>
      </trkpt>
      <trkpt lat="35.6869" lon="-78.52916">
        <ele>106.6</ele>
      </trkpt>
      <trkpt lat="35.68674" lon="-78.52877">
        <ele>107.5</ele>
      </trkpt>
      <trkpt lat="35.6866" lon="-78.52842">
        <ele>108.7</ele>
      </trkpt>
      <trkpt lat="35.68653" lon="-78.52826">
        <ele>109.2</ele>
      </trkpt>
      <trkpt lat="35.68648" lon="-78.52813">
        <ele>109.4</ele>
      </trkpt>
      <trkpt lat="35.68634" lon="-78.52778">
        <ele>110.4</ele>
      </trkpt>
      <trkpt lat="35.68628" lon="-78.52766">
        <ele>110.7</ele>
      </trkpt>
      <trkpt lat="35.68624" lon="-78.52759">
        <ele>111.3</ele>
      </trkpt>
      <trkpt lat="35.68623" lon="-78.52755">
        <ele>111.2</ele>
      </trkpt>
      <trkpt lat="35.68622" lon="-78.52754">
        <ele>111.2</ele>
      </trkpt>
      <trkpt lat="35.68618" lon="-78.52747">
        <ele>111.6</ele>
      </trkpt>
      <trkpt lat="35.68613" lon="-78.5274">
        <ele>112.7</ele>
      </trkpt>
      <trkpt lat="35.68608" lon="-78.52732">
        <ele>113.5</ele>
      </trkpt>
      <trkpt lat="35.68606" lon="-78.52729">
        <ele>113.7</ele>
      </trkpt>
      <trkpt lat="35.68605" lon="-78.52729">
        <ele>113.7</ele>
      </trkpt>
      <trkpt lat="35.68603" lon="-78.52726">
        <ele>113.9</ele>
      </trkpt>
      <trkpt lat="35.68602" lon="-78.52725">
        <ele>114.0</ele>
      </trkpt>
      <trkpt lat="35.68602" lon="-78.52724">
        <ele>114.0</ele>
      </trkpt>
      <trkpt lat="35.68599" lon="-78.52721">
        <ele>114.1</ele>
      </trkpt>
      <trkpt lat="35.68592" lon="-78.52713">
        <ele>114.5</ele>
      </trkpt>
      <trkpt lat="35.68585" lon="-78.52706">
        <ele>114.2</ele>
      </trkpt>
      <trkpt lat="35.68569" lon="-78.52693">
        <ele>113.8</ele>
      </trkpt>
      <trkpt lat="35.68569" lon="-78.52693">
        <ele>113.8</ele>
      </trkpt>
      <trkpt lat="35.68591" lon="-78.52691">
        <ele>114.2</ele>
      </trkpt>
      <trkpt lat="35.68599" lon="-78.5269">
        <ele>114.4</ele>
      </trkpt>
      <trkpt lat="35.686" lon="-78.5269">
        <ele>114.4</ele>
      </trkpt>
      <trkpt lat="35.68602" lon="-78.5269">
        <ele>114.4</ele>
      </trkpt>
      <trkpt lat="35.68605" lon="-78.5269">
        <ele>114.4</ele>
      </trkpt>
      <trkpt lat="35.68606" lon="-78.5269">
        <ele>114.4</ele>
      </trkpt>
      <trkpt lat="35.68609" lon="-78.5269">
        <ele>114.4</ele>
      </trkpt>
      <trkpt lat="35.68617" lon="-78.5269">
        <ele>114.5</ele>
      </trkpt>
      <trkpt lat="35.68635" lon="-78.5269">
        <ele>114.3</ele>
      </trkpt>
      <trkpt lat="35.68661" lon="-78.5269">
        <ele>114.2</ele>
      </trkpt>
      <trkpt lat="35.68674" lon="-78.52691">
        <ele>114.0</ele>
      </trkpt>
      <trkpt lat="35.68676" lon="-78.52691">
        <ele>114.0</ele>
      </trkpt>
      <trkpt lat="35.68689" lon="-78.52691">
        <ele>113.9</ele>
      </trkpt>
      <trkpt lat="35.6869" lon="-78.52691">
        <ele>113.9</ele>
      </trkpt>
      <trkpt lat="35.68695" lon="-78.52691">
        <ele>113.9</ele>
      </trkpt>
      <trkpt lat="35.68698" lon="-78.52691">
        <ele>113.8</ele>
      </trkpt>
      <trkpt lat="35.68719" lon="-78.52693">
        <ele>113.6</ele>
      </trkpt>
      <trkpt lat="35.68725" lon="-78.52693">
        <ele>113.6</ele>
      </trkpt>
      <trkpt lat="35.68741" lon="-78.52694">
        <ele>113.4</ele>
      </trkpt>
      <trkpt lat="35.68743" lon="-78.52694">
        <ele>113.3</ele>
      </trkpt>
      <trkpt lat="35.68746" lon="-78.52694">
        <ele>113.3</ele>
      </trkpt>
      <trkpt lat="35.68762" lon="-78.52695">
        <ele>113.0</ele>
      </trkpt>
      <trkpt lat="35.68782" lon="-78.52696">
        <ele>112.6</ele>
      </trkpt>
      <trkpt lat="35.68827" lon="-78.52698">
        <ele>111.9</ele>
      </trkpt>
      <trkpt lat="35.68861" lon="-78.527">
        <ele>111.4</ele>
      </trkpt>
      <trkpt lat="35.6887" lon="-78.52701">
        <ele>111.3</ele>
      </trkpt>
      <trkpt lat="35.68879" lon="-78.52701">
        <ele>111.2</ele>
      </trkpt>
      <trkpt lat="35.68887" lon="-78.52702">
        <ele>111.0</ele>
      </trkpt>
      <trkpt lat="35.68888" lon="-78.52702">
        <ele>111.0</ele>
      </trkpt>
      <trkpt lat="35.68889" lon="-78.52702">
        <ele>111.0</ele>
      </trkpt>
      <trkpt lat="35.68893" lon="-78.52702">
        <ele>110.9</ele>
      </trkpt>
      <trkpt lat="35.68905" lon="-78.52703">
        <ele>110.7</ele>
      </trkpt>
      <trkpt lat="35.68906" lon="-78.52703">
        <ele>110.7</ele>
      </trkpt>
      <trkpt lat="35.68907" lon="-78.52703">
        <ele>110.7</ele>
      </trkpt>
      <trkpt lat="35.68911" lon="-78.52703">
        <ele>110.7</ele>
      </trkpt>
      <trkpt lat="35.68978" lon="-78.52707">
        <ele>109.9</ele>
      </trkpt>
      <trkpt lat="35.6898" lon="-78.52707">
        <ele>109.8</ele>
      </trkpt>
      <trkpt lat="35.68995" lon="-78.52707">
        <ele>109.5</ele>
      </trkpt>
      <trkpt lat="35.69" lon="-78.52707">
        <ele>109.4</ele>
      </trkpt>
      <trkpt lat="35.69004" lon="-78.52707">
        <ele>109.3</ele>
      </trkpt>
      <trkpt lat="35.69013" lon="-78.52707">
        <ele>109.3</ele>
      </trkpt>
      <trkpt lat="35.69037" lon="-78.52708">
        <ele>109.5</ele>
      </trkpt>
      <trkpt lat="35.69049" lon="-78.52708">
        <ele>109.9</ele>
      </trkpt>
      <trkpt lat="35.69067" lon="-78.52708">
        <ele>110.4</ele>
      </trkpt>
      <trkpt lat="35.69085" lon="-78.52708">
        <ele>111.2</ele>
      </trkpt>
      <trkpt lat="35.69087" lon="-78.52708">
        <ele>111.3</ele>
      </trkpt>
      <trkpt lat="35.69156" lon="-78.52706">
        <ele>112.9</ele>
      </trkpt>
      <trkpt lat="35.69162" lon="-78.52706">
        <ele>113.0</ele>
      </trkpt>
      <trkpt lat="35.6917" lon="-78.52705">
        <ele>113.2</ele>
      </trkpt>
      <trkpt lat="35.69192" lon="-78.52705">
        <ele>113.1</ele>
      </trkpt>
      <trkpt lat="35.69216" lon="-78.52704">
        <ele>113.3</ele>
      </trkpt>
      <trkpt lat="35.69223" lon="-78.52704">
        <ele>113.3</ele>
      </trkpt>
      <trkpt lat="35.69228" lon="-78.52704">
        <ele>113.3</ele>
      </trkpt>
      <trkpt lat="35.69264" lon="-78.52703">
        <ele>113.5</ele>
      </trkpt>
      <trkpt lat="35.693" lon="-78.52701">
        <ele>114.1</ele>
      </trkpt>
      <trkpt lat="35.69306" lon="-78.52701">
        <ele>114.1</ele>
      </trkpt>
      <trkpt lat="35.69318" lon="-78.52701">
        <ele>113.7</ele>
      </trkpt>
      <trkpt lat="35.69324" lon="-78.52701">
        <ele>113.5</ele>
      </trkpt>
      <trkpt lat="35.69336" lon="-78.527">
        <ele>113.2</ele>
      </trkpt>
      <trkpt lat="35.69414" lon="-78.52697">
        <ele>112.9</ele>
      </trkpt>
      <trkpt lat="35.69432" lon="-78.52697">
        <ele>113.0</ele>
      </trkpt>
      <trkpt lat="35.69433" lon="-78.52697">
        <ele>113.0</ele>
      </trkpt>
      <trkpt lat="35.69439" lon="-78.52697">
        <ele>113.1</ele>
      </trkpt>
      <trkpt lat="35.69469" lon="-78.52697">
        <ele>112.9</ele>
      </trkpt>
      <trkpt lat="35.69487" lon="-78.52698">
        <ele>113.2</ele>
      </trkpt>
      <trkpt lat="35.69497" lon="-78.52698">
        <ele>113.3</ele>
      </trkpt>
      <trkpt lat="35.69505" lon="-78.52698">
        <ele>113.5</ele>
      </trkpt>
      <trkpt lat="35.69522" lon="-78.52699">
        <ele>113.8</ele>
      </trkpt>
      <trkpt lat="35.69535" lon="-78.527">
        <ele>114.2</ele>
      </trkpt>
      <trkpt lat="35.69541" lon="-78.527">
        <ele>114.4</ele>
      </trkpt>
      <trkpt lat="35.69559" lon="-78.52701">
        <ele>114.7</ele>
      </trkpt>
      <trkpt lat="35.69576" lon="-78.52702">
        <ele>115.0</ele>
      </trkpt>
      <trkpt lat="35.69592" lon="-78.52703">
        <ele>115.3</ele>
      </trkpt>
      <trkpt lat="35.69594" lon="-78.52703">
        <ele>115.3</ele>
      </trkpt>
      <trkpt lat="35.69612" lon="-78.52704">
        <ele>115.8</ele>
      </trkpt>
      <trkpt lat="35.6963" lon="-78.52705">
        <ele>116.4</ele>
      </trkpt>
      <trkpt lat="35.69641" lon="-78.52706">
        <ele>116.6</ele>
      </trkpt>
      <trkpt lat="35.69648" lon="-78.52706">
        <ele>116.9</ele>
      </trkpt>
      <trkpt lat="35.69666" lon="-78.52707">
        <ele>117.1</ele>
      </trkpt>
      <trkpt lat="35.69704" lon="-78.52709">
        <ele>118.3</ele>
      </trkpt>
      <trkpt lat="35.69717" lon="-78.5271">
        <ele>118.6</ele>
      </trkpt>
      <trkpt lat="35.69717" lon="-78.5271">
        <ele>118.6</ele>
      </trkpt>
      <trkpt lat="35.6972" lon="-78.5271">
        <ele>118.7</ele>
      </trkpt>
      <trkpt lat="35.69738" lon="-78.52711">
        <ele>118.9</ele>
      </trkpt>
      <trkpt lat="35.69745" lon="-78.52712">
        <ele>119.0</ele>
      </trkpt>
      <trkpt lat="35.69756" lon="-78.52712">
        <ele>119.2</ele>
      </trkpt>
      <trkpt lat="35.69774" lon="-78.52713">
        <ele>119.3</ele>
      </trkpt>
      <trkpt lat="35.69792" lon="-78.52714">
        <ele>119.6</ele>
      </trkpt>
      <trkpt lat="35.69801" lon="-78.52715">
        <ele>119.6</ele>
      </trkpt>
      <trkpt lat="35.6981" lon="-78.52715">
        <ele>119.7</ele>
      </trkpt>
      <trkpt lat="35.69814" lon="-78.52715">
        <ele>119.7</ele>
      </trkpt>
      <trkpt lat="35.69827" lon="-78.52717">
        <ele>119.7</ele>
      </trkpt>
      <trkpt lat="35.69828" lon="-78.52717">
        <ele>119.7</ele>
      </trkpt>
      <trkpt lat="35.69836" lon="-78.52718">
        <ele>119.6</ele>
      </trkpt>
      <trkpt lat="35.69844" lon="-78.52719">
        <ele>119.5</ele>
      </trkpt>
      <trkpt lat="35.69846" lon="-78.5272">
        <ele>119.5</ele>
      </trkpt>
      <trkpt lat="35.69853" lon="-78.52721">
        <ele>119.6</ele>
      </trkpt>
      <trkpt lat="35.69862" lon="-78.52724">
        <ele>119.7</ele>
      </trkpt>
      <trkpt lat="35.69871" lon="-78.52727">
        <ele>119.8</ele>
      </trkpt>
      <trkpt lat="35.69882" lon="-78.52731">
        <ele>119.9</ele>
      </trkpt>
      <trkpt lat="35.69888" lon="-78.52734">
        <ele>120.0</ele>
      </trkpt>
      <trkpt lat="35.69892" lon="-78.52736">
        <ele>120.2</ele>
      </trkpt>
      <trkpt lat="35.69897" lon="-78.52739">
        <ele>120.4</ele>
      </trkpt>
      <trkpt lat="35.69911" lon="-78.52746">
        <ele>120.7</ele>
      </trkpt>
      <trkpt lat="35.69911" lon="-78.52746">
        <ele>120.7</ele>
      </trkpt>
      <trkpt lat="35.69911" lon="-78.52696">
        <ele>121.3</ele>
      </trkpt>
      <trkpt lat="35.69911" lon="-78.52689">
        <ele>121.1</ele>
      </trkpt>
      <trkpt lat="35.69911" lon="-78.52688">
        <ele>121.0</ele>
      </trkpt>
      <trkpt lat="35.6991" lon="-78.52668">
        <ele>120.0</ele>
      </trkpt>
      <trkpt lat="35.6991" lon="-78.52667">
        <ele>120.0</ele>
      </trkpt>
      <trkpt lat="35.6991" lon="-78.52666">
        <ele>119.9</ele>
      </trkpt>
      <trkpt lat="35.69909" lon="-78.52644">
        <ele>119.5</ele>
      </trkpt>
      <trkpt lat="35.69909" lon="-78.52631">
        <ele>119.2</ele>
      </trkpt>
      <trkpt lat="35.69907" lon="-78.526">
        <ele>119.0</ele>
      </trkpt>
      <trkpt lat="35.69906" lon="-78.52579">
        <ele>119.0</ele>
      </trkpt>
      <trkpt lat="35.69905" lon="-78.52557">
        <ele>118.9</ele>
      </trkpt>
      <trkpt lat="35.69902" lon="-78.52511">
        <ele>118.4</ele>
      </trkpt>
      <trkpt lat="35.69901" lon="-78.52503">
        <ele>118.2</ele>
      </trkpt>
      <trkpt lat="35.699" lon="-78.52489">
        <ele>118.0</ele>
      </trkpt>
      <trkpt lat="35.69899" lon="-78.52467">
        <ele>117.5</ele>
      </trkpt>
      <trkpt lat="35.69894" lon="-78.52403">
        <ele>116.5</ele>
      </trkpt>
      <trkpt lat="35.69891" lon="-78.52358">
        <ele>116.4</ele>
      </trkpt>
      <trkpt lat="35.69891" lon="-78.52357">
        <ele>116.4</ele>
      </trkpt>
      <trkpt lat="35.6989" lon="-78.52336">
        <ele>116.3</ele>
      </trkpt>
      <trkpt lat="35.69889" lon="-78.52336">
        <ele>116.4</ele>
      </trkpt>
      <trkpt lat="35.69889" lon="-78.52335">
        <ele>116.3</ele>
      </trkpt>
      <trkpt lat="35.69888" lon="-78.52314">
        <ele>115.6</ele>
      </trkpt>
      <trkpt lat="35.69888" lon="-78.52313">
        <ele>115.6</ele>
      </trkpt>
      <trkpt lat="35.69886" lon="-78.52292">
        <ele>115.5</ele>
      </trkpt>
      <trkpt lat="35.69883" lon="-78.52253">
        <ele>114.7</ele>
      </trkpt>
      <trkpt lat="35.6988" lon="-78.52204">
        <ele>113.0</ele>
      </trkpt>
      <trkpt lat="35.69878" lon="-78.52175">
        <ele>112.2</ele>
      </trkpt>
      <trkpt lat="35.69878" lon="-78.52159">
        <ele>111.6</ele>
      </trkpt>
      <trkpt lat="35.69877" lon="-78.52137">
        <ele>110.8</ele>
      </trkpt>
      <trkpt lat="35.69877" lon="-78.52115">
        <ele>110.6</ele>
      </trkpt>
      <trkpt lat="35.69877" lon="-78.52093">
        <ele>110.1</ele>
      </trkpt>
      <trkpt lat="35.69876" lon="-78.52085">
        <ele>110.0</ele>
      </trkpt>
      <trkpt lat="35.69877" lon="-78.52071">
        <ele>109.6</ele>
      </trkpt>
      <trkpt lat="35.69877" lon="-78.5204">
        <ele>109.4</ele>
      </trkpt>
      <trkpt lat="35.69878" lon="-78.52027">
        <ele>109.6</ele>
      </trkpt>
      <trkpt lat="35.69881" lon="-78.51986">
        <ele>108.8</ele>
      </trkpt>
      <trkpt lat="35.6988" lon="-78.5196">
        <ele>108.3</ele>
      </trkpt>
      <trkpt lat="35.69882" lon="-78.51946">
        <ele>107.9</ele>
      </trkpt>
      <trkpt lat="35.69885" lon="-78.51886">
        <ele>106.8</ele>
      </trkpt>
      <trkpt lat="35.69887" lon="-78.51855">
        <ele>106.8</ele>
      </trkpt>
      <trkpt lat="35.69889" lon="-78.5182">
        <ele>106.4</ele>
      </trkpt>
      <trkpt lat="35.69896" lon="-78.51694">
        <ele>105.0</ele>
      </trkpt>
      <trkpt lat="35.69897" lon="-78.51693">
        <ele>105.0</ele>
      </trkpt>
      <trkpt lat="35.69897" lon="-78.51688">
        <ele>105.0</ele>
      </trkpt>
      <trkpt lat="35.69897" lon="-78.51687">
        <ele>105.0</ele>
      </trkpt>
      <trkpt lat="35.69897" lon="-78.51628">
        <ele>103.7</ele>
      </trkpt>
      <trkpt lat="35.69897" lon="-78.51621">
        <ele>103.7</ele>
      </trkpt>
      <trkpt lat="35.69897" lon="-78.51594">
        <ele>102.2</ele>
      </trkpt>
      <trkpt lat="35.69897" lon="-78.51594">
        <ele>102.2</ele>
      </trkpt>
      <trkpt lat="35.69897" lon="-78.51591">
        <ele>101.9</ele>
      </trkpt>
      <trkpt lat="35.69899" lon="-78.51533">
        <ele>98.2</ele>
      </trkpt>
      <trkpt lat="35.699" lon="-78.515">
        <ele>97.0</ele>
      </trkpt>
      <trkpt lat="35.699" lon="-78.51468">
        <ele>96.3</ele>
      </trkpt>
      <trkpt lat="35.699" lon="-78.51467">
        <ele>96.2</ele>
      </trkpt>
      <trkpt lat="35.69901" lon="-78.51455">
        <ele>96.1</ele>
      </trkpt>
      <trkpt lat="35.69901" lon="-78.51362">
        <ele>94.9</ele>
      </trkpt>
      <trkpt lat="35.69901" lon="-78.51357">
        <ele>94.6</ele>
      </trkpt>
      <trkpt lat="35.69901" lon="-78.51334">
        <ele>94.0</ele>
      </trkpt>
      <trkpt lat="35.69901" lon="-78.5129">
        <ele>92.9</ele>
      </trkpt>
      <trkpt lat="35.69901" lon="-78.51269">
        <ele>92.6</ele>
      </trkpt>
      <trkpt lat="35.69901" lon="-78.51252">
        <ele>92.2</ele>
      </trkpt>
      <trkpt lat="35.69901" lon="-78.51227">
        <ele>92.0</ele>
      </trkpt>
      <trkpt lat="35.699" lon="-78.51202">
        <ele>91.9</ele>
      </trkpt>
      <trkpt lat="35.699" lon="-78.51174">
        <ele>92.1</ele>
      </trkpt>
      <trkpt lat="35.69902" lon="-78.51135">
        <ele>92.0</ele>
      </trkpt>
      <trkpt lat="35.69908" lon="-78.51103">
        <ele>92.0</ele>
      </trkpt>
      <trkpt lat="35.69908" lon="-78.51102">
        <ele>91.9</ele>
      </trkpt>
      <trkpt lat="35.69913" lon="-78.51085">
        <ele>92.0</ele>
      </trkpt>
      <trkpt lat="35.69922" lon="-78.51054">
        <ele>92.6</ele>
      </trkpt>
      <trkpt lat="35.69931" lon="-78.51031">
        <ele>92.9</ele>
      </trkpt>
      <trkpt lat="35.69939" lon="-78.51012">
        <ele>92.7</ele>
      </trkpt>
      <trkpt lat="35.69942" lon="-78.51006">
        <ele>92.7</ele>
      </trkpt>
      <trkpt lat="35.69942" lon="-78.51005">
        <ele>92.7</ele>
      </trkpt>
      <trkpt lat="35.69948" lon="-78.50992">
        <ele>92.4</ele>
      </trkpt>
      <trkpt lat="35.69974" lon="-78.50927">
        <ele>90.2</ele>
      </trkpt>
      <trkpt lat="35.69987" lon="-78.50895">
        <ele>89.9</ele>
      </trkpt>
      <trkpt lat="35.69995" lon="-78.50873">
        <ele>89.8</ele>
      </trkpt>
      <trkpt lat="35.69997" lon="-78.50867">
        <ele>89.8</ele>
      </trkpt>
      <trkpt lat="35.69998" lon="-78.50866">
        <ele>89.8</ele>
      </trkpt>
      <trkpt lat="35.70011" lon="-78.50829">
        <ele>89.8</ele>
      </trkpt>
      <trkpt lat="35.70029" lon="-78.50783">
        <ele>90.2</ele>
      </trkpt>
      <trkpt lat="35.70037" lon="-78.50768">
        <ele>89.9</ele>
      </trkpt>
      <trkpt lat="35.70044" lon="-78.50754">
        <ele>89.7</ele>
      </trkpt>
      <trkpt lat="35.70057" lon="-78.50728">
        <ele>89.0</ele>
      </trkpt>
      <trkpt lat="35.70085" lon="-78.50681">
        <ele>88.0</ele>
      </trkpt>
      <trkpt lat="35.70182" lon="-78.50517">
        <ele>84.5</ele>
      </trkpt>
      <trkpt lat="35.70201" lon="-78.50486">
        <ele>83.7</ele>
      </trkpt>
      <trkpt lat="35.70205" lon="-78.50479">
        <ele>83.8</ele>
      </trkpt>
      <trkpt lat="35.70229" lon="-78.50439">
        <ele>84.5</ele>
      </trkpt>
      <trkpt lat="35.70241" lon="-78.50417">
        <ele>85.0</ele>
      </trkpt>
      <trkpt lat="35.70252" lon="-78.50396">
        <ele>85.1</ele>
      </trkpt>
      <trkpt lat="35.70252" lon="-78.50396">
        <ele>85.1</ele>
      </trkpt>
      <trkpt lat="35.7026" lon="-78.50398">
        <ele>85.3</ele>
      </trkpt>
      <trkpt lat="35.7027" lon="-78.50398">
        <ele>85.4</ele>
      </trkpt>
      <trkpt lat="35.70273" lon="-78.50397">
        <ele>85.4</ele>
      </trkpt>
      <trkpt lat="35.70292" lon="-78.5039">
        <ele>85.2</ele>
      </trkpt>
      <trkpt lat="35.70314" lon="-78.50376">
        <ele>85.1</ele>
      </trkpt>
      <trkpt lat="35.7036" lon="-78.50341">
        <ele>85.1</ele>
      </trkpt>
      <trkpt lat="35.70364" lon="-78.50338">
        <ele>85.0</ele>
      </trkpt>
      <trkpt lat="35.70364" lon="-78.50338">
        <ele>85.0</ele>
      </trkpt>
      <trkpt lat="35.70399" lon="-78.50312">
        <ele>85.0</ele>
      </trkpt>
      <trkpt lat="35.70431" lon="-78.50288">
        <ele>85.1</ele>
      </trkpt>
      <trkpt lat="35.70506" lon="-78.50234">
        <ele>85.3</ele>
      </trkpt>
      <trkpt lat="35.70507" lon="-78.50233">
        <ele>85.4</ele>
      </trkpt>
      <trkpt lat="35.70508" lon="-78.50232">
        <ele>85.4</ele>
      </trkpt>
      <trkpt lat="35.70538" lon="-78.50209">
        <ele>85.3</ele>
      </trkpt>
      <trkpt lat="35.70568" lon="-78.50185">
        <ele>85.0</ele>
      </trkpt>
      <trkpt lat="35.70569" lon="-78.50185">
        <ele>85.0</ele>
      </trkpt>
      <trkpt lat="35.70575" lon="-78.5018">
        <ele>84.9</ele>
      </trkpt>
      <trkpt lat="35.70583" lon="-78.50173">
        <ele>84.8</ele>
      </trkpt>
      <trkpt lat="35.70627" lon="-78.50135">
        <ele>83.9</ele>
      </trkpt>
      <trkpt lat="35.70642" lon="-78.50122">
        <ele>83.5</ele>
      </trkpt>
      <trkpt lat="35.70643" lon="-78.50122">
        <ele>83.5</ele>
      </trkpt>
      <trkpt lat="35.70657" lon="-78.5011">
        <ele>82.9</ele>
      </trkpt>
      <trkpt lat="35.70694" lon="-78.50078">
        <ele>81.3</ele>
      </trkpt>
      <trkpt lat="35.7073" lon="-78.50046">
        <ele>80.0</ele>
      </trkpt>
      <trkpt lat="35.70731" lon="-78.50046">
        <ele>79.9</ele>
      </trkpt>
      <trkpt lat="35.70745" lon="-78.50034">
        <ele>79.6</ele>
      </trkpt>
      <trkpt lat="35.70746" lon="-78.50033">
        <ele>79.6</ele>
      </trkpt>
      <trkpt lat="35.70775" lon="-78.50008">
        <ele>79.1</ele>
      </trkpt>
      <trkpt lat="35.70789" lon="-78.49995">
        <ele>78.9</ele>
      </trkpt>
      <trkpt lat="35.7079" lon="-78.49995">
        <ele>78.9</ele>
      </trkpt>
      <trkpt lat="35.70804" lon="-78.49983">
        <ele>78.9</ele>
      </trkpt>
      <trkpt lat="35.70806" lon="-78.49981">
        <ele>79.0</ele>
      </trkpt>
      <trkpt lat="35.70831" lon="-78.49959">
        <ele>78.9</ele>
      </trkpt>
      <trkpt lat="35.70831" lon="-78.49959">
        <ele>78.9</ele>
      </trkpt>
      <trkpt lat="35.70833" lon="-78.49957">
        <ele>79.0</ele>
      </trkpt>
      <trkpt lat="35.70834" lon="-78.49956">
        <ele>79.0</ele>
      </trkpt>
      <trkpt lat="35.70848" lon="-78.49944">
        <ele>79.2</ele>
      </trkpt>
      <trkpt lat="35.70868" lon="-78.49927">
        <ele>79.4</ele>
      </trkpt>
      <trkpt lat="35.70902" lon="-78.49905">
        <ele>79.9</ele>
      </trkpt>
      <trkpt lat="35.70924" lon="-78.49896">
        <ele>80.2</ele>
      </trkpt>
      <trkpt lat="35.70946" lon="-78.49891">
        <ele>80.2</ele>
      </trkpt>
      <trkpt lat="35.71017" lon="-78.49882">
        <ele>80.8</ele>
      </trkpt>
      <trkpt lat="35.71018" lon="-78.49882">
        <ele>80.8</ele>
      </trkpt>
      <trkpt lat="35.71036" lon="-78.4988">
        <ele>80.8</ele>
      </trkpt>
      <trkpt lat="35.71063" lon="-78.49876">
        <ele>80.3</ele>
      </trkpt>
      <trkpt lat="35.71114" lon="-78.49872">
        <ele>79.6</ele>
      </trkpt>
      <trkpt lat="35.71156" lon="-78.49867">
        <ele>79.3</ele>
      </trkpt>
      <trkpt lat="35.71198" lon="-78.49863">
        <ele>78.8</ele>
      </trkpt>
      <trkpt lat="35.71215" lon="-78.49861">
        <ele>78.7</ele>
      </trkpt>
      <trkpt lat="35.71226" lon="-78.4986">
        <ele>78.5</ele>
      </trkpt>
      <trkpt lat="35.71233" lon="-78.49859">
        <ele>78.5</ele>
      </trkpt>
      <trkpt lat="35.71261" lon="-78.49856">
        <ele>77.9</ele>
      </trkpt>
      <trkpt lat="35.71295" lon="-78.49852">
        <ele>77.5</ele>
      </trkpt>
      <trkpt lat="35.7131" lon="-78.4985">
        <ele>77.4</ele>
      </trkpt>
      <trkpt lat="35.71335" lon="-78.49847">
        <ele>77.3</ele>
      </trkpt>
      <trkpt lat="35.71358" lon="-78.49844">
        <ele>77.1</ele>
      </trkpt>
      <trkpt lat="35.71363" lon="-78.49844">
        <ele>77.2</ele>
      </trkpt>
      <trkpt lat="35.71369" lon="-78.49843">
        <ele>77.0</ele>
      </trkpt>
      <trkpt lat="35.71376" lon="-78.49843">
        <ele>76.8</ele>
      </trkpt>
      <trkpt lat="35.71386" lon="-78.49842">
        <ele>76.6</ele>
      </trkpt>
      <trkpt lat="35.71398" lon="-78.49842">
        <ele>76.0</ele>
      </trkpt>
      <trkpt lat="35.71404" lon="-78.49842">
        <ele>75.9</ele>
      </trkpt>
      <trkpt lat="35.71408" lon="-78.49842">
        <ele>75.8</ele>
      </trkpt>
      <trkpt lat="35.71412" lon="-78.49842">
        <ele>75.6</ele>
      </trkpt>
      <trkpt lat="35.71414" lon="-78.49842">
        <ele>75.5</ele>
      </trkpt>
      <trkpt lat="35.71421" lon="-78.49843">
        <ele>75.1</ele>
      </trkpt>
      <trkpt lat="35.71441" lon="-78.49846">
        <ele>73.9</ele>
      </trkpt>
      <trkpt lat="35.71458" lon="-78.49848">
        <ele>73.3</ele>
      </trkpt>
      <trkpt lat="35.71464" lon="-78.49849">
        <ele>73.2</ele>
      </trkpt>
      <trkpt lat="35.71471" lon="-78.4985">
        <ele>73.2</ele>
      </trkpt>
      <trkpt lat="35.71484" lon="-78.4985">
        <ele>73.0</ele>
      </trkpt>
      <trkpt lat="35.71485" lon="-78.4985">
        <ele>73.0</ele>
      </trkpt>
      <trkpt lat="35.71489" lon="-78.4985">
        <ele>72.9</ele>
      </trkpt>
      <trkpt lat="35.71492" lon="-78.49849">
        <ele>72.8</ele>
      </trkpt>
      <trkpt lat="35.715" lon="-78.49848">
        <ele>72.8</ele>
      </trkpt>
      <trkpt lat="35.71511" lon="-78.49845">
        <ele>72.3</ele>
      </trkpt>
      <trkpt lat="35.71519" lon="-78.49843">
        <ele>71.5</ele>
      </trkpt>
      <trkpt lat="35.71519" lon="-78.49843">
        <ele>71.5</ele>
      </trkpt>
      <trkpt lat="35.7152" lon="-78.49857">
        <ele>71.6</ele>
      </trkpt>
      <trkpt lat="35.71523" lon="-78.49894">
        <ele>71.8</ele>
      </trkpt>
      <trkpt lat="35.71525" lon="-78.4992">
        <ele>70.8</ele>
      </trkpt>
      <trkpt lat="35.71525" lon="-78.49931">
        <ele>70.6</ele>
      </trkpt>
      <trkpt lat="35.71525" lon="-78.49933">
        <ele>70.6</ele>
      </trkpt>
      <trkpt lat="35.71526" lon="-78.49943">
        <ele>70.6</ele>
      </trkpt>
      <trkpt lat="35.71527" lon="-78.49975">
        <ele>71.5</ele>
      </trkpt>
      <trkpt lat="35.7153" lon="-78.50016">
        <ele>72.8</ele>
      </trkpt>
      <trkpt lat="35.7153" lon="-78.50019">
        <ele>72.7</ele>
      </trkpt>
      <trkpt lat="35.7153" lon="-78.50031">
        <ele>72.7</ele>
      </trkpt>
      <trkpt lat="35.71531" lon="-78.50049">
        <ele>72.5</ele>
      </trkpt>
      <trkpt lat="35.71532" lon="-78.50064">
        <ele>72.8</ele>
      </trkpt>
      <trkpt lat="35.71533" lon="-78.50077">
        <ele>72.9</ele>
      </trkpt>
      <trkpt lat="35.71533" lon="-78.50078">
        <ele>72.9</ele>
      </trkpt>
      <trkpt lat="35.71533" lon="-78.50091">
        <ele>72.7</ele>
      </trkpt>
      <trkpt lat="35.71534" lon="-78.501">
        <ele>72.5</ele>
      </trkpt>
      <trkpt lat="35.71534" lon="-78.50108">
        <ele>72.3</ele>
      </trkpt>
      <trkpt lat="35.71534" lon="-78.5011">
        <ele>72.3</ele>
      </trkpt>
      <trkpt lat="35.71536" lon="-78.50164">
        <ele>70.2</ele>
      </trkpt>
      <trkpt lat="35.71536" lon="-78.50164">
        <ele>70.2</ele>
      </trkpt>
      <trkpt lat="35.71536" lon="-78.50165">
        <ele>70.2</ele>
      </trkpt>
      <trkpt lat="35.71537" lon="-78.50196">
        <ele>69.6</ele>
      </trkpt>
      <trkpt lat="35.71537" lon="-78.50211">
        <ele>69.1</ele>
      </trkpt>
      <trkpt lat="35.71538" lon="-78.50258">
        <ele>68.4</ele>
      </trkpt>
      <trkpt lat="35.71539" lon="-78.50312">
        <ele>68.0</ele>
      </trkpt>
      <trkpt lat="35.71539" lon="-78.50321">
        <ele>67.9</ele>
      </trkpt>
      <trkpt lat="35.71539" lon="-78.50321">
        <ele>67.9</ele>
      </trkpt>
      <trkpt lat="35.71574" lon="-78.50318">
        <ele>70.9</ele>
      </trkpt>
      <trkpt lat="35.71575" lon="-78.50318">
        <ele>71.0</ele>
      </trkpt>
      <trkpt lat="35.71577" lon="-78.50318">
        <ele>71.0</ele>
      </trkpt>
      <trkpt lat="35.71579" lon="-78.50317">
        <ele>71.1</ele>
      </trkpt>
      <trkpt lat="35.71584" lon="-78.50316">
        <ele>71.2</ele>
      </trkpt>
      <trkpt lat="35.71589" lon="-78.50315">
        <ele>71.0</ele>
      </trkpt>
      <trkpt lat="35.71609" lon="-78.50307">
        <ele>69.6</ele>
      </trkpt>
      <trkpt lat="35.7161" lon="-78.50307">
        <ele>69.4</ele>
      </trkpt>
      <trkpt lat="35.71616" lon="-78.50305">
        <ele>68.9</ele>
      </trkpt>
      <trkpt lat="35.71618" lon="-78.50304">
        <ele>68.8</ele>
      </trkpt>
      <trkpt lat="35.71622" lon="-78.50303">
        <ele>68.5</ele>
      </trkpt>
      <trkpt lat="35.71626" lon="-78.50301">
        <ele>68.4</ele>
      </trkpt>
      <trkpt lat="35.71635" lon="-78.50298">
        <ele>68.0</ele>
      </trkpt>
      <trkpt lat="35.71642" lon="-78.50296">
        <ele>67.7</ele>
      </trkpt>
      <trkpt lat="35.71645" lon="-78.50296">
        <ele>67.5</ele>
      </trkpt>
      <trkpt lat="35.71651" lon="-78.50295">
        <ele>67.1</ele>
      </trkpt>
      <trkpt lat="35.71657" lon="-78.50295">
        <ele>66.7</ele>
      </trkpt>
      <trkpt lat="35.71667" lon="-78.50296">
        <ele>66.2</ele>
      </trkpt>
      <trkpt lat="35.71693" lon="-78.50302">
        <ele>64.2</ele>
      </trkpt>
      <trkpt lat="35.71697" lon="-78.50303">
        <ele>64.0</ele>
      </trkpt>
      <trkpt lat="35.717" lon="-78.50304">
        <ele>63.9</ele>
      </trkpt>
    </trkseg>
  </trk>
</gpx>
